ISO-10303-21;
HEADER;
/* Generated by software containing ST-Developer
 * from STEP Tools, Inc. (www.steptools.com) 
 */

FILE_DESCRIPTION(
/* description */ (''),
/* implementation_level */ '2;1');

FILE_NAME(
/* name */ 'Assembly.step',
/* time_stamp */ '2026-03-29T20:24:51+03:00',
/* author */ (''),
/* organization */ (''),
/* preprocessor_version */ 'ST-DEVELOPER v20.1',
/* originating_system */ 'Autodesk Translation Framework v14.24.0.0',
/* authorisation */ '');

FILE_SCHEMA (('AUTOMOTIVE_DESIGN { 1 0 10303 214 3 1 1 }'));
ENDSEC;

DATA;
#10=MECHANICAL_DESIGN_GEOMETRIC_PRESENTATION_REPRESENTATION('',(#77,#78,
#79,#80,#81,#82,#83,#84),#6343);
#11=ITEM_DEFINED_TRANSFORMATION($,$,#3601,#3936);
#12=ITEM_DEFINED_TRANSFORMATION($,$,#3689,#3937);
#13=ITEM_DEFINED_TRANSFORMATION($,$,#3875,#3938);
#14=(
REPRESENTATION_RELATIONSHIP($,$,#6360,#6359)
REPRESENTATION_RELATIONSHIP_WITH_TRANSFORMATION(#11)
SHAPE_REPRESENTATION_RELATIONSHIP()
);
#15=(
REPRESENTATION_RELATIONSHIP($,$,#6361,#6359)
REPRESENTATION_RELATIONSHIP_WITH_TRANSFORMATION(#12)
SHAPE_REPRESENTATION_RELATIONSHIP()
);
#16=(
REPRESENTATION_RELATIONSHIP($,$,#6362,#6359)
REPRESENTATION_RELATIONSHIP_WITH_TRANSFORMATION(#13)
SHAPE_REPRESENTATION_RELATIONSHIP()
);
#17=CONTEXT_DEPENDENT_SHAPE_REPRESENTATION(#14,#6356);
#18=CONTEXT_DEPENDENT_SHAPE_REPRESENTATION(#15,#6357);
#19=CONTEXT_DEPENDENT_SHAPE_REPRESENTATION(#16,#6358);
#20=NEXT_ASSEMBLY_USAGE_OCCURRENCE('28BYJ-48 v1:1','28BYJ-48 v1:1',
'28BYJ-48 v1:1',#6364,#6365,'28BYJ-48 v1:1');
#21=NEXT_ASSEMBLY_USAGE_OCCURRENCE('Part1 v2:1','Part1 v2:1',
'Part1 v2:1',#6364,#6366,'Part1 v2:1');
#22=NEXT_ASSEMBLY_USAGE_OCCURRENCE('Part2 v1:1','Part2 v1:1',
'Part2 v1:1',#6364,#6367,'Part2 v1:1');
#23=CONICAL_SURFACE('',#3735,2.1,0.785398163397449);
#24=CONICAL_SURFACE('',#3745,2.1,0.785398163397449);
#25=CONICAL_SURFACE('',#3876,3.4,0.785398163397448);
#26=CONICAL_SURFACE('',#3879,0.35,0.785398163397448);
#27=CONICAL_SURFACE('',#3882,3.4,0.785398163397448);
#28=CONICAL_SURFACE('',#3885,0.35,0.785398163397448);
#29=CONICAL_SURFACE('',#3888,3.4,0.785398163397448);
#30=CONICAL_SURFACE('',#3891,0.35,0.785398163397448);
#31=CONICAL_SURFACE('',#3894,3.4,0.785398163397448);
#32=CONICAL_SURFACE('',#3897,0.35,0.785398163397448);
#33=(
BOUNDED_CURVE()
B_SPLINE_CURVE(5,(#5377,#5378,#5379,#5380,#5381,#5382,#5383,#5384,#5385,
#5386),.UNSPECIFIED.,.F.,.F.)
B_SPLINE_CURVE_WITH_KNOTS((6,1,1,1,1,6),(0.0080476457915546,0.2,0.4,0.6,
0.8,1.),.UNSPECIFIED.)
CURVE()
GEOMETRIC_REPRESENTATION_ITEM()
RATIONAL_B_SPLINE_CURVE((1.,1.,1.,1.,1.,1.,1.,1.,1.,1.))
REPRESENTATION_ITEM('')
);
#34=(
BOUNDED_CURVE()
B_SPLINE_CURVE(5,(#5389,#5390,#5391,#5392,#5393,#5394,#5395,#5396,#5397,
#5398),.UNSPECIFIED.,.F.,.F.)
B_SPLINE_CURVE_WITH_KNOTS((6,1,1,1,1,6),(-0.905880399911992,-0.8,-0.6,-0.4,
-0.2,-0.0080476457915546),.UNSPECIFIED.)
CURVE()
GEOMETRIC_REPRESENTATION_ITEM()
RATIONAL_B_SPLINE_CURVE((1.,1.,1.,1.,1.,1.,1.,1.,1.,1.))
REPRESENTATION_ITEM('')
);
#35=(
BOUNDED_CURVE()
B_SPLINE_CURVE(5,(#5424,#5425,#5426,#5427,#5428,#5429,#5430,#5431,#5432,
#5433),.UNSPECIFIED.,.F.,.F.)
B_SPLINE_CURVE_WITH_KNOTS((6,1,1,1,1,6),(0.097754220617989,0.2,0.4,0.6,
0.8,0.931558748568216),.UNSPECIFIED.)
CURVE()
GEOMETRIC_REPRESENTATION_ITEM()
RATIONAL_B_SPLINE_CURVE((1.,1.,1.,1.,1.,1.,1.,1.,1.,1.))
REPRESENTATION_ITEM('')
);
#36=(
BOUNDED_CURVE()
B_SPLINE_CURVE(5,(#5436,#5437,#5438,#5439,#5440,#5441,#5442,#5443,#5444,
#5445),.UNSPECIFIED.,.F.,.F.)
B_SPLINE_CURVE_WITH_KNOTS((6,1,1,1,1,6),(-1.,-0.8,-0.6,-0.4,-0.2,-0.097754220617989),
 .UNSPECIFIED.)
CURVE()
GEOMETRIC_REPRESENTATION_ITEM()
RATIONAL_B_SPLINE_CURVE((1.,1.,1.,1.,1.,1.,1.,1.,1.,1.))
REPRESENTATION_ITEM('')
);
#37=(
BOUNDED_CURVE()
B_SPLINE_CURVE(5,(#5465,#5466,#5467,#5468,#5469,#5470,#5471,#5472,#5473,
#5474),.UNSPECIFIED.,.F.,.F.)
B_SPLINE_CURVE_WITH_KNOTS((6,1,1,1,1,6),(-0.900057178952622,-0.8,-0.6,-0.4,
-0.2,-0.094427844314321),.UNSPECIFIED.)
CURVE()
GEOMETRIC_REPRESENTATION_ITEM()
RATIONAL_B_SPLINE_CURVE((1.,1.,1.,1.,1.,1.,1.,1.,1.,1.))
REPRESENTATION_ITEM('')
);
#38=(
BOUNDED_CURVE()
B_SPLINE_CURVE(5,(#5488,#5489,#5490,#5491,#5492,#5493,#5494,#5495,#5496,
#5497),.UNSPECIFIED.,.F.,.F.)
B_SPLINE_CURVE_WITH_KNOTS((6,1,1,1,1,6),(0.00502536465163352,0.2,0.4,0.6,
0.8,0.879961610488437),.UNSPECIFIED.)
CURVE()
GEOMETRIC_REPRESENTATION_ITEM()
RATIONAL_B_SPLINE_CURVE((1.,1.,1.,1.,1.,1.,1.,1.,1.,1.))
REPRESENTATION_ITEM('')
);
#39=(
BOUNDED_CURVE()
B_SPLINE_CURVE(5,(#5514,#5515,#5516,#5517,#5518,#5519,#5520,#5521,#5522,
#5523),.UNSPECIFIED.,.F.,.F.)
B_SPLINE_CURVE_WITH_KNOTS((6,1,1,1,1,6),(0.106542784167055,0.2,0.4,0.6,
0.8,1.),.UNSPECIFIED.)
CURVE()
GEOMETRIC_REPRESENTATION_ITEM()
RATIONAL_B_SPLINE_CURVE((1.,1.,1.,1.,1.,1.,1.,1.,1.,1.))
REPRESENTATION_ITEM('')
);
#40=(
BOUNDED_CURVE()
B_SPLINE_CURVE(5,(#5527,#5528,#5529,#5530,#5531,#5532,#5533,#5534,#5535,
#5536),.UNSPECIFIED.,.F.,.F.)
B_SPLINE_CURVE_WITH_KNOTS((6,1,1,1,1,6),(-1.,-0.8,-0.6,-0.4,-0.2,-0.105534403415729),
 .UNSPECIFIED.)
CURVE()
GEOMETRIC_REPRESENTATION_ITEM()
RATIONAL_B_SPLINE_CURVE((1.,1.,1.,1.,1.,1.,1.,1.,1.,1.))
REPRESENTATION_ITEM('')
);
#41=(
BOUNDED_CURVE()
B_SPLINE_CURVE(5,(#5540,#5541,#5542,#5543,#5544,#5545,#5546,#5547,#5548,
#5549),.UNSPECIFIED.,.F.,.F.)
B_SPLINE_CURVE_WITH_KNOTS((6,1,1,1,1,6),(0.105534403415729,0.2,0.4,0.6,
0.8,1.),.UNSPECIFIED.)
CURVE()
GEOMETRIC_REPRESENTATION_ITEM()
RATIONAL_B_SPLINE_CURVE((1.,1.,1.,1.,1.,1.,1.,1.,1.,1.))
REPRESENTATION_ITEM('')
);
#42=(
BOUNDED_CURVE()
B_SPLINE_CURVE(5,(#5553,#5554,#5555,#5556,#5557,#5558,#5559,#5560,#5561,
#5562),.UNSPECIFIED.,.F.,.F.)
B_SPLINE_CURVE_WITH_KNOTS((6,1,1,1,1,6),(-1.,-0.8,-0.6,-0.4,-0.2,-0.106542784167055),
 .UNSPECIFIED.)
CURVE()
GEOMETRIC_REPRESENTATION_ITEM()
RATIONAL_B_SPLINE_CURVE((1.,1.,1.,1.,1.,1.,1.,1.,1.,1.))
REPRESENTATION_ITEM('')
);
#43=(
BOUNDED_CURVE()
B_SPLINE_CURVE(5,(#5839,#5840,#5841,#5842,#5843,#5844,#5845,#5846,#5847,
#5848),.UNSPECIFIED.,.F.,.F.)
B_SPLINE_CURVE_WITH_KNOTS((6,1,1,1,1,6),(-1.,-0.8,-0.6,-0.4,-0.2,-0.105534403415729),
 .UNSPECIFIED.)
CURVE()
GEOMETRIC_REPRESENTATION_ITEM()
RATIONAL_B_SPLINE_CURVE((1.,1.,1.,1.,1.,1.,1.,1.,1.,1.))
REPRESENTATION_ITEM('')
);
#44=(
BOUNDED_CURVE()
B_SPLINE_CURVE(5,(#5875,#5876,#5877,#5878,#5879,#5880,#5881,#5882,#5883,
#5884),.UNSPECIFIED.,.F.,.F.)
B_SPLINE_CURVE_WITH_KNOTS((6,1,1,1,1,6),(0.106542784167055,0.2,0.4,0.6,
0.8,1.),.UNSPECIFIED.)
CURVE()
GEOMETRIC_REPRESENTATION_ITEM()
RATIONAL_B_SPLINE_CURVE((1.,1.,1.,1.,1.,1.,1.,1.,1.,1.))
REPRESENTATION_ITEM('')
);
#45=(
BOUNDED_CURVE()
B_SPLINE_CURVE(5,(#5959,#5960,#5961,#5962,#5963,#5964,#5965,#5966,#5967,
#5968),.UNSPECIFIED.,.F.,.F.)
B_SPLINE_CURVE_WITH_KNOTS((6,1,1,1,1,6),(-1.,-0.8,-0.6,-0.4,-0.2,-0.106542784167055),
 .UNSPECIFIED.)
CURVE()
GEOMETRIC_REPRESENTATION_ITEM()
RATIONAL_B_SPLINE_CURVE((1.,1.,1.,1.,1.,1.,1.,1.,1.,1.))
REPRESENTATION_ITEM('')
);
#46=(
BOUNDED_CURVE()
B_SPLINE_CURVE(5,(#5994,#5995,#5996,#5997,#5998,#5999,#6000,#6001,#6002,
#6003),.UNSPECIFIED.,.F.,.F.)
B_SPLINE_CURVE_WITH_KNOTS((6,1,1,1,1,6),(0.105534403415729,0.2,0.4,0.6,
0.8,1.),.UNSPECIFIED.)
CURVE()
GEOMETRIC_REPRESENTATION_ITEM()
RATIONAL_B_SPLINE_CURVE((1.,1.,1.,1.,1.,1.,1.,1.,1.,1.))
REPRESENTATION_ITEM('')
);
#47=(
BOUNDED_CURVE()
B_SPLINE_CURVE(5,(#6064,#6065,#6066,#6067,#6068,#6069,#6070,#6071,#6072,
#6073),.UNSPECIFIED.,.F.,.F.)
B_SPLINE_CURVE_WITH_KNOTS((6,1,1,1,1,6),(-0.996415606243191,-0.8,-0.6,-0.4,
-0.2,-0.00502536465163352),.UNSPECIFIED.)
CURVE()
GEOMETRIC_REPRESENTATION_ITEM()
RATIONAL_B_SPLINE_CURVE((1.,1.,1.,1.,1.,1.,1.,1.,1.,1.))
REPRESENTATION_ITEM('')
);
#48=(
BOUNDED_CURVE()
B_SPLINE_CURVE(5,(#6097,#6098,#6099,#6100,#6101,#6102,#6103,#6104,#6105,
#6106),.UNSPECIFIED.,.F.,.F.)
B_SPLINE_CURVE_WITH_KNOTS((6,1,1,1,1,6),(0.094427844314321,0.2,0.4,0.6,
0.8,1.),.UNSPECIFIED.)
CURVE()
GEOMETRIC_REPRESENTATION_ITEM()
RATIONAL_B_SPLINE_CURVE((1.,1.,1.,1.,1.,1.,1.,1.,1.,1.))
REPRESENTATION_ITEM('')
);
#49=(
BOUNDED_SURFACE()
B_SPLINE_SURFACE(5,1,((#5354,#5355),(#5356,#5357),(#5358,#5359),(#5360,
#5361),(#5362,#5363),(#5364,#5365),(#5366,#5367),(#5368,#5369),(#5370,#5371),
(#5372,#5373)),.UNSPECIFIED.,.F.,.F.,.F.)
B_SPLINE_SURFACE_WITH_KNOTS((6,1,1,1,1,6),(2,2),(0.0080476457915546,0.2,
0.4,0.6,0.8,1.),(0.,0.8),.UNSPECIFIED.)
GEOMETRIC_REPRESENTATION_ITEM()
RATIONAL_B_SPLINE_SURFACE(((1.,1.),(1.,1.),(1.,1.),(1.,1.),(1.,1.),(1.,
1.),(1.,1.),(1.,1.),(1.,1.),(1.,1.)))
REPRESENTATION_ITEM('')
SURFACE()
);
#50=(
BOUNDED_SURFACE()
B_SPLINE_SURFACE(5,1,((#5403,#5404),(#5405,#5406),(#5407,#5408),(#5409,
#5410),(#5411,#5412),(#5413,#5414),(#5415,#5416),(#5417,#5418),(#5419,#5420),
(#5421,#5422)),.UNSPECIFIED.,.F.,.F.,.F.)
B_SPLINE_SURFACE_WITH_KNOTS((6,1,1,1,1,6),(2,2),(-1.,-0.8,-0.6,-0.4,-0.2,
-0.097754220617989),(0.,0.8),.UNSPECIFIED.)
GEOMETRIC_REPRESENTATION_ITEM()
RATIONAL_B_SPLINE_SURFACE(((1.,1.),(1.,1.),(1.,1.),(1.,1.),(1.,1.),(1.,
1.),(1.,1.),(1.,1.),(1.,1.),(1.,1.)))
REPRESENTATION_ITEM('')
SURFACE()
);
#51=(
BOUNDED_SURFACE()
B_SPLINE_SURFACE(5,1,((#5818,#5819),(#5820,#5821),(#5822,#5823),(#5824,
#5825),(#5826,#5827),(#5828,#5829),(#5830,#5831),(#5832,#5833),(#5834,#5835),
(#5836,#5837)),.UNSPECIFIED.,.F.,.F.,.F.)
B_SPLINE_SURFACE_WITH_KNOTS((6,1,1,1,1,6),(2,2),(-1.,-0.8,-0.6,-0.4,-0.2,
-0.105534403415729),(0.,0.8),.UNSPECIFIED.)
GEOMETRIC_REPRESENTATION_ITEM()
RATIONAL_B_SPLINE_SURFACE(((1.,1.),(1.,1.),(1.,1.),(1.,1.),(1.,1.),(1.,
1.),(1.,1.),(1.,1.),(1.,1.),(1.,1.)))
REPRESENTATION_ITEM('')
SURFACE()
);
#52=(
BOUNDED_SURFACE()
B_SPLINE_SURFACE(5,1,((#5854,#5855),(#5856,#5857),(#5858,#5859),(#5860,
#5861),(#5862,#5863),(#5864,#5865),(#5866,#5867),(#5868,#5869),(#5870,#5871),
(#5872,#5873)),.UNSPECIFIED.,.F.,.F.,.F.)
B_SPLINE_SURFACE_WITH_KNOTS((6,1,1,1,1,6),(2,2),(0.106542784167055,0.2,
0.4,0.6,0.8,1.),(0.,0.8),.UNSPECIFIED.)
GEOMETRIC_REPRESENTATION_ITEM()
RATIONAL_B_SPLINE_SURFACE(((1.,1.),(1.,1.),(1.,1.),(1.,1.),(1.,1.),(1.,
1.),(1.,1.),(1.,1.),(1.,1.),(1.,1.)))
REPRESENTATION_ITEM('')
SURFACE()
);
#53=(
BOUNDED_SURFACE()
B_SPLINE_SURFACE(5,1,((#5938,#5939),(#5940,#5941),(#5942,#5943),(#5944,
#5945),(#5946,#5947),(#5948,#5949),(#5950,#5951),(#5952,#5953),(#5954,#5955),
(#5956,#5957)),.UNSPECIFIED.,.F.,.F.,.F.)
B_SPLINE_SURFACE_WITH_KNOTS((6,1,1,1,1,6),(2,2),(-1.,-0.8,-0.6,-0.4,-0.2,
-0.106542784167055),(0.,0.8),.UNSPECIFIED.)
GEOMETRIC_REPRESENTATION_ITEM()
RATIONAL_B_SPLINE_SURFACE(((1.,1.),(1.,1.),(1.,1.),(1.,1.),(1.,1.),(1.,
1.),(1.,1.),(1.,1.),(1.,1.),(1.,1.)))
REPRESENTATION_ITEM('')
SURFACE()
);
#54=(
BOUNDED_SURFACE()
B_SPLINE_SURFACE(5,1,((#5974,#5975),(#5976,#5977),(#5978,#5979),(#5980,
#5981),(#5982,#5983),(#5984,#5985),(#5986,#5987),(#5988,#5989),(#5990,#5991),
(#5992,#5993)),.UNSPECIFIED.,.F.,.F.,.F.)
B_SPLINE_SURFACE_WITH_KNOTS((6,1,1,1,1,6),(2,2),(0.105534403415729,0.2,
0.4,0.6,0.8,1.),(0.,0.8),.UNSPECIFIED.)
GEOMETRIC_REPRESENTATION_ITEM()
RATIONAL_B_SPLINE_SURFACE(((1.,1.),(1.,1.),(1.,1.),(1.,1.),(1.,1.),(1.,
1.),(1.,1.),(1.,1.),(1.,1.),(1.,1.)))
REPRESENTATION_ITEM('')
SURFACE()
);
#55=(
BOUNDED_SURFACE()
B_SPLINE_SURFACE(5,1,((#6042,#6043),(#6044,#6045),(#6046,#6047),(#6048,
#6049),(#6050,#6051),(#6052,#6053),(#6054,#6055),(#6056,#6057),(#6058,#6059),
(#6060,#6061)),.UNSPECIFIED.,.F.,.F.,.F.)
B_SPLINE_SURFACE_WITH_KNOTS((6,1,1,1,1,6),(2,2),(-0.996415606243191,-0.8,
-0.6,-0.4,-0.2,-0.00502536465163352),(0.,0.8),.UNSPECIFIED.)
GEOMETRIC_REPRESENTATION_ITEM()
RATIONAL_B_SPLINE_SURFACE(((1.,1.),(1.,1.),(1.,1.),(1.,1.),(1.,1.),(1.,
1.),(1.,1.),(1.,1.),(1.,1.),(1.,1.)))
REPRESENTATION_ITEM('')
SURFACE()
);
#56=(
BOUNDED_SURFACE()
B_SPLINE_SURFACE(5,1,((#6076,#6077),(#6078,#6079),(#6080,#6081),(#6082,
#6083),(#6084,#6085),(#6086,#6087),(#6088,#6089),(#6090,#6091),(#6092,#6093),
(#6094,#6095)),.UNSPECIFIED.,.F.,.F.,.F.)
B_SPLINE_SURFACE_WITH_KNOTS((6,1,1,1,1,6),(2,2),(0.094427844314321,0.2,
0.4,0.6,0.8,1.),(0.,0.8),.UNSPECIFIED.)
GEOMETRIC_REPRESENTATION_ITEM()
RATIONAL_B_SPLINE_SURFACE(((1.,1.),(1.,1.),(1.,1.),(1.,1.),(1.,1.),(1.,
1.),(1.,1.),(1.,1.),(1.,1.),(1.,1.)))
REPRESENTATION_ITEM('')
SURFACE()
);
#57=B_SPLINE_CURVE_WITH_KNOTS('',3,(#5330,#5331,#5332,#5333,#5334,#5335,
#5336),.UNSPECIFIED.,.F.,.F.,(4,3,4),(-0.182961865008379,-0.0693806063071082,
0.),.UNSPECIFIED.);
#58=B_SPLINE_CURVE_WITH_KNOTS('',3,(#5344,#5345,#5346,#5347,#5348,#5349,
#5350),.UNSPECIFIED.,.F.,.F.,(4,3,4),(-0.109492263346468,-0.0148501042848361,
0.),.UNSPECIFIED.);
#59=B_SPLINE_CURVE_WITH_KNOTS('',3,(#5582,#5583,#5584,#5585,#5586,#5587,
#5588),.UNSPECIFIED.,.F.,.F.,(4,3,4),(-0.157389020758081,-0.0774456334932988,
0.),.UNSPECIFIED.);
#60=B_SPLINE_CURVE_WITH_KNOTS('',3,(#5610,#5611,#5612,#5613,#5614,#5615,
#5616,#5617,#5618,#5619),.UNSPECIFIED.,.F.,.F.,(4,3,3,4),(-0.223306156001027,
-0.117861487552188,-0.0172341889916381,0.),.UNSPECIFIED.);
#61=B_SPLINE_CURVE_WITH_KNOTS('',3,(#6173,#6174,#6175,#6176),
 .UNSPECIFIED.,.F.,.F.,(4,4),(0.,0.0315687141215874),.UNSPECIFIED.);
#62=B_SPLINE_CURVE_WITH_KNOTS('',3,(#6179,#6180,#6181,#6182),
 .UNSPECIFIED.,.F.,.F.,(4,4),(0.,0.0315687141215873),.UNSPECIFIED.);
#63=B_SPLINE_CURVE_WITH_KNOTS('',3,(#6187,#6188,#6189,#6190),
 .UNSPECIFIED.,.F.,.F.,(4,4),(0.,0.0315687141215871),.UNSPECIFIED.);
#64=B_SPLINE_CURVE_WITH_KNOTS('',3,(#6196,#6197,#6198,#6199),
 .UNSPECIFIED.,.F.,.F.,(4,4),(0.,0.0315687141215877),.UNSPECIFIED.);
#65=B_SPLINE_CURVE_WITH_KNOTS('',3,(#6205,#6206,#6207,#6208),
 .UNSPECIFIED.,.F.,.F.,(4,4),(0.,0.0315687141215875),.UNSPECIFIED.);
#66=B_SPLINE_CURVE_WITH_KNOTS('',3,(#6214,#6215,#6216,#6217),
 .UNSPECIFIED.,.F.,.F.,(4,4),(0.,0.031568714121586),.UNSPECIFIED.);
#67=B_SPLINE_CURVE_WITH_KNOTS('',3,(#6224,#6225,#6226,#6227),
 .UNSPECIFIED.,.F.,.F.,(4,4),(0.,0.031568714121587),.UNSPECIFIED.);
#68=B_SPLINE_CURVE_WITH_KNOTS('',3,(#6233,#6234,#6235,#6236),
 .UNSPECIFIED.,.F.,.F.,(4,4),(0.,0.0315687141215876),.UNSPECIFIED.);
#69=SHAPE_REPRESENTATION_RELATIONSHIP('SRR','None',#6360,#73);
#70=SHAPE_REPRESENTATION_RELATIONSHIP('SRR','None',#6361,#74);
#71=SHAPE_REPRESENTATION_RELATIONSHIP('SRR','None',#6362,#75);
#72=SHAPE_REPRESENTATION_RELATIONSHIP('SRR','None',#6359,#76);
#73=ADVANCED_BREP_SHAPE_REPRESENTATION('',(#85,#86,#87,#88,#89),#6340);
#74=ADVANCED_BREP_SHAPE_REPRESENTATION('',(#90),#6341);
#75=ADVANCED_BREP_SHAPE_REPRESENTATION('',(#91),#6342);
#76=ADVANCED_BREP_SHAPE_REPRESENTATION('',(#92),#6339);
#77=STYLED_ITEM('',(#6385),#85);
#78=STYLED_ITEM('',(#6386),#86);
#79=STYLED_ITEM('',(#6387),#87);
#80=STYLED_ITEM('',(#6387),#88);
#81=STYLED_ITEM('',(#6387),#89);
#82=STYLED_ITEM('',(#6383),#90);
#83=STYLED_ITEM('',(#6383),#91);
#84=STYLED_ITEM('',(#6384),#92);
#85=MANIFOLD_SOLID_BREP('Body1',#3558);
#86=MANIFOLD_SOLID_BREP('Body2',#3559);
#87=MANIFOLD_SOLID_BREP('Body3',#3560);
#88=MANIFOLD_SOLID_BREP('Body4',#3561);
#89=MANIFOLD_SOLID_BREP('Body5',#3562);
#90=MANIFOLD_SOLID_BREP('Body1',#3563);
#91=MANIFOLD_SOLID_BREP('Body1',#3564);
#92=MANIFOLD_SOLID_BREP('Body1',#3565);
#93=FACE_BOUND('',#501,.T.);
#94=FACE_BOUND('',#507,.T.);
#95=FACE_BOUND('',#512,.T.);
#96=FACE_BOUND('',#513,.T.);
#97=FACE_BOUND('',#514,.T.);
#98=FACE_BOUND('',#535,.T.);
#99=FACE_BOUND('',#568,.T.);
#100=FACE_BOUND('',#578,.T.);
#101=FACE_BOUND('',#579,.T.);
#102=FACE_BOUND('',#580,.T.);
#103=FACE_BOUND('',#581,.T.);
#104=FACE_BOUND('',#582,.T.);
#105=FACE_BOUND('',#583,.T.);
#106=FACE_BOUND('',#600,.T.);
#107=FACE_BOUND('',#628,.T.);
#108=FACE_BOUND('',#631,.T.);
#109=FACE_BOUND('',#654,.T.);
#110=FACE_BOUND('',#700,.T.);
#111=CYLINDRICAL_SURFACE('',#3607,2.);
#112=CYLINDRICAL_SURFACE('',#3611,3.5);
#113=CYLINDRICAL_SURFACE('',#3618,2.);
#114=CYLINDRICAL_SURFACE('',#3622,3.5);
#115=CYLINDRICAL_SURFACE('',#3628,4.5);
#116=CYLINDRICAL_SURFACE('',#3632,14.);
#117=CYLINDRICAL_SURFACE('',#3645,2.5);
#118=CYLINDRICAL_SURFACE('',#3659,14.);
#119=CYLINDRICAL_SURFACE('',#3673,14.);
#120=CYLINDRICAL_SURFACE('',#3682,14.);
#121=CYLINDRICAL_SURFACE('',#3690,1.5);
#122=CYLINDRICAL_SURFACE('',#3693,1.5);
#123=CYLINDRICAL_SURFACE('',#3701,20.7725886755156);
#124=CYLINDRICAL_SURFACE('',#3743,1.5);
#125=CYLINDRICAL_SURFACE('',#3747,1.5);
#126=CYLINDRICAL_SURFACE('',#3750,19.5091432806829);
#127=CYLINDRICAL_SURFACE('',#3753,20.5091432806783);
#128=CYLINDRICAL_SURFACE('',#3769,0.450663923838773);
#129=CYLINDRICAL_SURFACE('',#3774,0.452673532562757);
#130=CYLINDRICAL_SURFACE('',#3787,3.);
#131=CYLINDRICAL_SURFACE('',#3801,3.);
#132=CYLINDRICAL_SURFACE('',#3804,3.);
#133=CYLINDRICAL_SURFACE('',#3813,3.);
#134=CYLINDRICAL_SURFACE('',#3818,0.446958498868787);
#135=CYLINDRICAL_SURFACE('',#3823,0.454852373432636);
#136=CYLINDRICAL_SURFACE('',#3826,0.454852373432636);
#137=CYLINDRICAL_SURFACE('',#3830,0.484619827468405);
#138=CYLINDRICAL_SURFACE('',#3833,0.484619827468405);
#139=CYLINDRICAL_SURFACE('',#3849,0.434777162376126);
#140=CYLINDRICAL_SURFACE('',#3853,0.437820432494819);
#141=CYLINDRICAL_SURFACE('',#3857,4.5);
#142=CYLINDRICAL_SURFACE('',#3872,20.7448208635212);
#143=CYLINDRICAL_SURFACE('',#3900,0.25);
#144=CYLINDRICAL_SURFACE('',#3902,3.5);
#145=CYLINDRICAL_SURFACE('',#3904,0.25);
#146=CYLINDRICAL_SURFACE('',#3906,3.5);
#147=CYLINDRICAL_SURFACE('',#3919,2.5);
#148=CYLINDRICAL_SURFACE('',#3921,0.25);
#149=CYLINDRICAL_SURFACE('',#3923,3.5);
#150=CYLINDRICAL_SURFACE('',#3925,0.25);
#151=CYLINDRICAL_SURFACE('',#3927,3.5);
#152=CIRCLE('',#3606,14.);
#153=CIRCLE('',#3608,2.);
#154=CIRCLE('',#3609,2.);
#155=CIRCLE('',#3612,3.5);
#156=CIRCLE('',#3613,3.5);
#157=CIRCLE('',#3616,14.);
#158=CIRCLE('',#3617,14.);
#159=CIRCLE('',#3619,2.);
#160=CIRCLE('',#3620,2.);
#161=CIRCLE('',#3623,3.5);
#162=CIRCLE('',#3624,3.5);
#163=CIRCLE('',#3627,14.);
#164=CIRCLE('',#3629,4.5);
#165=CIRCLE('',#3630,4.5);
#166=CIRCLE('',#3633,14.);
#167=CIRCLE('',#3634,14.);
#168=CIRCLE('',#3635,14.);
#169=CIRCLE('',#3636,14.);
#170=CIRCLE('',#3641,2.5);
#171=CIRCLE('',#3644,2.5);
#172=CIRCLE('',#3646,2.5);
#173=CIRCLE('',#3647,2.5);
#174=CIRCLE('',#3648,2.5);
#175=CIRCLE('',#3649,2.5);
#176=CIRCLE('',#3653,14.);
#177=CIRCLE('',#3658,14.);
#178=CIRCLE('',#3660,14.);
#179=CIRCLE('',#3661,14.);
#180=CIRCLE('',#3662,14.);
#181=CIRCLE('',#3663,14.);
#182=CIRCLE('',#3674,14.);
#183=CIRCLE('',#3675,14.);
#184=CIRCLE('',#3683,14.);
#185=CIRCLE('',#3684,14.);
#186=CIRCLE('',#3691,1.5);
#187=CIRCLE('',#3692,1.5);
#188=CIRCLE('',#3694,1.5);
#189=CIRCLE('',#3695,1.5);
#190=CIRCLE('',#3702,20.7725886755156);
#191=CIRCLE('',#3703,20.7725886755156);
#192=CIRCLE('',#3704,20.7725886755156);
#193=CIRCLE('',#3705,20.7725886755156);
#194=CIRCLE('',#3706,20.7725886755156);
#195=CIRCLE('',#3707,20.7725886755156);
#196=CIRCLE('',#3708,20.7725886755156);
#197=CIRCLE('',#3709,20.7725886755156);
#198=CIRCLE('',#3710,20.7725886755156);
#199=CIRCLE('',#3711,20.7725886755156);
#200=CIRCLE('',#3712,20.7725886755156);
#201=CIRCLE('',#3719,0.437820432494819);
#202=CIRCLE('',#3720,20.5091432806783);
#203=CIRCLE('',#3721,19.5091432806829);
#204=CIRCLE('',#3722,20.5091432806783);
#205=CIRCLE('',#3723,0.434777162376126);
#206=CIRCLE('',#3725,3.);
#207=CIRCLE('',#3726,3.);
#208=CIRCLE('',#3727,4.5);
#209=CIRCLE('',#3736,1.5);
#210=CIRCLE('',#3737,2.7);
#211=CIRCLE('',#3739,2.7);
#212=CIRCLE('',#3740,3.);
#213=CIRCLE('',#3741,20.7448208635212);
#214=CIRCLE('',#3742,4.5);
#215=CIRCLE('',#3744,1.5);
#216=CIRCLE('',#3746,1.5);
#217=CIRCLE('',#3748,1.5);
#218=CIRCLE('',#3751,19.5091432806829);
#219=CIRCLE('',#3754,20.5091432806783);
#220=CIRCLE('',#3755,20.5091432806783);
#221=CIRCLE('',#3756,20.5091432806783);
#222=CIRCLE('',#3757,20.5091432806783);
#223=CIRCLE('',#3758,20.5091432806783);
#224=CIRCLE('',#3759,20.5091432806783);
#225=CIRCLE('',#3760,20.5091432806783);
#226=CIRCLE('',#3761,20.5091432806783);
#227=CIRCLE('',#3762,20.5091432806783);
#228=CIRCLE('',#3763,20.5091432806783);
#229=CIRCLE('',#3764,20.5091432806783);
#230=CIRCLE('',#3765,20.5091432806783);
#231=CIRCLE('',#3766,20.5091432806783);
#232=CIRCLE('',#3767,20.5091432806783);
#233=CIRCLE('',#3770,0.450663923838773);
#234=CIRCLE('',#3771,0.450663923838773);
#235=CIRCLE('',#3772,0.450663923838773);
#236=CIRCLE('',#3775,0.452673532562757);
#237=CIRCLE('',#3776,0.452673532562757);
#238=CIRCLE('',#3777,0.452673532562757);
#239=CIRCLE('',#3788,3.);
#240=CIRCLE('',#3789,3.);
#241=CIRCLE('',#3802,3.);
#242=CIRCLE('',#3803,3.);
#243=CIRCLE('',#3805,3.);
#244=CIRCLE('',#3806,3.);
#245=CIRCLE('',#3807,3.);
#246=CIRCLE('',#3814,3.);
#247=CIRCLE('',#3815,3.);
#248=CIRCLE('',#3816,3.);
#249=CIRCLE('',#3819,0.446958498868787);
#250=CIRCLE('',#3820,0.446958498868787);
#251=CIRCLE('',#3821,0.446958498868787);
#252=CIRCLE('',#3824,0.454852373432636);
#253=CIRCLE('',#3825,0.454852373432636);
#254=CIRCLE('',#3827,0.454852373432636);
#255=CIRCLE('',#3828,0.454852373432636);
#256=CIRCLE('',#3831,0.484619827468405);
#257=CIRCLE('',#3832,0.484619827468405);
#258=CIRCLE('',#3834,0.484619827468405);
#259=CIRCLE('',#3835,0.484619827468405);
#260=CIRCLE('',#3850,0.434777162376126);
#261=CIRCLE('',#3851,0.434777162376126);
#262=CIRCLE('',#3854,0.437820432494819);
#263=CIRCLE('',#3855,0.437820432494819);
#264=CIRCLE('',#3873,20.7448208635212);
#265=CIRCLE('',#3877,3.3);
#266=CIRCLE('',#3878,3.5);
#267=CIRCLE('',#3880,0.45);
#268=CIRCLE('',#3881,0.25);
#269=CIRCLE('',#3883,3.3);
#270=CIRCLE('',#3884,3.5);
#271=CIRCLE('',#3886,0.45);
#272=CIRCLE('',#3887,0.25);
#273=CIRCLE('',#3889,3.3);
#274=CIRCLE('',#3890,3.5);
#275=CIRCLE('',#3892,0.25);
#276=CIRCLE('',#3893,0.45);
#277=CIRCLE('',#3895,3.5);
#278=CIRCLE('',#3896,3.3);
#279=CIRCLE('',#3898,0.25);
#280=CIRCLE('',#3899,0.45);
#281=CIRCLE('',#3901,0.25);
#282=CIRCLE('',#3903,3.5);
#283=CIRCLE('',#3905,0.25);
#284=CIRCLE('',#3907,3.5);
#285=CIRCLE('',#3912,2.5);
#286=CIRCLE('',#3913,2.5);
#287=CIRCLE('',#3914,2.5);
#288=CIRCLE('',#3916,2.5);
#289=CIRCLE('',#3918,2.5);
#290=CIRCLE('',#3920,2.5);
#291=CIRCLE('',#3922,0.25);
#292=CIRCLE('',#3924,3.5);
#293=CIRCLE('',#3926,0.25);
#294=CIRCLE('',#3928,3.5);
#295=FACE_OUTER_BOUND('',#492,.T.);
#296=FACE_OUTER_BOUND('',#493,.T.);
#297=FACE_OUTER_BOUND('',#494,.T.);
#298=FACE_OUTER_BOUND('',#495,.T.);
#299=FACE_OUTER_BOUND('',#496,.T.);
#300=FACE_OUTER_BOUND('',#497,.T.);
#301=FACE_OUTER_BOUND('',#498,.T.);
#302=FACE_OUTER_BOUND('',#499,.T.);
#303=FACE_OUTER_BOUND('',#500,.T.);
#304=FACE_OUTER_BOUND('',#502,.T.);
#305=FACE_OUTER_BOUND('',#503,.T.);
#306=FACE_OUTER_BOUND('',#504,.T.);
#307=FACE_OUTER_BOUND('',#505,.T.);
#308=FACE_OUTER_BOUND('',#506,.T.);
#309=FACE_OUTER_BOUND('',#508,.T.);
#310=FACE_OUTER_BOUND('',#509,.T.);
#311=FACE_OUTER_BOUND('',#510,.T.);
#312=FACE_OUTER_BOUND('',#511,.T.);
#313=FACE_OUTER_BOUND('',#515,.T.);
#314=FACE_OUTER_BOUND('',#516,.T.);
#315=FACE_OUTER_BOUND('',#517,.T.);
#316=FACE_OUTER_BOUND('',#518,.T.);
#317=FACE_OUTER_BOUND('',#519,.T.);
#318=FACE_OUTER_BOUND('',#520,.T.);
#319=FACE_OUTER_BOUND('',#521,.T.);
#320=FACE_OUTER_BOUND('',#522,.T.);
#321=FACE_OUTER_BOUND('',#523,.T.);
#322=FACE_OUTER_BOUND('',#524,.T.);
#323=FACE_OUTER_BOUND('',#525,.T.);
#324=FACE_OUTER_BOUND('',#526,.T.);
#325=FACE_OUTER_BOUND('',#527,.T.);
#326=FACE_OUTER_BOUND('',#528,.T.);
#327=FACE_OUTER_BOUND('',#529,.T.);
#328=FACE_OUTER_BOUND('',#530,.T.);
#329=FACE_OUTER_BOUND('',#531,.T.);
#330=FACE_OUTER_BOUND('',#532,.T.);
#331=FACE_OUTER_BOUND('',#533,.T.);
#332=FACE_OUTER_BOUND('',#534,.T.);
#333=FACE_OUTER_BOUND('',#536,.T.);
#334=FACE_OUTER_BOUND('',#537,.T.);
#335=FACE_OUTER_BOUND('',#538,.T.);
#336=FACE_OUTER_BOUND('',#539,.T.);
#337=FACE_OUTER_BOUND('',#540,.T.);
#338=FACE_OUTER_BOUND('',#541,.T.);
#339=FACE_OUTER_BOUND('',#542,.T.);
#340=FACE_OUTER_BOUND('',#543,.T.);
#341=FACE_OUTER_BOUND('',#544,.T.);
#342=FACE_OUTER_BOUND('',#545,.T.);
#343=FACE_OUTER_BOUND('',#546,.T.);
#344=FACE_OUTER_BOUND('',#547,.T.);
#345=FACE_OUTER_BOUND('',#548,.T.);
#346=FACE_OUTER_BOUND('',#549,.T.);
#347=FACE_OUTER_BOUND('',#550,.T.);
#348=FACE_OUTER_BOUND('',#551,.T.);
#349=FACE_OUTER_BOUND('',#552,.T.);
#350=FACE_OUTER_BOUND('',#553,.T.);
#351=FACE_OUTER_BOUND('',#554,.T.);
#352=FACE_OUTER_BOUND('',#555,.T.);
#353=FACE_OUTER_BOUND('',#556,.T.);
#354=FACE_OUTER_BOUND('',#557,.T.);
#355=FACE_OUTER_BOUND('',#558,.T.);
#356=FACE_OUTER_BOUND('',#559,.T.);
#357=FACE_OUTER_BOUND('',#560,.T.);
#358=FACE_OUTER_BOUND('',#561,.T.);
#359=FACE_OUTER_BOUND('',#562,.T.);
#360=FACE_OUTER_BOUND('',#563,.T.);
#361=FACE_OUTER_BOUND('',#564,.T.);
#362=FACE_OUTER_BOUND('',#565,.T.);
#363=FACE_OUTER_BOUND('',#566,.T.);
#364=FACE_OUTER_BOUND('',#567,.T.);
#365=FACE_OUTER_BOUND('',#569,.T.);
#366=FACE_OUTER_BOUND('',#570,.T.);
#367=FACE_OUTER_BOUND('',#571,.T.);
#368=FACE_OUTER_BOUND('',#572,.T.);
#369=FACE_OUTER_BOUND('',#573,.T.);
#370=FACE_OUTER_BOUND('',#574,.T.);
#371=FACE_OUTER_BOUND('',#575,.T.);
#372=FACE_OUTER_BOUND('',#576,.T.);
#373=FACE_OUTER_BOUND('',#577,.T.);
#374=FACE_OUTER_BOUND('',#584,.T.);
#375=FACE_OUTER_BOUND('',#585,.T.);
#376=FACE_OUTER_BOUND('',#586,.T.);
#377=FACE_OUTER_BOUND('',#587,.T.);
#378=FACE_OUTER_BOUND('',#588,.T.);
#379=FACE_OUTER_BOUND('',#589,.T.);
#380=FACE_OUTER_BOUND('',#590,.T.);
#381=FACE_OUTER_BOUND('',#591,.T.);
#382=FACE_OUTER_BOUND('',#592,.T.);
#383=FACE_OUTER_BOUND('',#593,.T.);
#384=FACE_OUTER_BOUND('',#594,.T.);
#385=FACE_OUTER_BOUND('',#595,.T.);
#386=FACE_OUTER_BOUND('',#596,.T.);
#387=FACE_OUTER_BOUND('',#597,.T.);
#388=FACE_OUTER_BOUND('',#598,.T.);
#389=FACE_OUTER_BOUND('',#599,.T.);
#390=FACE_OUTER_BOUND('',#601,.T.);
#391=FACE_OUTER_BOUND('',#602,.T.);
#392=FACE_OUTER_BOUND('',#603,.T.);
#393=FACE_OUTER_BOUND('',#604,.T.);
#394=FACE_OUTER_BOUND('',#605,.T.);
#395=FACE_OUTER_BOUND('',#606,.T.);
#396=FACE_OUTER_BOUND('',#607,.T.);
#397=FACE_OUTER_BOUND('',#608,.T.);
#398=FACE_OUTER_BOUND('',#609,.T.);
#399=FACE_OUTER_BOUND('',#610,.T.);
#400=FACE_OUTER_BOUND('',#611,.T.);
#401=FACE_OUTER_BOUND('',#612,.T.);
#402=FACE_OUTER_BOUND('',#613,.T.);
#403=FACE_OUTER_BOUND('',#614,.T.);
#404=FACE_OUTER_BOUND('',#615,.T.);
#405=FACE_OUTER_BOUND('',#616,.T.);
#406=FACE_OUTER_BOUND('',#617,.T.);
#407=FACE_OUTER_BOUND('',#618,.T.);
#408=FACE_OUTER_BOUND('',#619,.T.);
#409=FACE_OUTER_BOUND('',#620,.T.);
#410=FACE_OUTER_BOUND('',#621,.T.);
#411=FACE_OUTER_BOUND('',#622,.T.);
#412=FACE_OUTER_BOUND('',#623,.T.);
#413=FACE_OUTER_BOUND('',#624,.T.);
#414=FACE_OUTER_BOUND('',#625,.T.);
#415=FACE_OUTER_BOUND('',#626,.T.);
#416=FACE_OUTER_BOUND('',#627,.T.);
#417=FACE_OUTER_BOUND('',#629,.T.);
#418=FACE_OUTER_BOUND('',#630,.T.);
#419=FACE_OUTER_BOUND('',#632,.T.);
#420=FACE_OUTER_BOUND('',#633,.T.);
#421=FACE_OUTER_BOUND('',#634,.T.);
#422=FACE_OUTER_BOUND('',#635,.T.);
#423=FACE_OUTER_BOUND('',#636,.T.);
#424=FACE_OUTER_BOUND('',#637,.T.);
#425=FACE_OUTER_BOUND('',#638,.T.);
#426=FACE_OUTER_BOUND('',#639,.T.);
#427=FACE_OUTER_BOUND('',#640,.T.);
#428=FACE_OUTER_BOUND('',#641,.T.);
#429=FACE_OUTER_BOUND('',#642,.T.);
#430=FACE_OUTER_BOUND('',#643,.T.);
#431=FACE_OUTER_BOUND('',#644,.T.);
#432=FACE_OUTER_BOUND('',#645,.T.);
#433=FACE_OUTER_BOUND('',#646,.T.);
#434=FACE_OUTER_BOUND('',#647,.T.);
#435=FACE_OUTER_BOUND('',#648,.T.);
#436=FACE_OUTER_BOUND('',#649,.T.);
#437=FACE_OUTER_BOUND('',#650,.T.);
#438=FACE_OUTER_BOUND('',#651,.T.);
#439=FACE_OUTER_BOUND('',#652,.T.);
#440=FACE_OUTER_BOUND('',#653,.T.);
#441=FACE_OUTER_BOUND('',#655,.T.);
#442=FACE_OUTER_BOUND('',#656,.T.);
#443=FACE_OUTER_BOUND('',#657,.T.);
#444=FACE_OUTER_BOUND('',#658,.T.);
#445=FACE_OUTER_BOUND('',#659,.T.);
#446=FACE_OUTER_BOUND('',#660,.T.);
#447=FACE_OUTER_BOUND('',#661,.T.);
#448=FACE_OUTER_BOUND('',#662,.T.);
#449=FACE_OUTER_BOUND('',#663,.T.);
#450=FACE_OUTER_BOUND('',#664,.T.);
#451=FACE_OUTER_BOUND('',#665,.T.);
#452=FACE_OUTER_BOUND('',#666,.T.);
#453=FACE_OUTER_BOUND('',#667,.T.);
#454=FACE_OUTER_BOUND('',#668,.T.);
#455=FACE_OUTER_BOUND('',#669,.T.);
#456=FACE_OUTER_BOUND('',#670,.T.);
#457=FACE_OUTER_BOUND('',#671,.T.);
#458=FACE_OUTER_BOUND('',#672,.T.);
#459=FACE_OUTER_BOUND('',#673,.T.);
#460=FACE_OUTER_BOUND('',#674,.T.);
#461=FACE_OUTER_BOUND('',#675,.T.);
#462=FACE_OUTER_BOUND('',#676,.T.);
#463=FACE_OUTER_BOUND('',#677,.T.);
#464=FACE_OUTER_BOUND('',#678,.T.);
#465=FACE_OUTER_BOUND('',#679,.T.);
#466=FACE_OUTER_BOUND('',#680,.T.);
#467=FACE_OUTER_BOUND('',#681,.T.);
#468=FACE_OUTER_BOUND('',#682,.T.);
#469=FACE_OUTER_BOUND('',#683,.T.);
#470=FACE_OUTER_BOUND('',#684,.T.);
#471=FACE_OUTER_BOUND('',#685,.T.);
#472=FACE_OUTER_BOUND('',#686,.T.);
#473=FACE_OUTER_BOUND('',#687,.T.);
#474=FACE_OUTER_BOUND('',#688,.T.);
#475=FACE_OUTER_BOUND('',#689,.T.);
#476=FACE_OUTER_BOUND('',#690,.T.);
#477=FACE_OUTER_BOUND('',#691,.T.);
#478=FACE_OUTER_BOUND('',#692,.T.);
#479=FACE_OUTER_BOUND('',#693,.T.);
#480=FACE_OUTER_BOUND('',#694,.T.);
#481=FACE_OUTER_BOUND('',#695,.T.);
#482=FACE_OUTER_BOUND('',#696,.T.);
#483=FACE_OUTER_BOUND('',#697,.T.);
#484=FACE_OUTER_BOUND('',#698,.T.);
#485=FACE_OUTER_BOUND('',#699,.T.);
#486=FACE_OUTER_BOUND('',#701,.T.);
#487=FACE_OUTER_BOUND('',#702,.T.);
#488=FACE_OUTER_BOUND('',#703,.T.);
#489=FACE_OUTER_BOUND('',#704,.T.);
#490=FACE_OUTER_BOUND('',#705,.T.);
#491=FACE_OUTER_BOUND('',#706,.T.);
#492=EDGE_LOOP('',(#2209,#2210,#2211,#2212));
#493=EDGE_LOOP('',(#2213,#2214,#2215,#2216));
#494=EDGE_LOOP('',(#2217,#2218,#2219,#2220));
#495=EDGE_LOOP('',(#2221,#2222,#2223,#2224));
#496=EDGE_LOOP('',(#2225,#2226,#2227,#2228));
#497=EDGE_LOOP('',(#2229,#2230,#2231,#2232));
#498=EDGE_LOOP('',(#2233,#2234,#2235,#2236));
#499=EDGE_LOOP('',(#2237,#2238,#2239,#2240));
#500=EDGE_LOOP('',(#2241,#2242,#2243,#2244,#2245));
#501=EDGE_LOOP('',(#2246));
#502=EDGE_LOOP('',(#2247,#2248,#2249,#2250));
#503=EDGE_LOOP('',(#2251,#2252,#2253,#2254));
#504=EDGE_LOOP('',(#2255,#2256,#2257,#2258));
#505=EDGE_LOOP('',(#2259,#2260,#2261,#2262));
#506=EDGE_LOOP('',(#2263,#2264,#2265,#2266));
#507=EDGE_LOOP('',(#2267));
#508=EDGE_LOOP('',(#2268,#2269,#2270,#2271));
#509=EDGE_LOOP('',(#2272));
#510=EDGE_LOOP('',(#2273,#2274,#2275,#2276,#2277,#2278,#2279,#2280,#2281,
#2282,#2283,#2284,#2285,#2286,#2287,#2288));
#511=EDGE_LOOP('',(#2289,#2290,#2291,#2292,#2293,#2294,#2295,#2296,#2297,
#2298,#2299,#2300));
#512=EDGE_LOOP('',(#2301));
#513=EDGE_LOOP('',(#2302));
#514=EDGE_LOOP('',(#2303));
#515=EDGE_LOOP('',(#2304));
#516=EDGE_LOOP('',(#2305,#2306,#2307,#2308));
#517=EDGE_LOOP('',(#2309,#2310));
#518=EDGE_LOOP('',(#2311,#2312,#2313,#2314));
#519=EDGE_LOOP('',(#2315,#2316));
#520=EDGE_LOOP('',(#2317,#2318,#2319,#2320,#2321,#2322,#2323,#2324,#2325,
#2326,#2327,#2328));
#521=EDGE_LOOP('',(#2329,#2330,#2331,#2332,#2333));
#522=EDGE_LOOP('',(#2334));
#523=EDGE_LOOP('',(#2335,#2336,#2337,#2338));
#524=EDGE_LOOP('',(#2339,#2340,#2341,#2342,#2343));
#525=EDGE_LOOP('',(#2344,#2345,#2346,#2347));
#526=EDGE_LOOP('',(#2348,#2349,#2350,#2351,#2352));
#527=EDGE_LOOP('',(#2353,#2354,#2355,#2356));
#528=EDGE_LOOP('',(#2357,#2358,#2359,#2360,#2361,#2362,#2363,#2364,#2365,
#2366,#2367,#2368));
#529=EDGE_LOOP('',(#2369,#2370,#2371,#2372));
#530=EDGE_LOOP('',(#2373,#2374,#2375,#2376,#2377,#2378));
#531=EDGE_LOOP('',(#2379,#2380,#2381,#2382));
#532=EDGE_LOOP('',(#2383,#2384,#2385,#2386));
#533=EDGE_LOOP('',(#2387,#2388,#2389,#2390));
#534=EDGE_LOOP('',(#2391,#2392,#2393,#2394));
#535=EDGE_LOOP('',(#2395,#2396,#2397,#2398));
#536=EDGE_LOOP('',(#2399,#2400,#2401,#2402));
#537=EDGE_LOOP('',(#2403,#2404,#2405,#2406,#2407,#2408,#2409,#2410));
#538=EDGE_LOOP('',(#2411,#2412,#2413,#2414));
#539=EDGE_LOOP('',(#2415,#2416,#2417,#2418));
#540=EDGE_LOOP('',(#2419,#2420,#2421,#2422));
#541=EDGE_LOOP('',(#2423,#2424,#2425,#2426));
#542=EDGE_LOOP('',(#2427,#2428,#2429,#2430));
#543=EDGE_LOOP('',(#2431,#2432,#2433,#2434));
#544=EDGE_LOOP('',(#2435,#2436,#2437,#2438));
#545=EDGE_LOOP('',(#2439,#2440,#2441,#2442));
#546=EDGE_LOOP('',(#2443,#2444,#2445,#2446));
#547=EDGE_LOOP('',(#2447,#2448,#2449,#2450));
#548=EDGE_LOOP('',(#2451,#2452,#2453,#2454));
#549=EDGE_LOOP('',(#2455,#2456,#2457,#2458));
#550=EDGE_LOOP('',(#2459,#2460,#2461,#2462));
#551=EDGE_LOOP('',(#2463,#2464,#2465,#2466));
#552=EDGE_LOOP('',(#2467,#2468,#2469,#2470));
#553=EDGE_LOOP('',(#2471,#2472,#2473,#2474,#2475));
#554=EDGE_LOOP('',(#2476,#2477,#2478,#2479));
#555=EDGE_LOOP('',(#2480,#2481,#2482,#2483,#2484));
#556=EDGE_LOOP('',(#2485,#2486,#2487,#2488,#2489,#2490));
#557=EDGE_LOOP('',(#2491,#2492,#2493,#2494,#2495));
#558=EDGE_LOOP('',(#2496,#2497,#2498,#2499,#2500,#2501,#2502,#2503,#2504,
#2505,#2506,#2507,#2508,#2509,#2510,#2511,#2512));
#559=EDGE_LOOP('',(#2513,#2514,#2515,#2516,#2517));
#560=EDGE_LOOP('',(#2518,#2519,#2520,#2521));
#561=EDGE_LOOP('',(#2522,#2523,#2524,#2525,#2526,#2527,#2528,#2529));
#562=EDGE_LOOP('',(#2530,#2531,#2532,#2533));
#563=EDGE_LOOP('',(#2534,#2535,#2536,#2537,#2538));
#564=EDGE_LOOP('',(#2539,#2540,#2541,#2542));
#565=EDGE_LOOP('',(#2543,#2544,#2545,#2546,#2547));
#566=EDGE_LOOP('',(#2548,#2549,#2550,#2551,#2552,#2553,#2554,#2555,#2556,
#2557,#2558,#2559,#2560,#2561,#2562,#2563,#2564,#2565,#2566,#2567,#2568,
#2569));
#567=EDGE_LOOP('',(#2570,#2571,#2572,#2573,#2574,#2575,#2576,#2577,#2578,
#2579,#2580,#2581,#2582,#2583,#2584,#2585,#2586,#2587,#2588,#2589,#2590,
#2591,#2592,#2593,#2594,#2595,#2596,#2597,#2598));
#568=EDGE_LOOP('',(#2599));
#569=EDGE_LOOP('',(#2600,#2601,#2602,#2603,#2604));
#570=EDGE_LOOP('',(#2605,#2606,#2607,#2608));
#571=EDGE_LOOP('',(#2609,#2610,#2611,#2612));
#572=EDGE_LOOP('',(#2613,#2614,#2615,#2616));
#573=EDGE_LOOP('',(#2617,#2618,#2619,#2620,#2621,#2622));
#574=EDGE_LOOP('',(#2623,#2624,#2625,#2626));
#575=EDGE_LOOP('',(#2627,#2628,#2629,#2630));
#576=EDGE_LOOP('',(#2631,#2632,#2633,#2634));
#577=EDGE_LOOP('',(#2635,#2636,#2637,#2638,#2639,#2640,#2641,#2642,#2643,
#2644,#2645,#2646,#2647,#2648,#2649,#2650,#2651,#2652,#2653,#2654));
#578=EDGE_LOOP('',(#2655));
#579=EDGE_LOOP('',(#2656));
#580=EDGE_LOOP('',(#2657));
#581=EDGE_LOOP('',(#2658,#2659,#2660));
#582=EDGE_LOOP('',(#2661));
#583=EDGE_LOOP('',(#2662));
#584=EDGE_LOOP('',(#2663,#2664,#2665,#2666));
#585=EDGE_LOOP('',(#2667,#2668,#2669,#2670));
#586=EDGE_LOOP('',(#2671,#2672,#2673,#2674));
#587=EDGE_LOOP('',(#2675,#2676,#2677,#2678));
#588=EDGE_LOOP('',(#2679,#2680,#2681,#2682));
#589=EDGE_LOOP('',(#2683,#2684,#2685,#2686));
#590=EDGE_LOOP('',(#2687,#2688,#2689,#2690,#2691,#2692,#2693,#2694,#2695,
#2696,#2697,#2698,#2699,#2700,#2701,#2702,#2703,#2704,#2705,#2706,#2707,
#2708,#2709,#2710,#2711,#2712,#2713,#2714,#2715,#2716,#2717,#2718));
#591=EDGE_LOOP('',(#2719,#2720,#2721,#2722));
#592=EDGE_LOOP('',(#2723,#2724,#2725,#2726,#2727));
#593=EDGE_LOOP('',(#2728,#2729));
#594=EDGE_LOOP('',(#2730,#2731,#2732,#2733,#2734));
#595=EDGE_LOOP('',(#2735,#2736));
#596=EDGE_LOOP('',(#2737,#2738,#2739,#2740));
#597=EDGE_LOOP('',(#2741,#2742,#2743,#2744));
#598=EDGE_LOOP('',(#2745,#2746,#2747,#2748,#2749));
#599=EDGE_LOOP('',(#2750,#2751,#2752,#2753));
#600=EDGE_LOOP('',(#2754));
#601=EDGE_LOOP('',(#2755,#2756,#2757,#2758,#2759,#2760));
#602=EDGE_LOOP('',(#2761,#2762,#2763,#2764));
#603=EDGE_LOOP('',(#2765,#2766,#2767,#2768));
#604=EDGE_LOOP('',(#2769,#2770,#2771,#2772,#2773,#2774));
#605=EDGE_LOOP('',(#2775,#2776,#2777,#2778));
#606=EDGE_LOOP('',(#2779,#2780,#2781,#2782));
#607=EDGE_LOOP('',(#2783,#2784,#2785,#2786));
#608=EDGE_LOOP('',(#2787,#2788,#2789,#2790));
#609=EDGE_LOOP('',(#2791,#2792,#2793,#2794));
#610=EDGE_LOOP('',(#2795,#2796,#2797,#2798));
#611=EDGE_LOOP('',(#2799,#2800,#2801,#2802));
#612=EDGE_LOOP('',(#2803,#2804,#2805,#2806));
#613=EDGE_LOOP('',(#2807,#2808,#2809,#2810));
#614=EDGE_LOOP('',(#2811,#2812,#2813,#2814));
#615=EDGE_LOOP('',(#2815,#2816,#2817,#2818));
#616=EDGE_LOOP('',(#2819,#2820,#2821,#2822));
#617=EDGE_LOOP('',(#2823,#2824,#2825,#2826));
#618=EDGE_LOOP('',(#2827,#2828,#2829,#2830,#2831,#2832));
#619=EDGE_LOOP('',(#2833,#2834,#2835,#2836,#2837,#2838));
#620=EDGE_LOOP('',(#2839,#2840,#2841,#2842,#2843,#2844));
#621=EDGE_LOOP('',(#2845,#2846,#2847,#2848));
#622=EDGE_LOOP('',(#2849,#2850,#2851,#2852));
#623=EDGE_LOOP('',(#2853,#2854,#2855,#2856));
#624=EDGE_LOOP('',(#2857,#2858,#2859,#2860));
#625=EDGE_LOOP('',(#2861,#2862,#2863,#2864));
#626=EDGE_LOOP('',(#2865,#2866,#2867,#2868));
#627=EDGE_LOOP('',(#2869,#2870,#2871,#2872,#2873,#2874,#2875,#2876,#2877,
#2878,#2879,#2880,#2881,#2882,#2883,#2884,#2885,#2886,#2887,#2888,#2889,
#2890,#2891,#2892,#2893));
#628=EDGE_LOOP('',(#2894));
#629=EDGE_LOOP('',(#2895,#2896,#2897,#2898,#2899,#2900));
#630=EDGE_LOOP('',(#2901,#2902));
#631=EDGE_LOOP('',(#2903));
#632=EDGE_LOOP('',(#2904,#2905,#2906,#2907,#2908));
#633=EDGE_LOOP('',(#2909,#2910));
#634=EDGE_LOOP('',(#2911,#2912,#2913,#2914));
#635=EDGE_LOOP('',(#2915,#2916,#2917,#2918));
#636=EDGE_LOOP('',(#2919,#2920,#2921,#2922));
#637=EDGE_LOOP('',(#2923,#2924,#2925,#2926));
#638=EDGE_LOOP('',(#2927,#2928,#2929,#2930));
#639=EDGE_LOOP('',(#2931,#2932,#2933,#2934));
#640=EDGE_LOOP('',(#2935,#2936,#2937,#2938));
#641=EDGE_LOOP('',(#2939,#2940,#2941,#2942));
#642=EDGE_LOOP('',(#2943,#2944,#2945,#2946));
#643=EDGE_LOOP('',(#2947,#2948,#2949,#2950));
#644=EDGE_LOOP('',(#2951,#2952,#2953,#2954,#2955));
#645=EDGE_LOOP('',(#2956,#2957,#2958,#2959,#2960));
#646=EDGE_LOOP('',(#2961,#2962,#2963,#2964,#2965));
#647=EDGE_LOOP('',(#2966,#2967,#2968,#2969));
#648=EDGE_LOOP('',(#2970,#2971,#2972,#2973));
#649=EDGE_LOOP('',(#2974,#2975,#2976,#2977));
#650=EDGE_LOOP('',(#2978,#2979,#2980,#2981));
#651=EDGE_LOOP('',(#2982,#2983,#2984,#2985));
#652=EDGE_LOOP('',(#2986,#2987,#2988,#2989));
#653=EDGE_LOOP('',(#2990,#2991,#2992,#2993,#2994,#2995,#2996,#2997,#2998,
#2999,#3000,#3001,#3002,#3003,#3004,#3005,#3006));
#654=EDGE_LOOP('',(#3007));
#655=EDGE_LOOP('',(#3008,#3009,#3010,#3011,#3012));
#656=EDGE_LOOP('',(#3013,#3014));
#657=EDGE_LOOP('',(#3015,#3016,#3017,#3018,#3019));
#658=EDGE_LOOP('',(#3020,#3021));
#659=EDGE_LOOP('',(#3022,#3023,#3024,#3025));
#660=EDGE_LOOP('',(#3026,#3027,#3028,#3029,#3030));
#661=EDGE_LOOP('',(#3031,#3032,#3033,#3034));
#662=EDGE_LOOP('',(#3035,#3036,#3037,#3038));
#663=EDGE_LOOP('',(#3039,#3040,#3041));
#664=EDGE_LOOP('',(#3042,#3043,#3044,#3045,#3046));
#665=EDGE_LOOP('',(#3047,#3048,#3049));
#666=EDGE_LOOP('',(#3050,#3051,#3052,#3053,#3054));
#667=EDGE_LOOP('',(#3055,#3056,#3057));
#668=EDGE_LOOP('',(#3058,#3059,#3060,#3061));
#669=EDGE_LOOP('',(#3062,#3063,#3064,#3065));
#670=EDGE_LOOP('',(#3066,#3067,#3068,#3069));
#671=EDGE_LOOP('',(#3070,#3071,#3072));
#672=EDGE_LOOP('',(#3073,#3074,#3075,#3076,#3077));
#673=EDGE_LOOP('',(#3078,#3079,#3080));
#674=EDGE_LOOP('',(#3081,#3082,#3083,#3084));
#675=EDGE_LOOP('',(#3085,#3086,#3087,#3088));
#676=EDGE_LOOP('',(#3089,#3090,#3091,#3092));
#677=EDGE_LOOP('',(#3093,#3094,#3095,#3096));
#678=EDGE_LOOP('',(#3097,#3098,#3099,#3100));
#679=EDGE_LOOP('',(#3101,#3102,#3103,#3104));
#680=EDGE_LOOP('',(#3105,#3106,#3107,#3108));
#681=EDGE_LOOP('',(#3109,#3110,#3111,#3112));
#682=EDGE_LOOP('',(#3113,#3114,#3115,#3116));
#683=EDGE_LOOP('',(#3117,#3118,#3119,#3120));
#684=EDGE_LOOP('',(#3121,#3122,#3123,#3124));
#685=EDGE_LOOP('',(#3125,#3126,#3127,#3128));
#686=EDGE_LOOP('',(#3129,#3130,#3131,#3132));
#687=EDGE_LOOP('',(#3133,#3134,#3135,#3136));
#688=EDGE_LOOP('',(#3137,#3138,#3139,#3140,#3141,#3142,#3143,#3144));
#689=EDGE_LOOP('',(#3145,#3146,#3147,#3148));
#690=EDGE_LOOP('',(#3149,#3150,#3151,#3152));
#691=EDGE_LOOP('',(#3153,#3154,#3155,#3156,#3157));
#692=EDGE_LOOP('',(#3158,#3159));
#693=EDGE_LOOP('',(#3160,#3161));
#694=EDGE_LOOP('',(#3162,#3163,#3164,#3165,#3166,#3167,#3168,#3169,#3170,
#3171,#3172,#3173));
#695=EDGE_LOOP('',(#3174,#3175,#3176,#3177));
#696=EDGE_LOOP('',(#3178,#3179,#3180,#3181));
#697=EDGE_LOOP('',(#3182,#3183,#3184,#3185));
#698=EDGE_LOOP('',(#3186,#3187,#3188,#3189));
#699=EDGE_LOOP('',(#3190,#3191,#3192,#3193,#3194,#3195,#3196,#3197));
#700=EDGE_LOOP('',(#3198));
#701=EDGE_LOOP('',(#3199,#3200,#3201,#3202));
#702=EDGE_LOOP('',(#3203,#3204,#3205,#3206));
#703=EDGE_LOOP('',(#3207,#3208,#3209,#3210));
#704=EDGE_LOOP('',(#3211,#3212,#3213,#3214));
#705=EDGE_LOOP('',(#3215,#3216,#3217,#3218));
#706=EDGE_LOOP('',(#3219,#3220,#3221,#3222));
#707=LINE('',#4958,#1043);
#708=LINE('',#4960,#1044);
#709=LINE('',#4962,#1045);
#710=LINE('',#4963,#1046);
#711=LINE('',#4966,#1047);
#712=LINE('',#4968,#1048);
#713=LINE('',#4969,#1049);
#714=LINE('',#4972,#1050);
#715=LINE('',#4974,#1051);
#716=LINE('',#4975,#1052);
#717=LINE('',#4982,#1053);
#718=LINE('',#4987,#1054);
#719=LINE('',#4989,#1055);
#720=LINE('',#4991,#1056);
#721=LINE('',#4992,#1057);
#722=LINE('',#4998,#1058);
#723=LINE('',#5001,#1059);
#724=LINE('',#5003,#1060);
#725=LINE('',#5004,#1061);
#726=LINE('',#5013,#1062);
#727=LINE('',#5018,#1063);
#728=LINE('',#5020,#1064);
#729=LINE('',#5022,#1065);
#730=LINE('',#5023,#1066);
#731=LINE('',#5029,#1067);
#732=LINE('',#5032,#1068);
#733=LINE('',#5034,#1069);
#734=LINE('',#5035,#1070);
#735=LINE('',#5042,#1071);
#736=LINE('',#5047,#1072);
#737=LINE('',#5057,#1073);
#738=LINE('',#5059,#1074);
#739=LINE('',#5061,#1075);
#740=LINE('',#5062,#1076);
#741=LINE('',#5068,#1077);
#742=LINE('',#5070,#1078);
#743=LINE('',#5072,#1079);
#744=LINE('',#5073,#1080);
#745=LINE('',#5082,#1081);
#746=LINE('',#5091,#1082);
#747=LINE('',#5093,#1083);
#748=LINE('',#5094,#1084);
#749=LINE('',#5097,#1085);
#750=LINE('',#5099,#1086);
#751=LINE('',#5101,#1087);
#752=LINE('',#5102,#1088);
#753=LINE('',#5105,#1089);
#754=LINE('',#5107,#1090);
#755=LINE('',#5108,#1091);
#756=LINE('',#5111,#1092);
#757=LINE('',#5112,#1093);
#758=LINE('',#5113,#1094);
#759=LINE('',#5118,#1095);
#760=LINE('',#5119,#1096);
#761=LINE('',#5124,#1097);
#762=LINE('',#5128,#1098);
#763=LINE('',#5132,#1099);
#764=LINE('',#5135,#1100);
#765=LINE('',#5138,#1101);
#766=LINE('',#5139,#1102);
#767=LINE('',#5142,#1103);
#768=LINE('',#5144,#1104);
#769=LINE('',#5145,#1105);
#770=LINE('',#5147,#1106);
#771=LINE('',#5148,#1107);
#772=LINE('',#5152,#1108);
#773=LINE('',#5154,#1109);
#774=LINE('',#5155,#1110);
#775=LINE('',#5158,#1111);
#776=LINE('',#5160,#1112);
#777=LINE('',#5161,#1113);
#778=LINE('',#5163,#1114);
#779=LINE('',#5164,#1115);
#780=LINE('',#5172,#1116);
#781=LINE('',#5175,#1117);
#782=LINE('',#5178,#1118);
#783=LINE('',#5180,#1119);
#784=LINE('',#5181,#1120);
#785=LINE('',#5184,#1121);
#786=LINE('',#5186,#1122);
#787=LINE('',#5187,#1123);
#788=LINE('',#5189,#1124);
#789=LINE('',#5190,#1125);
#790=LINE('',#5196,#1126);
#791=LINE('',#5198,#1127);
#792=LINE('',#5200,#1128);
#793=LINE('',#5201,#1129);
#794=LINE('',#5207,#1130);
#795=LINE('',#5210,#1131);
#796=LINE('',#5212,#1132);
#797=LINE('',#5213,#1133);
#798=LINE('',#5215,#1134);
#799=LINE('',#5216,#1135);
#800=LINE('',#5224,#1136);
#801=LINE('',#5230,#1137);
#802=LINE('',#5235,#1138);
#803=LINE('',#5237,#1139);
#804=LINE('',#5239,#1140);
#805=LINE('',#5241,#1141);
#806=LINE('',#5242,#1142);
#807=LINE('',#5245,#1143);
#808=LINE('',#5247,#1144);
#809=LINE('',#5248,#1145);
#810=LINE('',#5252,#1146);
#811=LINE('',#5254,#1147);
#812=LINE('',#5256,#1148);
#813=LINE('',#5258,#1149);
#814=LINE('',#5259,#1150);
#815=LINE('',#5262,#1151);
#816=LINE('',#5264,#1152);
#817=LINE('',#5266,#1153);
#818=LINE('',#5268,#1154);
#819=LINE('',#5269,#1155);
#820=LINE('',#5273,#1156);
#821=LINE('',#5275,#1157);
#822=LINE('',#5277,#1158);
#823=LINE('',#5279,#1159);
#824=LINE('',#5280,#1160);
#825=LINE('',#5288,#1161);
#826=LINE('',#5292,#1162);
#827=LINE('',#5298,#1163);
#828=LINE('',#5302,#1164);
#829=LINE('',#5313,#1165);
#830=LINE('',#5315,#1166);
#831=LINE('',#5317,#1167);
#832=LINE('',#5319,#1168);
#833=LINE('',#5320,#1169);
#834=LINE('',#5323,#1170);
#835=LINE('',#5325,#1171);
#836=LINE('',#5326,#1172);
#837=LINE('',#5337,#1173);
#838=LINE('',#5338,#1174);
#839=LINE('',#5340,#1175);
#840=LINE('',#5342,#1176);
#841=LINE('',#5351,#1177);
#842=LINE('',#5353,#1178);
#843=LINE('',#5375,#1179);
#844=LINE('',#5388,#1180);
#845=LINE('',#5401,#1181);
#846=LINE('',#5402,#1182);
#847=LINE('',#5435,#1183);
#848=LINE('',#5452,#1184);
#849=LINE('',#5456,#1185);
#850=LINE('',#5461,#1186);
#851=LINE('',#5463,#1187);
#852=LINE('',#5476,#1188);
#853=LINE('',#5478,#1189);
#854=LINE('',#5480,#1190);
#855=LINE('',#5482,#1191);
#856=LINE('',#5483,#1192);
#857=LINE('',#5486,#1193);
#858=LINE('',#5499,#1194);
#859=LINE('',#5500,#1195);
#860=LINE('',#5502,#1196);
#861=LINE('',#5504,#1197);
#862=LINE('',#5508,#1198);
#863=LINE('',#5510,#1199);
#864=LINE('',#5512,#1200);
#865=LINE('',#5525,#1201);
#866=LINE('',#5538,#1202);
#867=LINE('',#5551,#1203);
#868=LINE('',#5564,#1204);
#869=LINE('',#5566,#1205);
#870=LINE('',#5568,#1206);
#871=LINE('',#5570,#1207);
#872=LINE('',#5573,#1208);
#873=LINE('',#5579,#1209);
#874=LINE('',#5581,#1210);
#875=LINE('',#5589,#1211);
#876=LINE('',#5591,#1212);
#877=LINE('',#5594,#1213);
#878=LINE('',#5596,#1214);
#879=LINE('',#5597,#1215);
#880=LINE('',#5600,#1216);
#881=LINE('',#5601,#1217);
#882=LINE('',#5604,#1218);
#883=LINE('',#5606,#1219);
#884=LINE('',#5607,#1220);
#885=LINE('',#5621,#1221);
#886=LINE('',#5622,#1222);
#887=LINE('',#5624,#1223);
#888=LINE('',#5629,#1224);
#889=LINE('',#5632,#1225);
#890=LINE('',#5634,#1226);
#891=LINE('',#5636,#1227);
#892=LINE('',#5638,#1228);
#893=LINE('',#5640,#1229);
#894=LINE('',#5642,#1230);
#895=LINE('',#5644,#1231);
#896=LINE('',#5646,#1232);
#897=LINE('',#5648,#1233);
#898=LINE('',#5650,#1234);
#899=LINE('',#5651,#1235);
#900=LINE('',#5652,#1236);
#901=LINE('',#5657,#1237);
#902=LINE('',#5666,#1238);
#903=LINE('',#5670,#1239);
#904=LINE('',#5674,#1240);
#905=LINE('',#5677,#1241);
#906=LINE('',#5679,#1242);
#907=LINE('',#5680,#1243);
#908=LINE('',#5683,#1244);
#909=LINE('',#5687,#1245);
#910=LINE('',#5688,#1246);
#911=LINE('',#5692,#1247);
#912=LINE('',#5696,#1248);
#913=LINE('',#5700,#1249);
#914=LINE('',#5704,#1250);
#915=LINE('',#5708,#1251);
#916=LINE('',#5712,#1252);
#917=LINE('',#5716,#1253);
#918=LINE('',#5720,#1254);
#919=LINE('',#5724,#1255);
#920=LINE('',#5728,#1256);
#921=LINE('',#5732,#1257);
#922=LINE('',#5736,#1258);
#923=LINE('',#5740,#1259);
#924=LINE('',#5743,#1260);
#925=LINE('',#5757,#1261);
#926=LINE('',#5758,#1262);
#927=LINE('',#5761,#1263);
#928=LINE('',#5762,#1264);
#929=LINE('',#5764,#1265);
#930=LINE('',#5768,#1266);
#931=LINE('',#5770,#1267);
#932=LINE('',#5772,#1268);
#933=LINE('',#5774,#1269);
#934=LINE('',#5775,#1270);
#935=LINE('',#5778,#1271);
#936=LINE('',#5780,#1272);
#937=LINE('',#5781,#1273);
#938=LINE('',#5784,#1274);
#939=LINE('',#5786,#1275);
#940=LINE('',#5788,#1276);
#941=LINE('',#5789,#1277);
#942=LINE('',#5792,#1278);
#943=LINE('',#5794,#1279);
#944=LINE('',#5796,#1280);
#945=LINE('',#5798,#1281);
#946=LINE('',#5799,#1282);
#947=LINE('',#5802,#1283);
#948=LINE('',#5804,#1284);
#949=LINE('',#5807,#1285);
#950=LINE('',#5808,#1286);
#951=LINE('',#5810,#1287);
#952=LINE('',#5811,#1288);
#953=LINE('',#5814,#1289);
#954=LINE('',#5816,#1290);
#955=LINE('',#5817,#1291);
#956=LINE('',#5849,#1292);
#957=LINE('',#5852,#1293);
#958=LINE('',#5853,#1294);
#959=LINE('',#5885,#1295);
#960=LINE('',#5888,#1296);
#961=LINE('',#5889,#1297);
#962=LINE('',#5892,#1298);
#963=LINE('',#5893,#1299);
#964=LINE('',#5895,#1300);
#965=LINE('',#5898,#1301);
#966=LINE('',#5899,#1302);
#967=LINE('',#5902,#1303);
#968=LINE('',#5903,#1304);
#969=LINE('',#5906,#1305);
#970=LINE('',#5907,#1306);
#971=LINE('',#5910,#1307);
#972=LINE('',#5911,#1308);
#973=LINE('',#5912,#1309);
#974=LINE('',#5915,#1310);
#975=LINE('',#5917,#1311);
#976=LINE('',#5924,#1312);
#977=LINE('',#5928,#1313);
#978=LINE('',#5929,#1314);
#979=LINE('',#5932,#1315);
#980=LINE('',#5933,#1316);
#981=LINE('',#5936,#1317);
#982=LINE('',#5937,#1318);
#983=LINE('',#5969,#1319);
#984=LINE('',#5972,#1320);
#985=LINE('',#5973,#1321);
#986=LINE('',#6034,#1322);
#987=LINE('',#6036,#1323);
#988=LINE('',#6037,#1324);
#989=LINE('',#6040,#1325);
#990=LINE('',#6041,#1326);
#991=LINE('',#6063,#1327);
#992=LINE('',#6075,#1328);
#993=LINE('',#6107,#1329);
#994=LINE('',#6110,#1330);
#995=LINE('',#6111,#1331);
#996=LINE('',#6114,#1332);
#997=LINE('',#6115,#1333);
#998=LINE('',#6118,#1334);
#999=LINE('',#6119,#1335);
#1000=LINE('',#6122,#1336);
#1001=LINE('',#6123,#1337);
#1002=LINE('',#6125,#1338);
#1003=LINE('',#6127,#1339);
#1004=LINE('',#6138,#1340);
#1005=LINE('',#6141,#1341);
#1006=LINE('',#6142,#1342);
#1007=LINE('',#6143,#1343);
#1008=LINE('',#6149,#1344);
#1009=LINE('',#6150,#1345);
#1010=LINE('',#6151,#1346);
#1011=LINE('',#6154,#1347);
#1012=LINE('',#6160,#1348);
#1013=LINE('',#6162,#1349);
#1014=LINE('',#6242,#1350);
#1015=LINE('',#6245,#1351);
#1016=LINE('',#6248,#1352);
#1017=LINE('',#6252,#1353);
#1018=LINE('',#6256,#1354);
#1019=LINE('',#6262,#1355);
#1020=LINE('',#6264,#1356);
#1021=LINE('',#6266,#1357);
#1022=LINE('',#6267,#1358);
#1023=LINE('',#6271,#1359);
#1024=LINE('',#6273,#1360);
#1025=LINE('',#6275,#1361);
#1026=LINE('',#6276,#1362);
#1027=LINE('',#6289,#1363);
#1028=LINE('',#6292,#1364);
#1029=LINE('',#6296,#1365);
#1030=LINE('',#6300,#1366);
#1031=LINE('',#6308,#1367);
#1032=LINE('',#6310,#1368);
#1033=LINE('',#6312,#1369);
#1034=LINE('',#6313,#1370);
#1035=LINE('',#6317,#1371);
#1036=LINE('',#6319,#1372);
#1037=LINE('',#6321,#1373);
#1038=LINE('',#6322,#1374);
#1039=LINE('',#6324,#1375);
#1040=LINE('',#6325,#1376);
#1041=LINE('',#6327,#1377);
#1042=LINE('',#6329,#1378);
#1043=VECTOR('',#3945,10.);
#1044=VECTOR('',#3946,10.);
#1045=VECTOR('',#3947,10.);
#1046=VECTOR('',#3948,10.);
#1047=VECTOR('',#3951,10.);
#1048=VECTOR('',#3952,10.);
#1049=VECTOR('',#3953,10.);
#1050=VECTOR('',#3956,10.);
#1051=VECTOR('',#3957,10.);
#1052=VECTOR('',#3958,10.);
#1053=VECTOR('',#3967,2.);
#1054=VECTOR('',#3972,10.);
#1055=VECTOR('',#3973,10.);
#1056=VECTOR('',#3974,10.);
#1057=VECTOR('',#3975,10.);
#1058=VECTOR('',#3982,10.);
#1059=VECTOR('',#3985,10.);
#1060=VECTOR('',#3986,10.);
#1061=VECTOR('',#3987,10.);
#1062=VECTOR('',#3998,2.);
#1063=VECTOR('',#4003,10.);
#1064=VECTOR('',#4004,10.);
#1065=VECTOR('',#4005,10.);
#1066=VECTOR('',#4006,10.);
#1067=VECTOR('',#4013,10.);
#1068=VECTOR('',#4016,10.);
#1069=VECTOR('',#4017,10.);
#1070=VECTOR('',#4018,10.);
#1071=VECTOR('',#4027,4.5);
#1072=VECTOR('',#4034,14.);
#1073=VECTOR('',#4049,10.);
#1074=VECTOR('',#4050,10.);
#1075=VECTOR('',#4051,10.);
#1076=VECTOR('',#4052,10.);
#1077=VECTOR('',#4059,10.);
#1078=VECTOR('',#4060,10.);
#1079=VECTOR('',#4061,10.);
#1080=VECTOR('',#4062,10.);
#1081=VECTOR('',#4075,2.5);
#1082=VECTOR('',#4086,10.);
#1083=VECTOR('',#4087,10.);
#1084=VECTOR('',#4088,10.);
#1085=VECTOR('',#4091,10.);
#1086=VECTOR('',#4092,10.);
#1087=VECTOR('',#4093,10.);
#1088=VECTOR('',#4094,10.);
#1089=VECTOR('',#4097,10.);
#1090=VECTOR('',#4098,10.);
#1091=VECTOR('',#4099,10.);
#1092=VECTOR('',#4102,10.);
#1093=VECTOR('',#4103,10.);
#1094=VECTOR('',#4104,10.);
#1095=VECTOR('',#4109,10.);
#1096=VECTOR('',#4110,10.);
#1097=VECTOR('',#4115,10.);
#1098=VECTOR('',#4118,10.);
#1099=VECTOR('',#4121,10.);
#1100=VECTOR('',#4124,10.);
#1101=VECTOR('',#4127,10.);
#1102=VECTOR('',#4128,10.);
#1103=VECTOR('',#4131,10.);
#1104=VECTOR('',#4132,10.);
#1105=VECTOR('',#4133,10.);
#1106=VECTOR('',#4136,10.);
#1107=VECTOR('',#4137,10.);
#1108=VECTOR('',#4142,10.);
#1109=VECTOR('',#4143,10.);
#1110=VECTOR('',#4144,10.);
#1111=VECTOR('',#4147,10.);
#1112=VECTOR('',#4148,10.);
#1113=VECTOR('',#4149,10.);
#1114=VECTOR('',#4152,10.);
#1115=VECTOR('',#4153,10.);
#1116=VECTOR('',#4162,10.);
#1117=VECTOR('',#4165,10.);
#1118=VECTOR('',#4168,10.);
#1119=VECTOR('',#4169,10.);
#1120=VECTOR('',#4170,10.);
#1121=VECTOR('',#4173,10.);
#1122=VECTOR('',#4174,10.);
#1123=VECTOR('',#4175,10.);
#1124=VECTOR('',#4178,10.);
#1125=VECTOR('',#4179,10.);
#1126=VECTOR('',#4186,10.);
#1127=VECTOR('',#4187,10.);
#1128=VECTOR('',#4188,10.);
#1129=VECTOR('',#4189,10.);
#1130=VECTOR('',#4196,10.);
#1131=VECTOR('',#4199,10.);
#1132=VECTOR('',#4200,10.);
#1133=VECTOR('',#4201,10.);
#1134=VECTOR('',#4204,10.);
#1135=VECTOR('',#4205,10.);
#1136=VECTOR('',#4216,1.5);
#1137=VECTOR('',#4223,1.5);
#1138=VECTOR('',#4228,10.);
#1139=VECTOR('',#4229,10.);
#1140=VECTOR('',#4230,10.);
#1141=VECTOR('',#4231,10.);
#1142=VECTOR('',#4232,10.);
#1143=VECTOR('',#4235,10.);
#1144=VECTOR('',#4236,10.);
#1145=VECTOR('',#4237,10.);
#1146=VECTOR('',#4240,10.);
#1147=VECTOR('',#4241,10.);
#1148=VECTOR('',#4242,10.);
#1149=VECTOR('',#4243,10.);
#1150=VECTOR('',#4244,10.);
#1151=VECTOR('',#4247,10.);
#1152=VECTOR('',#4248,10.);
#1153=VECTOR('',#4249,10.);
#1154=VECTOR('',#4250,10.);
#1155=VECTOR('',#4251,10.);
#1156=VECTOR('',#4254,10.);
#1157=VECTOR('',#4255,10.);
#1158=VECTOR('',#4256,10.);
#1159=VECTOR('',#4257,10.);
#1160=VECTOR('',#4258,10.);
#1161=VECTOR('',#4267,10.);
#1162=VECTOR('',#4270,10.);
#1163=VECTOR('',#4275,10.);
#1164=VECTOR('',#4278,10.);
#1165=VECTOR('',#4289,10.);
#1166=VECTOR('',#4290,10.);
#1167=VECTOR('',#4291,10.);
#1168=VECTOR('',#4292,10.);
#1169=VECTOR('',#4293,10.);
#1170=VECTOR('',#4296,10.);
#1171=VECTOR('',#4297,10.);
#1172=VECTOR('',#4298,10.);
#1173=VECTOR('',#4301,10.);
#1174=VECTOR('',#4302,10.);
#1175=VECTOR('',#4303,10.);
#1176=VECTOR('',#4304,10.);
#1177=VECTOR('',#4305,10.);
#1178=VECTOR('',#4308,10.);
#1179=VECTOR('',#4309,10.);
#1180=VECTOR('',#4310,10.);
#1181=VECTOR('',#4313,10.);
#1182=VECTOR('',#4314,10.);
#1183=VECTOR('',#4315,10.);
#1184=VECTOR('',#4322,10.);
#1185=VECTOR('',#4325,10.);
#1186=VECTOR('',#4330,10.);
#1187=VECTOR('',#4331,10.);
#1188=VECTOR('',#4332,10.);
#1189=VECTOR('',#4333,10.);
#1190=VECTOR('',#4334,10.);
#1191=VECTOR('',#4335,10.);
#1192=VECTOR('',#4336,10.);
#1193=VECTOR('',#4339,10.);
#1194=VECTOR('',#4340,10.);
#1195=VECTOR('',#4341,10.);
#1196=VECTOR('',#4342,10.);
#1197=VECTOR('',#4343,10.);
#1198=VECTOR('',#4346,10.);
#1199=VECTOR('',#4347,10.);
#1200=VECTOR('',#4348,10.);
#1201=VECTOR('',#4349,10.);
#1202=VECTOR('',#4350,10.);
#1203=VECTOR('',#4351,10.);
#1204=VECTOR('',#4352,10.);
#1205=VECTOR('',#4353,10.);
#1206=VECTOR('',#4354,10.);
#1207=VECTOR('',#4355,10.);
#1208=VECTOR('',#4358,10.);
#1209=VECTOR('',#4363,10.);
#1210=VECTOR('',#4364,10.);
#1211=VECTOR('',#4365,10.);
#1212=VECTOR('',#4368,10.);
#1213=VECTOR('',#4371,10.);
#1214=VECTOR('',#4372,10.);
#1215=VECTOR('',#4373,10.);
#1216=VECTOR('',#4376,10.);
#1217=VECTOR('',#4377,10.);
#1218=VECTOR('',#4380,10.);
#1219=VECTOR('',#4381,10.);
#1220=VECTOR('',#4382,10.);
#1221=VECTOR('',#4385,10.);
#1222=VECTOR('',#4386,10.);
#1223=VECTOR('',#4389,10.);
#1224=VECTOR('',#4394,2.1);
#1225=VECTOR('',#4399,10.);
#1226=VECTOR('',#4400,10.);
#1227=VECTOR('',#4401,10.);
#1228=VECTOR('',#4402,10.);
#1229=VECTOR('',#4403,10.);
#1230=VECTOR('',#4404,10.);
#1231=VECTOR('',#4405,10.);
#1232=VECTOR('',#4406,10.);
#1233=VECTOR('',#4407,10.);
#1234=VECTOR('',#4408,10.);
#1235=VECTOR('',#4409,10.);
#1236=VECTOR('',#4410,10.);
#1237=VECTOR('',#4413,10.);
#1238=VECTOR('',#4424,1.5);
#1239=VECTOR('',#4429,2.1);
#1240=VECTOR('',#4434,1.5);
#1241=VECTOR('',#4437,10.);
#1242=VECTOR('',#4438,10.);
#1243=VECTOR('',#4439,10.);
#1244=VECTOR('',#4442,10.);
#1245=VECTOR('',#4447,10.);
#1246=VECTOR('',#4448,10.);
#1247=VECTOR('',#4453,10.);
#1248=VECTOR('',#4456,10.);
#1249=VECTOR('',#4459,10.);
#1250=VECTOR('',#4462,10.);
#1251=VECTOR('',#4465,10.);
#1252=VECTOR('',#4468,10.);
#1253=VECTOR('',#4471,10.);
#1254=VECTOR('',#4474,10.);
#1255=VECTOR('',#4477,10.);
#1256=VECTOR('',#4480,10.);
#1257=VECTOR('',#4483,10.);
#1258=VECTOR('',#4486,10.);
#1259=VECTOR('',#4489,10.);
#1260=VECTOR('',#4492,10.);
#1261=VECTOR('',#4517,10.);
#1262=VECTOR('',#4518,10.);
#1263=VECTOR('',#4521,10.);
#1264=VECTOR('',#4522,10.);
#1265=VECTOR('',#4525,10.);
#1266=VECTOR('',#4530,10.);
#1267=VECTOR('',#4531,10.);
#1268=VECTOR('',#4532,10.);
#1269=VECTOR('',#4533,10.);
#1270=VECTOR('',#4534,10.);
#1271=VECTOR('',#4537,10.);
#1272=VECTOR('',#4538,10.);
#1273=VECTOR('',#4539,10.);
#1274=VECTOR('',#4542,10.);
#1275=VECTOR('',#4543,10.);
#1276=VECTOR('',#4544,10.);
#1277=VECTOR('',#4545,10.);
#1278=VECTOR('',#4548,10.);
#1279=VECTOR('',#4549,10.);
#1280=VECTOR('',#4550,10.);
#1281=VECTOR('',#4551,10.);
#1282=VECTOR('',#4552,10.);
#1283=VECTOR('',#4557,10.);
#1284=VECTOR('',#4560,10.);
#1285=VECTOR('',#4563,10.);
#1286=VECTOR('',#4564,10.);
#1287=VECTOR('',#4567,10.);
#1288=VECTOR('',#4568,10.);
#1289=VECTOR('',#4571,10.);
#1290=VECTOR('',#4572,10.);
#1291=VECTOR('',#4573,10.);
#1292=VECTOR('',#4574,10.);
#1293=VECTOR('',#4577,10.);
#1294=VECTOR('',#4578,10.);
#1295=VECTOR('',#4579,10.);
#1296=VECTOR('',#4582,10.);
#1297=VECTOR('',#4583,10.);
#1298=VECTOR('',#4586,10.);
#1299=VECTOR('',#4587,10.);
#1300=VECTOR('',#4590,10.);
#1301=VECTOR('',#4593,10.);
#1302=VECTOR('',#4594,10.);
#1303=VECTOR('',#4597,10.);
#1304=VECTOR('',#4598,10.);
#1305=VECTOR('',#4601,10.);
#1306=VECTOR('',#4602,10.);
#1307=VECTOR('',#4605,10.);
#1308=VECTOR('',#4606,10.);
#1309=VECTOR('',#4607,10.);
#1310=VECTOR('',#4610,10.);
#1311=VECTOR('',#4613,10.);
#1312=VECTOR('',#4622,10.);
#1313=VECTOR('',#4627,10.);
#1314=VECTOR('',#4628,10.);
#1315=VECTOR('',#4631,10.);
#1316=VECTOR('',#4632,10.);
#1317=VECTOR('',#4635,10.);
#1318=VECTOR('',#4636,10.);
#1319=VECTOR('',#4637,10.);
#1320=VECTOR('',#4640,10.);
#1321=VECTOR('',#4641,10.);
#1322=VECTOR('',#4698,10.);
#1323=VECTOR('',#4699,10.);
#1324=VECTOR('',#4700,10.);
#1325=VECTOR('',#4703,10.);
#1326=VECTOR('',#4704,10.);
#1327=VECTOR('',#4705,10.);
#1328=VECTOR('',#4708,10.);
#1329=VECTOR('',#4709,10.);
#1330=VECTOR('',#4712,10.);
#1331=VECTOR('',#4713,10.);
#1332=VECTOR('',#4716,10.);
#1333=VECTOR('',#4717,10.);
#1334=VECTOR('',#4720,10.);
#1335=VECTOR('',#4721,10.);
#1336=VECTOR('',#4724,10.);
#1337=VECTOR('',#4725,10.);
#1338=VECTOR('',#4728,10.);
#1339=VECTOR('',#4731,10.);
#1340=VECTOR('',#4752,4.5);
#1341=VECTOR('',#4755,10.);
#1342=VECTOR('',#4756,10.);
#1343=VECTOR('',#4757,10.);
#1344=VECTOR('',#4766,10.);
#1345=VECTOR('',#4767,10.);
#1346=VECTOR('',#4768,10.);
#1347=VECTOR('',#4773,10.);
#1348=VECTOR('',#4784,10.);
#1349=VECTOR('',#4787,10.);
#1350=VECTOR('',#4848,10.);
#1351=VECTOR('',#4851,10.);
#1352=VECTOR('',#4854,10.);
#1353=VECTOR('',#4859,10.);
#1354=VECTOR('',#4864,10.);
#1355=VECTOR('',#4871,10.);
#1356=VECTOR('',#4872,10.);
#1357=VECTOR('',#4873,10.);
#1358=VECTOR('',#4874,10.);
#1359=VECTOR('',#4877,10.);
#1360=VECTOR('',#4878,10.);
#1361=VECTOR('',#4879,10.);
#1362=VECTOR('',#4880,10.);
#1363=VECTOR('',#4901,2.5);
#1364=VECTOR('',#4904,10.);
#1365=VECTOR('',#4909,10.);
#1366=VECTOR('',#4914,10.);
#1367=VECTOR('',#4925,10.);
#1368=VECTOR('',#4926,10.);
#1369=VECTOR('',#4927,10.);
#1370=VECTOR('',#4928,10.);
#1371=VECTOR('',#4931,10.);
#1372=VECTOR('',#4932,10.);
#1373=VECTOR('',#4933,10.);
#1374=VECTOR('',#4934,10.);
#1375=VECTOR('',#4937,10.);
#1376=VECTOR('',#4938,10.);
#1377=VECTOR('',#4941,10.);
#1378=VECTOR('',#4944,10.);
#1379=VERTEX_POINT('',#4956);
#1380=VERTEX_POINT('',#4957);
#1381=VERTEX_POINT('',#4959);
#1382=VERTEX_POINT('',#4961);
#1383=VERTEX_POINT('',#4965);
#1384=VERTEX_POINT('',#4967);
#1385=VERTEX_POINT('',#4971);
#1386=VERTEX_POINT('',#4973);
#1387=VERTEX_POINT('',#4979);
#1388=VERTEX_POINT('',#4981);
#1389=VERTEX_POINT('',#4985);
#1390=VERTEX_POINT('',#4986);
#1391=VERTEX_POINT('',#4988);
#1392=VERTEX_POINT('',#4990);
#1393=VERTEX_POINT('',#4994);
#1394=VERTEX_POINT('',#4996);
#1395=VERTEX_POINT('',#5000);
#1396=VERTEX_POINT('',#5002);
#1397=VERTEX_POINT('',#5006);
#1398=VERTEX_POINT('',#5010);
#1399=VERTEX_POINT('',#5012);
#1400=VERTEX_POINT('',#5016);
#1401=VERTEX_POINT('',#5017);
#1402=VERTEX_POINT('',#5019);
#1403=VERTEX_POINT('',#5021);
#1404=VERTEX_POINT('',#5025);
#1405=VERTEX_POINT('',#5027);
#1406=VERTEX_POINT('',#5031);
#1407=VERTEX_POINT('',#5033);
#1408=VERTEX_POINT('',#5039);
#1409=VERTEX_POINT('',#5041);
#1410=VERTEX_POINT('',#5046);
#1411=VERTEX_POINT('',#5055);
#1412=VERTEX_POINT('',#5056);
#1413=VERTEX_POINT('',#5058);
#1414=VERTEX_POINT('',#5060);
#1415=VERTEX_POINT('',#5066);
#1416=VERTEX_POINT('',#5067);
#1417=VERTEX_POINT('',#5069);
#1418=VERTEX_POINT('',#5071);
#1419=VERTEX_POINT('',#5077);
#1420=VERTEX_POINT('',#5081);
#1421=VERTEX_POINT('',#5087);
#1422=VERTEX_POINT('',#5088);
#1423=VERTEX_POINT('',#5090);
#1424=VERTEX_POINT('',#5092);
#1425=VERTEX_POINT('',#5096);
#1426=VERTEX_POINT('',#5098);
#1427=VERTEX_POINT('',#5100);
#1428=VERTEX_POINT('',#5104);
#1429=VERTEX_POINT('',#5106);
#1430=VERTEX_POINT('',#5110);
#1431=VERTEX_POINT('',#5115);
#1432=VERTEX_POINT('',#5117);
#1433=VERTEX_POINT('',#5121);
#1434=VERTEX_POINT('',#5123);
#1435=VERTEX_POINT('',#5125);
#1436=VERTEX_POINT('',#5127);
#1437=VERTEX_POINT('',#5129);
#1438=VERTEX_POINT('',#5131);
#1439=VERTEX_POINT('',#5133);
#1440=VERTEX_POINT('',#5137);
#1441=VERTEX_POINT('',#5141);
#1442=VERTEX_POINT('',#5143);
#1443=VERTEX_POINT('',#5151);
#1444=VERTEX_POINT('',#5153);
#1445=VERTEX_POINT('',#5157);
#1446=VERTEX_POINT('',#5159);
#1447=VERTEX_POINT('',#5168);
#1448=VERTEX_POINT('',#5169);
#1449=VERTEX_POINT('',#5171);
#1450=VERTEX_POINT('',#5173);
#1451=VERTEX_POINT('',#5177);
#1452=VERTEX_POINT('',#5179);
#1453=VERTEX_POINT('',#5183);
#1454=VERTEX_POINT('',#5185);
#1455=VERTEX_POINT('',#5194);
#1456=VERTEX_POINT('',#5195);
#1457=VERTEX_POINT('',#5197);
#1458=VERTEX_POINT('',#5199);
#1459=VERTEX_POINT('',#5203);
#1460=VERTEX_POINT('',#5205);
#1461=VERTEX_POINT('',#5209);
#1462=VERTEX_POINT('',#5211);
#1463=VERTEX_POINT('',#5221);
#1464=VERTEX_POINT('',#5223);
#1465=VERTEX_POINT('',#5227);
#1466=VERTEX_POINT('',#5229);
#1467=VERTEX_POINT('',#5233);
#1468=VERTEX_POINT('',#5234);
#1469=VERTEX_POINT('',#5236);
#1470=VERTEX_POINT('',#5238);
#1471=VERTEX_POINT('',#5240);
#1472=VERTEX_POINT('',#5244);
#1473=VERTEX_POINT('',#5246);
#1474=VERTEX_POINT('',#5250);
#1475=VERTEX_POINT('',#5251);
#1476=VERTEX_POINT('',#5253);
#1477=VERTEX_POINT('',#5255);
#1478=VERTEX_POINT('',#5257);
#1479=VERTEX_POINT('',#5261);
#1480=VERTEX_POINT('',#5263);
#1481=VERTEX_POINT('',#5265);
#1482=VERTEX_POINT('',#5267);
#1483=VERTEX_POINT('',#5271);
#1484=VERTEX_POINT('',#5272);
#1485=VERTEX_POINT('',#5274);
#1486=VERTEX_POINT('',#5276);
#1487=VERTEX_POINT('',#5278);
#1488=VERTEX_POINT('',#5283);
#1489=VERTEX_POINT('',#5285);
#1490=VERTEX_POINT('',#5287);
#1491=VERTEX_POINT('',#5289);
#1492=VERTEX_POINT('',#5291);
#1493=VERTEX_POINT('',#5293);
#1494=VERTEX_POINT('',#5295);
#1495=VERTEX_POINT('',#5297);
#1496=VERTEX_POINT('',#5299);
#1497=VERTEX_POINT('',#5301);
#1498=VERTEX_POINT('',#5303);
#1499=VERTEX_POINT('',#5305);
#1500=VERTEX_POINT('',#5307);
#1501=VERTEX_POINT('',#5311);
#1502=VERTEX_POINT('',#5312);
#1503=VERTEX_POINT('',#5314);
#1504=VERTEX_POINT('',#5316);
#1505=VERTEX_POINT('',#5318);
#1506=VERTEX_POINT('',#5322);
#1507=VERTEX_POINT('',#5324);
#1508=VERTEX_POINT('',#5328);
#1509=VERTEX_POINT('',#5329);
#1510=VERTEX_POINT('',#5339);
#1511=VERTEX_POINT('',#5341);
#1512=VERTEX_POINT('',#5343);
#1513=VERTEX_POINT('',#5374);
#1514=VERTEX_POINT('',#5376);
#1515=VERTEX_POINT('',#5387);
#1516=VERTEX_POINT('',#5400);
#1517=VERTEX_POINT('',#5423);
#1518=VERTEX_POINT('',#5434);
#1519=VERTEX_POINT('',#5447);
#1520=VERTEX_POINT('',#5449);
#1521=VERTEX_POINT('',#5451);
#1522=VERTEX_POINT('',#5453);
#1523=VERTEX_POINT('',#5455);
#1524=VERTEX_POINT('',#5457);
#1525=VERTEX_POINT('',#5460);
#1526=VERTEX_POINT('',#5462);
#1527=VERTEX_POINT('',#5464);
#1528=VERTEX_POINT('',#5475);
#1529=VERTEX_POINT('',#5477);
#1530=VERTEX_POINT('',#5479);
#1531=VERTEX_POINT('',#5481);
#1532=VERTEX_POINT('',#5485);
#1533=VERTEX_POINT('',#5487);
#1534=VERTEX_POINT('',#5498);
#1535=VERTEX_POINT('',#5501);
#1536=VERTEX_POINT('',#5503);
#1537=VERTEX_POINT('',#5505);
#1538=VERTEX_POINT('',#5507);
#1539=VERTEX_POINT('',#5509);
#1540=VERTEX_POINT('',#5511);
#1541=VERTEX_POINT('',#5513);
#1542=VERTEX_POINT('',#5524);
#1543=VERTEX_POINT('',#5526);
#1544=VERTEX_POINT('',#5537);
#1545=VERTEX_POINT('',#5539);
#1546=VERTEX_POINT('',#5550);
#1547=VERTEX_POINT('',#5552);
#1548=VERTEX_POINT('',#5563);
#1549=VERTEX_POINT('',#5565);
#1550=VERTEX_POINT('',#5567);
#1551=VERTEX_POINT('',#5569);
#1552=VERTEX_POINT('',#5571);
#1553=VERTEX_POINT('',#5574);
#1554=VERTEX_POINT('',#5577);
#1555=VERTEX_POINT('',#5578);
#1556=VERTEX_POINT('',#5580);
#1557=VERTEX_POINT('',#5593);
#1558=VERTEX_POINT('',#5595);
#1559=VERTEX_POINT('',#5599);
#1560=VERTEX_POINT('',#5603);
#1561=VERTEX_POINT('',#5605);
#1562=VERTEX_POINT('',#5609);
#1563=VERTEX_POINT('',#5620);
#1564=VERTEX_POINT('',#5626);
#1565=VERTEX_POINT('',#5628);
#1566=VERTEX_POINT('',#5633);
#1567=VERTEX_POINT('',#5635);
#1568=VERTEX_POINT('',#5637);
#1569=VERTEX_POINT('',#5639);
#1570=VERTEX_POINT('',#5641);
#1571=VERTEX_POINT('',#5643);
#1572=VERTEX_POINT('',#5645);
#1573=VERTEX_POINT('',#5647);
#1574=VERTEX_POINT('',#5649);
#1575=VERTEX_POINT('',#5653);
#1576=VERTEX_POINT('',#5655);
#1577=VERTEX_POINT('',#5656);
#1578=VERTEX_POINT('',#5658);
#1579=VERTEX_POINT('',#5661);
#1580=VERTEX_POINT('',#5664);
#1581=VERTEX_POINT('',#5668);
#1582=VERTEX_POINT('',#5672);
#1583=VERTEX_POINT('',#5676);
#1584=VERTEX_POINT('',#5678);
#1585=VERTEX_POINT('',#5682);
#1586=VERTEX_POINT('',#5686);
#1587=VERTEX_POINT('',#5691);
#1588=VERTEX_POINT('',#5693);
#1589=VERTEX_POINT('',#5695);
#1590=VERTEX_POINT('',#5697);
#1591=VERTEX_POINT('',#5699);
#1592=VERTEX_POINT('',#5701);
#1593=VERTEX_POINT('',#5703);
#1594=VERTEX_POINT('',#5705);
#1595=VERTEX_POINT('',#5707);
#1596=VERTEX_POINT('',#5709);
#1597=VERTEX_POINT('',#5711);
#1598=VERTEX_POINT('',#5713);
#1599=VERTEX_POINT('',#5715);
#1600=VERTEX_POINT('',#5717);
#1601=VERTEX_POINT('',#5719);
#1602=VERTEX_POINT('',#5721);
#1603=VERTEX_POINT('',#5723);
#1604=VERTEX_POINT('',#5725);
#1605=VERTEX_POINT('',#5727);
#1606=VERTEX_POINT('',#5729);
#1607=VERTEX_POINT('',#5731);
#1608=VERTEX_POINT('',#5733);
#1609=VERTEX_POINT('',#5735);
#1610=VERTEX_POINT('',#5737);
#1611=VERTEX_POINT('',#5739);
#1612=VERTEX_POINT('',#5741);
#1613=VERTEX_POINT('',#5756);
#1614=VERTEX_POINT('',#5760);
#1615=VERTEX_POINT('',#5767);
#1616=VERTEX_POINT('',#5769);
#1617=VERTEX_POINT('',#5771);
#1618=VERTEX_POINT('',#5773);
#1619=VERTEX_POINT('',#5777);
#1620=VERTEX_POINT('',#5779);
#1621=VERTEX_POINT('',#5783);
#1622=VERTEX_POINT('',#5785);
#1623=VERTEX_POINT('',#5787);
#1624=VERTEX_POINT('',#5791);
#1625=VERTEX_POINT('',#5793);
#1626=VERTEX_POINT('',#5795);
#1627=VERTEX_POINT('',#5797);
#1628=VERTEX_POINT('',#5806);
#1629=VERTEX_POINT('',#5813);
#1630=VERTEX_POINT('',#5815);
#1631=VERTEX_POINT('',#5838);
#1632=VERTEX_POINT('',#5851);
#1633=VERTEX_POINT('',#5874);
#1634=VERTEX_POINT('',#5887);
#1635=VERTEX_POINT('',#5891);
#1636=VERTEX_POINT('',#5897);
#1637=VERTEX_POINT('',#5901);
#1638=VERTEX_POINT('',#5905);
#1639=VERTEX_POINT('',#5909);
#1640=VERTEX_POINT('',#5914);
#1641=VERTEX_POINT('',#5920);
#1642=VERTEX_POINT('',#5922);
#1643=VERTEX_POINT('',#5927);
#1644=VERTEX_POINT('',#5931);
#1645=VERTEX_POINT('',#5935);
#1646=VERTEX_POINT('',#5958);
#1647=VERTEX_POINT('',#5971);
#1648=VERTEX_POINT('',#6007);
#1649=VERTEX_POINT('',#6033);
#1650=VERTEX_POINT('',#6035);
#1651=VERTEX_POINT('',#6039);
#1652=VERTEX_POINT('',#6062);
#1653=VERTEX_POINT('',#6096);
#1654=VERTEX_POINT('',#6109);
#1655=VERTEX_POINT('',#6113);
#1656=VERTEX_POINT('',#6117);
#1657=VERTEX_POINT('',#6121);
#1658=VERTEX_POINT('',#6140);
#1659=VERTEX_POINT('',#6148);
#1660=VERTEX_POINT('',#6169);
#1661=VERTEX_POINT('',#6170);
#1662=VERTEX_POINT('',#6172);
#1663=VERTEX_POINT('',#6177);
#1664=VERTEX_POINT('',#6184);
#1665=VERTEX_POINT('',#6186);
#1666=VERTEX_POINT('',#6193);
#1667=VERTEX_POINT('',#6195);
#1668=VERTEX_POINT('',#6202);
#1669=VERTEX_POINT('',#6204);
#1670=VERTEX_POINT('',#6211);
#1671=VERTEX_POINT('',#6213);
#1672=VERTEX_POINT('',#6220);
#1673=VERTEX_POINT('',#6222);
#1674=VERTEX_POINT('',#6229);
#1675=VERTEX_POINT('',#6231);
#1676=VERTEX_POINT('',#6241);
#1677=VERTEX_POINT('',#6243);
#1678=VERTEX_POINT('',#6247);
#1679=VERTEX_POINT('',#6251);
#1680=VERTEX_POINT('',#6255);
#1681=VERTEX_POINT('',#6260);
#1682=VERTEX_POINT('',#6261);
#1683=VERTEX_POINT('',#6263);
#1684=VERTEX_POINT('',#6265);
#1685=VERTEX_POINT('',#6269);
#1686=VERTEX_POINT('',#6270);
#1687=VERTEX_POINT('',#6272);
#1688=VERTEX_POINT('',#6274);
#1689=VERTEX_POINT('',#6278);
#1690=VERTEX_POINT('',#6287);
#1691=VERTEX_POINT('',#6291);
#1692=VERTEX_POINT('',#6295);
#1693=VERTEX_POINT('',#6299);
#1694=VERTEX_POINT('',#6306);
#1695=VERTEX_POINT('',#6307);
#1696=VERTEX_POINT('',#6309);
#1697=VERTEX_POINT('',#6311);
#1698=VERTEX_POINT('',#6315);
#1699=VERTEX_POINT('',#6316);
#1700=VERTEX_POINT('',#6318);
#1701=VERTEX_POINT('',#6320);
#1702=EDGE_CURVE('',#1379,#1380,#707,.T.);
#1703=EDGE_CURVE('',#1381,#1380,#708,.T.);
#1704=EDGE_CURVE('',#1382,#1381,#709,.T.);
#1705=EDGE_CURVE('',#1379,#1382,#710,.T.);
#1706=EDGE_CURVE('',#1383,#1379,#711,.T.);
#1707=EDGE_CURVE('',#1384,#1382,#712,.T.);
#1708=EDGE_CURVE('',#1383,#1384,#713,.T.);
#1709=EDGE_CURVE('',#1385,#1383,#714,.T.);
#1710=EDGE_CURVE('',#1386,#1384,#715,.T.);
#1711=EDGE_CURVE('',#1385,#1386,#716,.T.);
#1712=EDGE_CURVE('',#1386,#1381,#152,.T.);
#1713=EDGE_CURVE('',#1387,#1387,#153,.T.);
#1714=EDGE_CURVE('',#1387,#1388,#717,.T.);
#1715=EDGE_CURVE('',#1388,#1388,#154,.T.);
#1716=EDGE_CURVE('',#1389,#1390,#718,.T.);
#1717=EDGE_CURVE('',#1391,#1390,#719,.T.);
#1718=EDGE_CURVE('',#1392,#1391,#720,.T.);
#1719=EDGE_CURVE('',#1389,#1392,#721,.T.);
#1720=EDGE_CURVE('',#1393,#1389,#155,.T.);
#1721=EDGE_CURVE('',#1394,#1392,#156,.T.);
#1722=EDGE_CURVE('',#1393,#1394,#722,.T.);
#1723=EDGE_CURVE('',#1395,#1393,#723,.T.);
#1724=EDGE_CURVE('',#1396,#1394,#724,.T.);
#1725=EDGE_CURVE('',#1395,#1396,#725,.T.);
#1726=EDGE_CURVE('',#1396,#1397,#157,.T.);
#1727=EDGE_CURVE('',#1397,#1391,#158,.T.);
#1728=EDGE_CURVE('',#1398,#1398,#159,.T.);
#1729=EDGE_CURVE('',#1398,#1399,#726,.T.);
#1730=EDGE_CURVE('',#1399,#1399,#160,.T.);
#1731=EDGE_CURVE('',#1400,#1401,#727,.T.);
#1732=EDGE_CURVE('',#1402,#1401,#728,.T.);
#1733=EDGE_CURVE('',#1403,#1402,#729,.T.);
#1734=EDGE_CURVE('',#1400,#1403,#730,.T.);
#1735=EDGE_CURVE('',#1404,#1400,#161,.T.);
#1736=EDGE_CURVE('',#1405,#1403,#162,.T.);
#1737=EDGE_CURVE('',#1404,#1405,#731,.T.);
#1738=EDGE_CURVE('',#1406,#1404,#732,.T.);
#1739=EDGE_CURVE('',#1407,#1405,#733,.T.);
#1740=EDGE_CURVE('',#1406,#1407,#734,.T.);
#1741=EDGE_CURVE('',#1407,#1402,#163,.T.);
#1742=EDGE_CURVE('',#1408,#1408,#164,.T.);
#1743=EDGE_CURVE('',#1408,#1409,#735,.T.);
#1744=EDGE_CURVE('',#1409,#1409,#165,.T.);
#1745=EDGE_CURVE('',#1397,#1410,#736,.T.);
#1746=EDGE_CURVE('',#1410,#1410,#166,.T.);
#1747=EDGE_CURVE('',#1406,#1390,#167,.T.);
#1748=EDGE_CURVE('',#1385,#1401,#168,.T.);
#1749=EDGE_CURVE('',#1395,#1380,#169,.T.);
#1750=EDGE_CURVE('',#1411,#1412,#737,.T.);
#1751=EDGE_CURVE('',#1413,#1411,#738,.T.);
#1752=EDGE_CURVE('',#1413,#1414,#739,.T.);
#1753=EDGE_CURVE('',#1412,#1414,#740,.T.);
#1754=EDGE_CURVE('',#1414,#1413,#170,.T.);
#1755=EDGE_CURVE('',#1415,#1416,#741,.T.);
#1756=EDGE_CURVE('',#1417,#1415,#742,.T.);
#1757=EDGE_CURVE('',#1417,#1418,#743,.T.);
#1758=EDGE_CURVE('',#1416,#1418,#744,.T.);
#1759=EDGE_CURVE('',#1418,#1417,#171,.T.);
#1760=EDGE_CURVE('',#1412,#1419,#172,.T.);
#1761=EDGE_CURVE('',#1416,#1411,#173,.T.);
#1762=EDGE_CURVE('',#1419,#1415,#174,.T.);
#1763=EDGE_CURVE('',#1419,#1420,#745,.T.);
#1764=EDGE_CURVE('',#1420,#1420,#175,.T.);
#1765=EDGE_CURVE('',#1421,#1422,#176,.T.);
#1766=EDGE_CURVE('',#1423,#1421,#746,.T.);
#1767=EDGE_CURVE('',#1424,#1423,#747,.T.);
#1768=EDGE_CURVE('',#1424,#1422,#748,.T.);
#1769=EDGE_CURVE('',#1422,#1425,#749,.T.);
#1770=EDGE_CURVE('',#1426,#1424,#750,.T.);
#1771=EDGE_CURVE('',#1426,#1427,#751,.T.);
#1772=EDGE_CURVE('',#1425,#1427,#752,.T.);
#1773=EDGE_CURVE('',#1427,#1428,#753,.T.);
#1774=EDGE_CURVE('',#1429,#1426,#754,.T.);
#1775=EDGE_CURVE('',#1429,#1428,#755,.T.);
#1776=EDGE_CURVE('',#1430,#1421,#756,.T.);
#1777=EDGE_CURVE('',#1428,#1430,#757,.T.);
#1778=EDGE_CURVE('',#1423,#1429,#758,.T.);
#1779=EDGE_CURVE('',#1431,#1430,#177,.T.);
#1780=EDGE_CURVE('',#1432,#1431,#759,.T.);
#1781=EDGE_CURVE('',#1428,#1432,#760,.T.);
#1782=EDGE_CURVE('',#1425,#1433,#178,.T.);
#1783=EDGE_CURVE('',#1433,#1434,#761,.T.);
#1784=EDGE_CURVE('',#1434,#1435,#179,.T.);
#1785=EDGE_CURVE('',#1435,#1436,#762,.T.);
#1786=EDGE_CURVE('',#1437,#1436,#180,.T.);
#1787=EDGE_CURVE('',#1438,#1437,#763,.T.);
#1788=EDGE_CURVE('',#1438,#1439,#181,.T.);
#1789=EDGE_CURVE('',#1439,#1431,#764,.T.);
#1790=EDGE_CURVE('',#1440,#1439,#765,.T.);
#1791=EDGE_CURVE('',#1440,#1432,#766,.T.);
#1792=EDGE_CURVE('',#1441,#1440,#767,.T.);
#1793=EDGE_CURVE('',#1441,#1442,#768,.T.);
#1794=EDGE_CURVE('',#1442,#1427,#769,.T.);
#1795=EDGE_CURVE('',#1434,#1441,#770,.T.);
#1796=EDGE_CURVE('',#1433,#1442,#771,.T.);
#1797=EDGE_CURVE('',#1443,#1438,#772,.T.);
#1798=EDGE_CURVE('',#1444,#1437,#773,.T.);
#1799=EDGE_CURVE('',#1443,#1444,#774,.T.);
#1800=EDGE_CURVE('',#1445,#1443,#775,.T.);
#1801=EDGE_CURVE('',#1446,#1444,#776,.T.);
#1802=EDGE_CURVE('',#1445,#1446,#777,.T.);
#1803=EDGE_CURVE('',#1435,#1445,#778,.T.);
#1804=EDGE_CURVE('',#1436,#1446,#779,.T.);
#1805=EDGE_CURVE('',#1447,#1448,#182,.T.);
#1806=EDGE_CURVE('',#1448,#1449,#780,.T.);
#1807=EDGE_CURVE('',#1450,#1449,#183,.T.);
#1808=EDGE_CURVE('',#1447,#1450,#781,.T.);
#1809=EDGE_CURVE('',#1451,#1447,#782,.T.);
#1810=EDGE_CURVE('',#1452,#1450,#783,.T.);
#1811=EDGE_CURVE('',#1451,#1452,#784,.T.);
#1812=EDGE_CURVE('',#1453,#1451,#785,.T.);
#1813=EDGE_CURVE('',#1454,#1452,#786,.T.);
#1814=EDGE_CURVE('',#1453,#1454,#787,.T.);
#1815=EDGE_CURVE('',#1448,#1453,#788,.T.);
#1816=EDGE_CURVE('',#1449,#1454,#789,.T.);
#1817=EDGE_CURVE('',#1455,#1456,#790,.T.);
#1818=EDGE_CURVE('',#1456,#1457,#791,.T.);
#1819=EDGE_CURVE('',#1458,#1457,#792,.T.);
#1820=EDGE_CURVE('',#1455,#1458,#793,.T.);
#1821=EDGE_CURVE('',#1459,#1455,#184,.T.);
#1822=EDGE_CURVE('',#1460,#1458,#185,.T.);
#1823=EDGE_CURVE('',#1459,#1460,#794,.T.);
#1824=EDGE_CURVE('',#1461,#1459,#795,.T.);
#1825=EDGE_CURVE('',#1462,#1460,#796,.T.);
#1826=EDGE_CURVE('',#1461,#1462,#797,.T.);
#1827=EDGE_CURVE('',#1456,#1461,#798,.T.);
#1828=EDGE_CURVE('',#1457,#1462,#799,.T.);
#1829=EDGE_CURVE('',#1463,#1463,#186,.T.);
#1830=EDGE_CURVE('',#1463,#1464,#800,.T.);
#1831=EDGE_CURVE('',#1464,#1464,#187,.T.);
#1832=EDGE_CURVE('',#1465,#1465,#188,.T.);
#1833=EDGE_CURVE('',#1465,#1466,#801,.T.);
#1834=EDGE_CURVE('',#1466,#1466,#189,.T.);
#1835=EDGE_CURVE('',#1467,#1468,#802,.T.);
#1836=EDGE_CURVE('',#1468,#1469,#803,.T.);
#1837=EDGE_CURVE('',#1469,#1470,#804,.T.);
#1838=EDGE_CURVE('',#1470,#1471,#805,.T.);
#1839=EDGE_CURVE('',#1471,#1467,#806,.T.);
#1840=EDGE_CURVE('',#1472,#1468,#807,.T.);
#1841=EDGE_CURVE('',#1473,#1472,#808,.T.);
#1842=EDGE_CURVE('',#1473,#1469,#809,.T.);
#1843=EDGE_CURVE('',#1474,#1475,#810,.F.);
#1844=EDGE_CURVE('',#1474,#1476,#811,.T.);
#1845=EDGE_CURVE('',#1476,#1477,#812,.T.);
#1846=EDGE_CURVE('',#1477,#1478,#813,.T.);
#1847=EDGE_CURVE('',#1475,#1478,#814,.F.);
#1848=EDGE_CURVE('',#1474,#1479,#815,.T.);
#1849=EDGE_CURVE('',#1479,#1480,#816,.T.);
#1850=EDGE_CURVE('',#1481,#1480,#817,.T.);
#1851=EDGE_CURVE('',#1482,#1481,#818,.T.);
#1852=EDGE_CURVE('',#1476,#1482,#819,.T.);
#1853=EDGE_CURVE('',#1483,#1484,#820,.T.);
#1854=EDGE_CURVE('',#1484,#1485,#821,.T.);
#1855=EDGE_CURVE('',#1485,#1486,#822,.T.);
#1856=EDGE_CURVE('',#1486,#1487,#823,.T.);
#1857=EDGE_CURVE('',#1487,#1483,#824,.T.);
#1858=EDGE_CURVE('',#1477,#1485,#190,.T.);
#1859=EDGE_CURVE('',#1488,#1484,#191,.T.);
#1860=EDGE_CURVE('',#1489,#1488,#192,.T.);
#1861=EDGE_CURVE('',#1489,#1490,#825,.T.);
#1862=EDGE_CURVE('',#1491,#1490,#193,.T.);
#1863=EDGE_CURVE('',#1492,#1491,#826,.T.);
#1864=EDGE_CURVE('',#1493,#1492,#194,.T.);
#1865=EDGE_CURVE('',#1494,#1493,#195,.T.);
#1866=EDGE_CURVE('',#1494,#1495,#827,.T.);
#1867=EDGE_CURVE('',#1496,#1495,#196,.T.);
#1868=EDGE_CURVE('',#1497,#1496,#828,.T.);
#1869=EDGE_CURVE('',#1498,#1497,#197,.T.);
#1870=EDGE_CURVE('',#1499,#1498,#198,.T.);
#1871=EDGE_CURVE('',#1500,#1499,#199,.T.);
#1872=EDGE_CURVE('',#1478,#1500,#200,.T.);
#1873=EDGE_CURVE('',#1501,#1502,#829,.F.);
#1874=EDGE_CURVE('',#1503,#1501,#830,.T.);
#1875=EDGE_CURVE('',#1503,#1504,#831,.T.);
#1876=EDGE_CURVE('',#1504,#1505,#832,.T.);
#1877=EDGE_CURVE('',#1502,#1505,#833,.F.);
#1878=EDGE_CURVE('',#1506,#1467,#834,.T.);
#1879=EDGE_CURVE('',#1507,#1471,#835,.T.);
#1880=EDGE_CURVE('',#1507,#1506,#836,.T.);
#1881=EDGE_CURVE('',#1508,#1509,#57,.T.);
#1882=EDGE_CURVE('',#1508,#1506,#837,.T.);
#1883=EDGE_CURVE('',#1507,#1479,#838,.T.);
#1884=EDGE_CURVE('',#1479,#1510,#839,.T.);
#1885=EDGE_CURVE('',#1510,#1511,#840,.T.);
#1886=EDGE_CURVE('',#1512,#1511,#58,.T.);
#1887=EDGE_CURVE('',#1509,#1512,#841,.T.);
#1888=EDGE_CURVE('',#1475,#1510,#842,.T.);
#1889=EDGE_CURVE('',#1509,#1513,#843,.T.);
#1890=EDGE_CURVE('',#1514,#1513,#33,.T.);
#1891=EDGE_CURVE('',#1515,#1514,#844,.T.);
#1892=EDGE_CURVE('',#1508,#1515,#34,.T.);
#1893=EDGE_CURVE('',#1512,#1516,#845,.T.);
#1894=EDGE_CURVE('',#1513,#1516,#846,.T.);
#1895=EDGE_CURVE('',#1517,#1511,#35,.T.);
#1896=EDGE_CURVE('',#1517,#1518,#847,.T.);
#1897=EDGE_CURVE('',#1516,#1518,#36,.T.);
#1898=EDGE_CURVE('',#1500,#1519,#201,.T.);
#1899=EDGE_CURVE('',#1519,#1520,#202,.T.);
#1900=EDGE_CURVE('',#1520,#1521,#848,.T.);
#1901=EDGE_CURVE('',#1521,#1522,#203,.T.);
#1902=EDGE_CURVE('',#1522,#1523,#849,.T.);
#1903=EDGE_CURVE('',#1523,#1524,#204,.T.);
#1904=EDGE_CURVE('',#1524,#1488,#205,.T.);
#1905=EDGE_CURVE('',#1525,#1483,#850,.T.);
#1906=EDGE_CURVE('',#1526,#1525,#851,.T.);
#1907=EDGE_CURVE('',#1526,#1527,#37,.T.);
#1908=EDGE_CURVE('',#1527,#1528,#852,.T.);
#1909=EDGE_CURVE('',#1528,#1529,#853,.T.);
#1910=EDGE_CURVE('',#1529,#1530,#854,.T.);
#1911=EDGE_CURVE('',#1530,#1531,#855,.T.);
#1912=EDGE_CURVE('',#1531,#1517,#856,.T.);
#1913=EDGE_CURVE('',#1515,#1532,#857,.T.);
#1914=EDGE_CURVE('',#1532,#1533,#38,.T.);
#1915=EDGE_CURVE('',#1534,#1533,#858,.T.);
#1916=EDGE_CURVE('',#1502,#1534,#859,.T.);
#1917=EDGE_CURVE('',#1505,#1535,#860,.T.);
#1918=EDGE_CURVE('',#1535,#1536,#861,.T.);
#1919=EDGE_CURVE('',#1536,#1537,#206,.T.);
#1920=EDGE_CURVE('',#1537,#1538,#862,.T.);
#1921=EDGE_CURVE('',#1538,#1539,#863,.T.);
#1922=EDGE_CURVE('',#1539,#1540,#864,.T.);
#1923=EDGE_CURVE('',#1540,#1541,#39,.T.);
#1924=EDGE_CURVE('',#1541,#1542,#865,.T.);
#1925=EDGE_CURVE('',#1542,#1543,#40,.T.);
#1926=EDGE_CURVE('',#1543,#1544,#866,.T.);
#1927=EDGE_CURVE('',#1544,#1545,#41,.T.);
#1928=EDGE_CURVE('',#1545,#1546,#867,.T.);
#1929=EDGE_CURVE('',#1546,#1547,#42,.T.);
#1930=EDGE_CURVE('',#1547,#1548,#868,.T.);
#1931=EDGE_CURVE('',#1548,#1549,#869,.T.);
#1932=EDGE_CURVE('',#1549,#1550,#870,.T.);
#1933=EDGE_CURVE('',#1550,#1551,#871,.T.);
#1934=EDGE_CURVE('',#1551,#1552,#207,.T.);
#1935=EDGE_CURVE('',#1552,#1472,#872,.T.);
#1936=EDGE_CURVE('',#1553,#1553,#208,.T.);
#1937=EDGE_CURVE('',#1554,#1555,#873,.T.);
#1938=EDGE_CURVE('',#1556,#1555,#874,.T.);
#1939=EDGE_CURVE('',#1526,#1556,#59,.T.);
#1940=EDGE_CURVE('',#1525,#1554,#875,.T.);
#1941=EDGE_CURVE('',#1554,#1487,#876,.T.);
#1942=EDGE_CURVE('',#1555,#1557,#877,.T.);
#1943=EDGE_CURVE('',#1558,#1557,#878,.T.);
#1944=EDGE_CURVE('',#1556,#1558,#879,.T.);
#1945=EDGE_CURVE('',#1554,#1559,#880,.T.);
#1946=EDGE_CURVE('',#1557,#1559,#881,.T.);
#1947=EDGE_CURVE('',#1560,#1486,#882,.T.);
#1948=EDGE_CURVE('',#1560,#1561,#883,.T.);
#1949=EDGE_CURVE('',#1559,#1561,#884,.T.);
#1950=EDGE_CURVE('',#1562,#1533,#60,.T.);
#1951=EDGE_CURVE('',#1562,#1563,#885,.T.);
#1952=EDGE_CURVE('',#1563,#1534,#886,.T.);
#1953=EDGE_CURVE('',#1501,#1563,#887,.T.);
#1954=EDGE_CURVE('',#1564,#1564,#209,.T.);
#1955=EDGE_CURVE('',#1564,#1565,#888,.T.);
#1956=EDGE_CURVE('',#1565,#1565,#210,.T.);
#1957=EDGE_CURVE('',#1482,#1470,#889,.T.);
#1958=EDGE_CURVE('',#1566,#1473,#890,.T.);
#1959=EDGE_CURVE('',#1567,#1566,#891,.T.);
#1960=EDGE_CURVE('',#1568,#1567,#892,.T.);
#1961=EDGE_CURVE('',#1569,#1568,#893,.T.);
#1962=EDGE_CURVE('',#1570,#1569,#894,.T.);
#1963=EDGE_CURVE('',#1570,#1571,#895,.T.);
#1964=EDGE_CURVE('',#1571,#1572,#896,.T.);
#1965=EDGE_CURVE('',#1572,#1573,#897,.T.);
#1966=EDGE_CURVE('',#1573,#1574,#898,.T.);
#1967=EDGE_CURVE('',#1574,#1504,#899,.T.);
#1968=EDGE_CURVE('',#1503,#1560,#900,.T.);
#1969=EDGE_CURVE('',#1575,#1575,#211,.T.);
#1970=EDGE_CURVE('',#1576,#1577,#901,.T.);
#1971=EDGE_CURVE('',#1578,#1576,#212,.T.);
#1972=EDGE_CURVE('',#1578,#1577,#213,.T.);
#1973=EDGE_CURVE('',#1579,#1579,#214,.T.);
#1974=EDGE_CURVE('',#1580,#1580,#215,.T.);
#1975=EDGE_CURVE('',#1580,#1564,#902,.T.);
#1976=EDGE_CURVE('',#1581,#1581,#216,.T.);
#1977=EDGE_CURVE('',#1581,#1575,#903,.T.);
#1978=EDGE_CURVE('',#1582,#1582,#217,.T.);
#1979=EDGE_CURVE('',#1582,#1581,#904,.T.);
#1980=EDGE_CURVE('',#1522,#1583,#905,.T.);
#1981=EDGE_CURVE('',#1584,#1583,#906,.T.);
#1982=EDGE_CURVE('',#1523,#1584,#907,.T.);
#1983=EDGE_CURVE('',#1521,#1585,#908,.T.);
#1984=EDGE_CURVE('',#1583,#1585,#218,.T.);
#1985=EDGE_CURVE('',#1520,#1586,#909,.T.);
#1986=EDGE_CURVE('',#1585,#1586,#910,.T.);
#1987=EDGE_CURVE('',#1586,#1584,#219,.T.);
#1988=EDGE_CURVE('',#1519,#1587,#911,.T.);
#1989=EDGE_CURVE('',#1588,#1587,#220,.T.);
#1990=EDGE_CURVE('',#1589,#1588,#912,.T.);
#1991=EDGE_CURVE('',#1590,#1589,#221,.T.);
#1992=EDGE_CURVE('',#1590,#1591,#913,.T.);
#1993=EDGE_CURVE('',#1592,#1591,#222,.T.);
#1994=EDGE_CURVE('',#1593,#1592,#914,.T.);
#1995=EDGE_CURVE('',#1594,#1593,#223,.T.);
#1996=EDGE_CURVE('',#1594,#1595,#915,.T.);
#1997=EDGE_CURVE('',#1596,#1595,#224,.T.);
#1998=EDGE_CURVE('',#1597,#1596,#916,.T.);
#1999=EDGE_CURVE('',#1598,#1597,#225,.T.);
#2000=EDGE_CURVE('',#1598,#1599,#917,.T.);
#2001=EDGE_CURVE('',#1600,#1599,#226,.T.);
#2002=EDGE_CURVE('',#1601,#1600,#918,.T.);
#2003=EDGE_CURVE('',#1602,#1601,#227,.T.);
#2004=EDGE_CURVE('',#1602,#1603,#919,.T.);
#2005=EDGE_CURVE('',#1604,#1603,#228,.T.);
#2006=EDGE_CURVE('',#1605,#1604,#920,.T.);
#2007=EDGE_CURVE('',#1606,#1605,#229,.T.);
#2008=EDGE_CURVE('',#1606,#1607,#921,.T.);
#2009=EDGE_CURVE('',#1608,#1607,#230,.T.);
#2010=EDGE_CURVE('',#1609,#1608,#922,.T.);
#2011=EDGE_CURVE('',#1610,#1609,#231,.T.);
#2012=EDGE_CURVE('',#1610,#1611,#923,.T.);
#2013=EDGE_CURVE('',#1612,#1611,#232,.T.);
#2014=EDGE_CURVE('',#1524,#1612,#924,.T.);
#2015=EDGE_CURVE('',#1493,#1602,#233,.T.);
#2016=EDGE_CURVE('',#1605,#1493,#234,.T.);
#2017=EDGE_CURVE('',#1603,#1604,#235,.T.);
#2018=EDGE_CURVE('',#1597,#1498,#236,.T.);
#2019=EDGE_CURVE('',#1595,#1596,#237,.T.);
#2020=EDGE_CURVE('',#1498,#1594,#238,.T.);
#2021=EDGE_CURVE('',#1507,#1613,#925,.T.);
#2022=EDGE_CURVE('',#1480,#1613,#926,.T.);
#2023=EDGE_CURVE('',#1471,#1614,#927,.T.);
#2024=EDGE_CURVE('',#1613,#1614,#928,.T.);
#2025=EDGE_CURVE('',#1614,#1481,#929,.T.);
#2026=EDGE_CURVE('',#1577,#1615,#930,.T.);
#2027=EDGE_CURVE('',#1616,#1615,#931,.T.);
#2028=EDGE_CURVE('',#1616,#1617,#932,.T.);
#2029=EDGE_CURVE('',#1618,#1617,#933,.T.);
#2030=EDGE_CURVE('',#1576,#1618,#934,.T.);
#2031=EDGE_CURVE('',#1619,#1616,#935,.T.);
#2032=EDGE_CURVE('',#1619,#1620,#936,.T.);
#2033=EDGE_CURVE('',#1617,#1620,#937,.T.);
#2034=EDGE_CURVE('',#1551,#1621,#938,.T.);
#2035=EDGE_CURVE('',#1551,#1622,#939,.T.);
#2036=EDGE_CURVE('',#1623,#1622,#940,.T.);
#2037=EDGE_CURVE('',#1621,#1623,#941,.T.);
#2038=EDGE_CURVE('',#1567,#1624,#942,.T.);
#2039=EDGE_CURVE('',#1625,#1624,#943,.T.);
#2040=EDGE_CURVE('',#1625,#1626,#944,.T.);
#2041=EDGE_CURVE('',#1627,#1626,#945,.T.);
#2042=EDGE_CURVE('',#1568,#1627,#946,.T.);
#2043=EDGE_CURVE('',#1625,#1551,#239,.T.);
#2044=EDGE_CURVE('',#1625,#1626,#947,.T.);
#2045=EDGE_CURVE('',#1622,#1626,#240,.T.);
#2046=EDGE_CURVE('',#1551,#1622,#948,.T.);
#2047=EDGE_CURVE('',#1550,#1628,#949,.T.);
#2048=EDGE_CURVE('',#1622,#1628,#950,.T.);
#2049=EDGE_CURVE('',#1621,#1625,#951,.T.);
#2050=EDGE_CURVE('',#1626,#1623,#952,.T.);
#2051=EDGE_CURVE('',#1543,#1629,#953,.T.);
#2052=EDGE_CURVE('',#1630,#1629,#954,.T.);
#2053=EDGE_CURVE('',#1544,#1630,#955,.T.);
#2054=EDGE_CURVE('',#1631,#1630,#43,.T.);
#2055=EDGE_CURVE('',#1545,#1631,#956,.T.);
#2056=EDGE_CURVE('',#1632,#1631,#957,.T.);
#2057=EDGE_CURVE('',#1546,#1632,#958,.T.);
#2058=EDGE_CURVE('',#1633,#1632,#44,.T.);
#2059=EDGE_CURVE('',#1547,#1633,#959,.T.);
#2060=EDGE_CURVE('',#1634,#1633,#960,.T.);
#2061=EDGE_CURVE('',#1548,#1634,#961,.T.);
#2062=EDGE_CURVE('',#1635,#1634,#962,.T.);
#2063=EDGE_CURVE('',#1549,#1635,#963,.T.);
#2064=EDGE_CURVE('',#1628,#1635,#964,.T.);
#2065=EDGE_CURVE('',#1636,#1627,#965,.T.);
#2066=EDGE_CURVE('',#1569,#1636,#966,.T.);
#2067=EDGE_CURVE('',#1637,#1636,#967,.T.);
#2068=EDGE_CURVE('',#1570,#1637,#968,.T.);
#2069=EDGE_CURVE('',#1638,#1637,#969,.T.);
#2070=EDGE_CURVE('',#1571,#1638,#970,.T.);
#2071=EDGE_CURVE('',#1572,#1639,#971,.T.);
#2072=EDGE_CURVE('',#1620,#1638,#972,.T.);
#2073=EDGE_CURVE('',#1639,#1619,#973,.T.);
#2074=EDGE_CURVE('',#1578,#1640,#974,.T.);
#2075=EDGE_CURVE('',#1620,#1618,#241,.T.);
#2076=EDGE_CURVE('',#1619,#1620,#975,.T.);
#2077=EDGE_CURVE('',#1640,#1619,#242,.T.);
#2078=EDGE_CURVE('',#1619,#1641,#243,.T.);
#2079=EDGE_CURVE('',#1642,#1620,#244,.T.);
#2080=EDGE_CURVE('',#1537,#1642,#976,.T.);
#2081=EDGE_CURVE('',#1641,#1536,#245,.T.);
#2082=EDGE_CURVE('',#1643,#1642,#977,.T.);
#2083=EDGE_CURVE('',#1538,#1643,#978,.T.);
#2084=EDGE_CURVE('',#1644,#1643,#979,.T.);
#2085=EDGE_CURVE('',#1539,#1644,#980,.T.);
#2086=EDGE_CURVE('',#1645,#1644,#981,.T.);
#2087=EDGE_CURVE('',#1540,#1645,#982,.T.);
#2088=EDGE_CURVE('',#1646,#1645,#45,.T.);
#2089=EDGE_CURVE('',#1541,#1646,#983,.T.);
#2090=EDGE_CURVE('',#1647,#1646,#984,.T.);
#2091=EDGE_CURVE('',#1542,#1647,#985,.T.);
#2092=EDGE_CURVE('',#1629,#1647,#46,.T.);
#2093=EDGE_CURVE('',#1626,#1622,#246,.T.);
#2094=EDGE_CURVE('',#1648,#1625,#247,.T.);
#2095=EDGE_CURVE('',#1552,#1648,#248,.T.);
#2096=EDGE_CURVE('',#1593,#1499,#249,.T.);
#2097=EDGE_CURVE('',#1591,#1592,#250,.T.);
#2098=EDGE_CURVE('',#1499,#1590,#251,.T.);
#2099=EDGE_CURVE('',#1497,#1598,#252,.T.);
#2100=EDGE_CURVE('',#1599,#1496,#253,.T.);
#2101=EDGE_CURVE('',#1601,#1494,#254,.T.);
#2102=EDGE_CURVE('',#1495,#1600,#255,.T.);
#2103=EDGE_CURVE('',#1609,#1489,#256,.T.);
#2104=EDGE_CURVE('',#1490,#1608,#257,.T.);
#2105=EDGE_CURVE('',#1492,#1606,#258,.T.);
#2106=EDGE_CURVE('',#1607,#1491,#259,.T.);
#2107=EDGE_CURVE('',#1563,#1649,#986,.T.);
#2108=EDGE_CURVE('',#1650,#1649,#987,.T.);
#2109=EDGE_CURVE('',#1501,#1650,#988,.T.);
#2110=EDGE_CURVE('',#1562,#1651,#989,.T.);
#2111=EDGE_CURVE('',#1649,#1651,#990,.T.);
#2112=EDGE_CURVE('',#1532,#1652,#991,.T.);
#2113=EDGE_CURVE('',#1651,#1652,#47,.T.);
#2114=EDGE_CURVE('',#1561,#1650,#992,.T.);
#2115=EDGE_CURVE('',#1653,#1558,#48,.T.);
#2116=EDGE_CURVE('',#1527,#1653,#993,.T.);
#2117=EDGE_CURVE('',#1654,#1653,#994,.T.);
#2118=EDGE_CURVE('',#1528,#1654,#995,.T.);
#2119=EDGE_CURVE('',#1655,#1654,#996,.T.);
#2120=EDGE_CURVE('',#1529,#1655,#997,.T.);
#2121=EDGE_CURVE('',#1656,#1655,#998,.T.);
#2122=EDGE_CURVE('',#1530,#1656,#999,.T.);
#2123=EDGE_CURVE('',#1657,#1656,#1000,.T.);
#2124=EDGE_CURVE('',#1531,#1657,#1001,.T.);
#2125=EDGE_CURVE('',#1518,#1657,#1002,.T.);
#2126=EDGE_CURVE('',#1652,#1514,#1003,.T.);
#2127=EDGE_CURVE('',#1611,#1612,#260,.T.);
#2128=EDGE_CURVE('',#1488,#1610,#261,.T.);
#2129=EDGE_CURVE('',#1589,#1500,#262,.T.);
#2130=EDGE_CURVE('',#1587,#1588,#263,.T.);
#2131=EDGE_CURVE('',#1553,#1579,#1004,.T.);
#2132=EDGE_CURVE('',#1573,#1658,#1005,.T.);
#2133=EDGE_CURVE('',#1536,#1658,#1006,.T.);
#2134=EDGE_CURVE('',#1574,#1535,#1007,.T.);
#2135=EDGE_CURVE('',#1566,#1659,#1008,.T.);
#2136=EDGE_CURVE('',#1648,#1659,#1009,.T.);
#2137=EDGE_CURVE('',#1624,#1648,#1010,.T.);
#2138=EDGE_CURVE('',#1659,#1552,#1011,.T.);
#2139=EDGE_CURVE('',#1658,#1641,#1012,.T.);
#2140=EDGE_CURVE('',#1641,#1639,#1013,.T.);
#2141=EDGE_CURVE('',#1615,#1640,#264,.T.);
#2142=EDGE_CURVE('',#1660,#1661,#265,.T.);
#2143=EDGE_CURVE('',#1661,#1662,#61,.T.);
#2144=EDGE_CURVE('',#1662,#1663,#266,.T.);
#2145=EDGE_CURVE('',#1660,#1663,#62,.T.);
#2146=EDGE_CURVE('',#1661,#1664,#267,.T.);
#2147=EDGE_CURVE('',#1664,#1665,#63,.T.);
#2148=EDGE_CURVE('',#1665,#1662,#268,.T.);
#2149=EDGE_CURVE('',#1664,#1666,#269,.T.);
#2150=EDGE_CURVE('',#1666,#1667,#64,.T.);
#2151=EDGE_CURVE('',#1667,#1665,#270,.T.);
#2152=EDGE_CURVE('',#1666,#1668,#271,.T.);
#2153=EDGE_CURVE('',#1668,#1669,#65,.T.);
#2154=EDGE_CURVE('',#1669,#1667,#272,.T.);
#2155=EDGE_CURVE('',#1668,#1670,#273,.T.);
#2156=EDGE_CURVE('',#1670,#1671,#66,.T.);
#2157=EDGE_CURVE('',#1671,#1669,#274,.T.);
#2158=EDGE_CURVE('',#1672,#1671,#275,.T.);
#2159=EDGE_CURVE('',#1670,#1673,#276,.T.);
#2160=EDGE_CURVE('',#1673,#1672,#67,.T.);
#2161=EDGE_CURVE('',#1674,#1672,#277,.T.);
#2162=EDGE_CURVE('',#1673,#1675,#278,.T.);
#2163=EDGE_CURVE('',#1675,#1674,#68,.T.);
#2164=EDGE_CURVE('',#1663,#1674,#279,.T.);
#2165=EDGE_CURVE('',#1675,#1660,#280,.T.);
#2166=EDGE_CURVE('',#1676,#1672,#1014,.T.);
#2167=EDGE_CURVE('',#1677,#1676,#281,.T.);
#2168=EDGE_CURVE('',#1677,#1671,#1015,.T.);
#2169=EDGE_CURVE('',#1678,#1674,#1016,.T.);
#2170=EDGE_CURVE('',#1678,#1676,#282,.T.);
#2171=EDGE_CURVE('',#1679,#1663,#1017,.T.);
#2172=EDGE_CURVE('',#1678,#1679,#283,.T.);
#2173=EDGE_CURVE('',#1680,#1662,#1018,.T.);
#2174=EDGE_CURVE('',#1680,#1679,#284,.T.);
#2175=EDGE_CURVE('',#1681,#1682,#1019,.T.);
#2176=EDGE_CURVE('',#1681,#1683,#1020,.T.);
#2177=EDGE_CURVE('',#1683,#1684,#1021,.T.);
#2178=EDGE_CURVE('',#1682,#1684,#1022,.T.);
#2179=EDGE_CURVE('',#1685,#1686,#1023,.T.);
#2180=EDGE_CURVE('',#1685,#1687,#1024,.T.);
#2181=EDGE_CURVE('',#1687,#1688,#1025,.T.);
#2182=EDGE_CURVE('',#1686,#1688,#1026,.T.);
#2183=EDGE_CURVE('',#1684,#1689,#285,.T.);
#2184=EDGE_CURVE('',#1688,#1683,#286,.T.);
#2185=EDGE_CURVE('',#1689,#1687,#287,.T.);
#2186=EDGE_CURVE('',#1685,#1686,#288,.T.);
#2187=EDGE_CURVE('',#1681,#1682,#289,.T.);
#2188=EDGE_CURVE('',#1690,#1690,#290,.T.);
#2189=EDGE_CURVE('',#1690,#1689,#1027,.T.);
#2190=EDGE_CURVE('',#1691,#1665,#1028,.T.);
#2191=EDGE_CURVE('',#1680,#1691,#291,.T.);
#2192=EDGE_CURVE('',#1692,#1667,#1029,.T.);
#2193=EDGE_CURVE('',#1692,#1691,#292,.T.);
#2194=EDGE_CURVE('',#1693,#1669,#1030,.T.);
#2195=EDGE_CURVE('',#1692,#1693,#293,.T.);
#2196=EDGE_CURVE('',#1677,#1693,#294,.T.);
#2197=EDGE_CURVE('',#1694,#1695,#1031,.T.);
#2198=EDGE_CURVE('',#1695,#1696,#1032,.T.);
#2199=EDGE_CURVE('',#1696,#1697,#1033,.T.);
#2200=EDGE_CURVE('',#1697,#1694,#1034,.T.);
#2201=EDGE_CURVE('',#1698,#1699,#1035,.T.);
#2202=EDGE_CURVE('',#1699,#1700,#1036,.T.);
#2203=EDGE_CURVE('',#1700,#1701,#1037,.T.);
#2204=EDGE_CURVE('',#1701,#1698,#1038,.T.);
#2205=EDGE_CURVE('',#1697,#1700,#1039,.T.);
#2206=EDGE_CURVE('',#1694,#1699,#1040,.T.);
#2207=EDGE_CURVE('',#1696,#1701,#1041,.T.);
#2208=EDGE_CURVE('',#1695,#1698,#1042,.T.);
#2209=ORIENTED_EDGE('',*,*,#1702,.T.);
#2210=ORIENTED_EDGE('',*,*,#1703,.F.);
#2211=ORIENTED_EDGE('',*,*,#1704,.F.);
#2212=ORIENTED_EDGE('',*,*,#1705,.F.);
#2213=ORIENTED_EDGE('',*,*,#1706,.T.);
#2214=ORIENTED_EDGE('',*,*,#1705,.T.);
#2215=ORIENTED_EDGE('',*,*,#1707,.F.);
#2216=ORIENTED_EDGE('',*,*,#1708,.F.);
#2217=ORIENTED_EDGE('',*,*,#1709,.T.);
#2218=ORIENTED_EDGE('',*,*,#1708,.T.);
#2219=ORIENTED_EDGE('',*,*,#1710,.F.);
#2220=ORIENTED_EDGE('',*,*,#1711,.F.);
#2221=ORIENTED_EDGE('',*,*,#1712,.F.);
#2222=ORIENTED_EDGE('',*,*,#1710,.T.);
#2223=ORIENTED_EDGE('',*,*,#1707,.T.);
#2224=ORIENTED_EDGE('',*,*,#1704,.T.);
#2225=ORIENTED_EDGE('',*,*,#1713,.T.);
#2226=ORIENTED_EDGE('',*,*,#1714,.T.);
#2227=ORIENTED_EDGE('',*,*,#1715,.F.);
#2228=ORIENTED_EDGE('',*,*,#1714,.F.);
#2229=ORIENTED_EDGE('',*,*,#1716,.T.);
#2230=ORIENTED_EDGE('',*,*,#1717,.F.);
#2231=ORIENTED_EDGE('',*,*,#1718,.F.);
#2232=ORIENTED_EDGE('',*,*,#1719,.F.);
#2233=ORIENTED_EDGE('',*,*,#1720,.T.);
#2234=ORIENTED_EDGE('',*,*,#1719,.T.);
#2235=ORIENTED_EDGE('',*,*,#1721,.F.);
#2236=ORIENTED_EDGE('',*,*,#1722,.F.);
#2237=ORIENTED_EDGE('',*,*,#1723,.T.);
#2238=ORIENTED_EDGE('',*,*,#1722,.T.);
#2239=ORIENTED_EDGE('',*,*,#1724,.F.);
#2240=ORIENTED_EDGE('',*,*,#1725,.F.);
#2241=ORIENTED_EDGE('',*,*,#1726,.F.);
#2242=ORIENTED_EDGE('',*,*,#1724,.T.);
#2243=ORIENTED_EDGE('',*,*,#1721,.T.);
#2244=ORIENTED_EDGE('',*,*,#1718,.T.);
#2245=ORIENTED_EDGE('',*,*,#1727,.F.);
#2246=ORIENTED_EDGE('',*,*,#1715,.T.);
#2247=ORIENTED_EDGE('',*,*,#1728,.T.);
#2248=ORIENTED_EDGE('',*,*,#1729,.T.);
#2249=ORIENTED_EDGE('',*,*,#1730,.F.);
#2250=ORIENTED_EDGE('',*,*,#1729,.F.);
#2251=ORIENTED_EDGE('',*,*,#1731,.T.);
#2252=ORIENTED_EDGE('',*,*,#1732,.F.);
#2253=ORIENTED_EDGE('',*,*,#1733,.F.);
#2254=ORIENTED_EDGE('',*,*,#1734,.F.);
#2255=ORIENTED_EDGE('',*,*,#1735,.T.);
#2256=ORIENTED_EDGE('',*,*,#1734,.T.);
#2257=ORIENTED_EDGE('',*,*,#1736,.F.);
#2258=ORIENTED_EDGE('',*,*,#1737,.F.);
#2259=ORIENTED_EDGE('',*,*,#1738,.T.);
#2260=ORIENTED_EDGE('',*,*,#1737,.T.);
#2261=ORIENTED_EDGE('',*,*,#1739,.F.);
#2262=ORIENTED_EDGE('',*,*,#1740,.F.);
#2263=ORIENTED_EDGE('',*,*,#1741,.F.);
#2264=ORIENTED_EDGE('',*,*,#1739,.T.);
#2265=ORIENTED_EDGE('',*,*,#1736,.T.);
#2266=ORIENTED_EDGE('',*,*,#1733,.T.);
#2267=ORIENTED_EDGE('',*,*,#1730,.T.);
#2268=ORIENTED_EDGE('',*,*,#1742,.F.);
#2269=ORIENTED_EDGE('',*,*,#1743,.T.);
#2270=ORIENTED_EDGE('',*,*,#1744,.F.);
#2271=ORIENTED_EDGE('',*,*,#1743,.F.);
#2272=ORIENTED_EDGE('',*,*,#1742,.T.);
#2273=ORIENTED_EDGE('',*,*,#1726,.T.);
#2274=ORIENTED_EDGE('',*,*,#1745,.T.);
#2275=ORIENTED_EDGE('',*,*,#1746,.T.);
#2276=ORIENTED_EDGE('',*,*,#1745,.F.);
#2277=ORIENTED_EDGE('',*,*,#1727,.T.);
#2278=ORIENTED_EDGE('',*,*,#1717,.T.);
#2279=ORIENTED_EDGE('',*,*,#1747,.F.);
#2280=ORIENTED_EDGE('',*,*,#1740,.T.);
#2281=ORIENTED_EDGE('',*,*,#1741,.T.);
#2282=ORIENTED_EDGE('',*,*,#1732,.T.);
#2283=ORIENTED_EDGE('',*,*,#1748,.F.);
#2284=ORIENTED_EDGE('',*,*,#1711,.T.);
#2285=ORIENTED_EDGE('',*,*,#1712,.T.);
#2286=ORIENTED_EDGE('',*,*,#1703,.T.);
#2287=ORIENTED_EDGE('',*,*,#1749,.F.);
#2288=ORIENTED_EDGE('',*,*,#1725,.T.);
#2289=ORIENTED_EDGE('',*,*,#1747,.T.);
#2290=ORIENTED_EDGE('',*,*,#1716,.F.);
#2291=ORIENTED_EDGE('',*,*,#1720,.F.);
#2292=ORIENTED_EDGE('',*,*,#1723,.F.);
#2293=ORIENTED_EDGE('',*,*,#1749,.T.);
#2294=ORIENTED_EDGE('',*,*,#1702,.F.);
#2295=ORIENTED_EDGE('',*,*,#1706,.F.);
#2296=ORIENTED_EDGE('',*,*,#1709,.F.);
#2297=ORIENTED_EDGE('',*,*,#1748,.T.);
#2298=ORIENTED_EDGE('',*,*,#1731,.F.);
#2299=ORIENTED_EDGE('',*,*,#1735,.F.);
#2300=ORIENTED_EDGE('',*,*,#1738,.F.);
#2301=ORIENTED_EDGE('',*,*,#1713,.F.);
#2302=ORIENTED_EDGE('',*,*,#1728,.F.);
#2303=ORIENTED_EDGE('',*,*,#1744,.T.);
#2304=ORIENTED_EDGE('',*,*,#1746,.F.);
#2305=ORIENTED_EDGE('',*,*,#1750,.F.);
#2306=ORIENTED_EDGE('',*,*,#1751,.F.);
#2307=ORIENTED_EDGE('',*,*,#1752,.T.);
#2308=ORIENTED_EDGE('',*,*,#1753,.F.);
#2309=ORIENTED_EDGE('',*,*,#1754,.F.);
#2310=ORIENTED_EDGE('',*,*,#1752,.F.);
#2311=ORIENTED_EDGE('',*,*,#1755,.F.);
#2312=ORIENTED_EDGE('',*,*,#1756,.F.);
#2313=ORIENTED_EDGE('',*,*,#1757,.T.);
#2314=ORIENTED_EDGE('',*,*,#1758,.F.);
#2315=ORIENTED_EDGE('',*,*,#1757,.F.);
#2316=ORIENTED_EDGE('',*,*,#1759,.F.);
#2317=ORIENTED_EDGE('',*,*,#1760,.F.);
#2318=ORIENTED_EDGE('',*,*,#1753,.T.);
#2319=ORIENTED_EDGE('',*,*,#1754,.T.);
#2320=ORIENTED_EDGE('',*,*,#1751,.T.);
#2321=ORIENTED_EDGE('',*,*,#1761,.F.);
#2322=ORIENTED_EDGE('',*,*,#1758,.T.);
#2323=ORIENTED_EDGE('',*,*,#1759,.T.);
#2324=ORIENTED_EDGE('',*,*,#1756,.T.);
#2325=ORIENTED_EDGE('',*,*,#1762,.F.);
#2326=ORIENTED_EDGE('',*,*,#1763,.T.);
#2327=ORIENTED_EDGE('',*,*,#1764,.F.);
#2328=ORIENTED_EDGE('',*,*,#1763,.F.);
#2329=ORIENTED_EDGE('',*,*,#1750,.T.);
#2330=ORIENTED_EDGE('',*,*,#1760,.T.);
#2331=ORIENTED_EDGE('',*,*,#1762,.T.);
#2332=ORIENTED_EDGE('',*,*,#1755,.T.);
#2333=ORIENTED_EDGE('',*,*,#1761,.T.);
#2334=ORIENTED_EDGE('',*,*,#1764,.T.);
#2335=ORIENTED_EDGE('',*,*,#1765,.F.);
#2336=ORIENTED_EDGE('',*,*,#1766,.F.);
#2337=ORIENTED_EDGE('',*,*,#1767,.F.);
#2338=ORIENTED_EDGE('',*,*,#1768,.T.);
#2339=ORIENTED_EDGE('',*,*,#1769,.F.);
#2340=ORIENTED_EDGE('',*,*,#1768,.F.);
#2341=ORIENTED_EDGE('',*,*,#1770,.F.);
#2342=ORIENTED_EDGE('',*,*,#1771,.T.);
#2343=ORIENTED_EDGE('',*,*,#1772,.F.);
#2344=ORIENTED_EDGE('',*,*,#1773,.F.);
#2345=ORIENTED_EDGE('',*,*,#1771,.F.);
#2346=ORIENTED_EDGE('',*,*,#1774,.F.);
#2347=ORIENTED_EDGE('',*,*,#1775,.T.);
#2348=ORIENTED_EDGE('',*,*,#1776,.F.);
#2349=ORIENTED_EDGE('',*,*,#1777,.F.);
#2350=ORIENTED_EDGE('',*,*,#1775,.F.);
#2351=ORIENTED_EDGE('',*,*,#1778,.F.);
#2352=ORIENTED_EDGE('',*,*,#1766,.T.);
#2353=ORIENTED_EDGE('',*,*,#1777,.T.);
#2354=ORIENTED_EDGE('',*,*,#1779,.F.);
#2355=ORIENTED_EDGE('',*,*,#1780,.F.);
#2356=ORIENTED_EDGE('',*,*,#1781,.F.);
#2357=ORIENTED_EDGE('',*,*,#1776,.T.);
#2358=ORIENTED_EDGE('',*,*,#1765,.T.);
#2359=ORIENTED_EDGE('',*,*,#1769,.T.);
#2360=ORIENTED_EDGE('',*,*,#1782,.T.);
#2361=ORIENTED_EDGE('',*,*,#1783,.T.);
#2362=ORIENTED_EDGE('',*,*,#1784,.T.);
#2363=ORIENTED_EDGE('',*,*,#1785,.T.);
#2364=ORIENTED_EDGE('',*,*,#1786,.F.);
#2365=ORIENTED_EDGE('',*,*,#1787,.F.);
#2366=ORIENTED_EDGE('',*,*,#1788,.T.);
#2367=ORIENTED_EDGE('',*,*,#1789,.T.);
#2368=ORIENTED_EDGE('',*,*,#1779,.T.);
#2369=ORIENTED_EDGE('',*,*,#1790,.F.);
#2370=ORIENTED_EDGE('',*,*,#1791,.T.);
#2371=ORIENTED_EDGE('',*,*,#1780,.T.);
#2372=ORIENTED_EDGE('',*,*,#1789,.F.);
#2373=ORIENTED_EDGE('',*,*,#1792,.F.);
#2374=ORIENTED_EDGE('',*,*,#1793,.T.);
#2375=ORIENTED_EDGE('',*,*,#1794,.T.);
#2376=ORIENTED_EDGE('',*,*,#1773,.T.);
#2377=ORIENTED_EDGE('',*,*,#1781,.T.);
#2378=ORIENTED_EDGE('',*,*,#1791,.F.);
#2379=ORIENTED_EDGE('',*,*,#1795,.F.);
#2380=ORIENTED_EDGE('',*,*,#1783,.F.);
#2381=ORIENTED_EDGE('',*,*,#1796,.T.);
#2382=ORIENTED_EDGE('',*,*,#1793,.F.);
#2383=ORIENTED_EDGE('',*,*,#1772,.T.);
#2384=ORIENTED_EDGE('',*,*,#1794,.F.);
#2385=ORIENTED_EDGE('',*,*,#1796,.F.);
#2386=ORIENTED_EDGE('',*,*,#1782,.F.);
#2387=ORIENTED_EDGE('',*,*,#1797,.T.);
#2388=ORIENTED_EDGE('',*,*,#1787,.T.);
#2389=ORIENTED_EDGE('',*,*,#1798,.F.);
#2390=ORIENTED_EDGE('',*,*,#1799,.F.);
#2391=ORIENTED_EDGE('',*,*,#1800,.T.);
#2392=ORIENTED_EDGE('',*,*,#1799,.T.);
#2393=ORIENTED_EDGE('',*,*,#1801,.F.);
#2394=ORIENTED_EDGE('',*,*,#1802,.F.);
#2395=ORIENTED_EDGE('',*,*,#1774,.T.);
#2396=ORIENTED_EDGE('',*,*,#1770,.T.);
#2397=ORIENTED_EDGE('',*,*,#1767,.T.);
#2398=ORIENTED_EDGE('',*,*,#1778,.T.);
#2399=ORIENTED_EDGE('',*,*,#1803,.T.);
#2400=ORIENTED_EDGE('',*,*,#1802,.T.);
#2401=ORIENTED_EDGE('',*,*,#1804,.F.);
#2402=ORIENTED_EDGE('',*,*,#1785,.F.);
#2403=ORIENTED_EDGE('',*,*,#1790,.T.);
#2404=ORIENTED_EDGE('',*,*,#1788,.F.);
#2405=ORIENTED_EDGE('',*,*,#1797,.F.);
#2406=ORIENTED_EDGE('',*,*,#1800,.F.);
#2407=ORIENTED_EDGE('',*,*,#1803,.F.);
#2408=ORIENTED_EDGE('',*,*,#1784,.F.);
#2409=ORIENTED_EDGE('',*,*,#1795,.T.);
#2410=ORIENTED_EDGE('',*,*,#1792,.T.);
#2411=ORIENTED_EDGE('',*,*,#1786,.T.);
#2412=ORIENTED_EDGE('',*,*,#1804,.T.);
#2413=ORIENTED_EDGE('',*,*,#1801,.T.);
#2414=ORIENTED_EDGE('',*,*,#1798,.T.);
#2415=ORIENTED_EDGE('',*,*,#1805,.T.);
#2416=ORIENTED_EDGE('',*,*,#1806,.T.);
#2417=ORIENTED_EDGE('',*,*,#1807,.F.);
#2418=ORIENTED_EDGE('',*,*,#1808,.F.);
#2419=ORIENTED_EDGE('',*,*,#1809,.T.);
#2420=ORIENTED_EDGE('',*,*,#1808,.T.);
#2421=ORIENTED_EDGE('',*,*,#1810,.F.);
#2422=ORIENTED_EDGE('',*,*,#1811,.F.);
#2423=ORIENTED_EDGE('',*,*,#1812,.T.);
#2424=ORIENTED_EDGE('',*,*,#1811,.T.);
#2425=ORIENTED_EDGE('',*,*,#1813,.F.);
#2426=ORIENTED_EDGE('',*,*,#1814,.F.);
#2427=ORIENTED_EDGE('',*,*,#1815,.T.);
#2428=ORIENTED_EDGE('',*,*,#1814,.T.);
#2429=ORIENTED_EDGE('',*,*,#1816,.F.);
#2430=ORIENTED_EDGE('',*,*,#1806,.F.);
#2431=ORIENTED_EDGE('',*,*,#1816,.T.);
#2432=ORIENTED_EDGE('',*,*,#1813,.T.);
#2433=ORIENTED_EDGE('',*,*,#1810,.T.);
#2434=ORIENTED_EDGE('',*,*,#1807,.T.);
#2435=ORIENTED_EDGE('',*,*,#1815,.F.);
#2436=ORIENTED_EDGE('',*,*,#1805,.F.);
#2437=ORIENTED_EDGE('',*,*,#1809,.F.);
#2438=ORIENTED_EDGE('',*,*,#1812,.F.);
#2439=ORIENTED_EDGE('',*,*,#1817,.T.);
#2440=ORIENTED_EDGE('',*,*,#1818,.T.);
#2441=ORIENTED_EDGE('',*,*,#1819,.F.);
#2442=ORIENTED_EDGE('',*,*,#1820,.F.);
#2443=ORIENTED_EDGE('',*,*,#1821,.T.);
#2444=ORIENTED_EDGE('',*,*,#1820,.T.);
#2445=ORIENTED_EDGE('',*,*,#1822,.F.);
#2446=ORIENTED_EDGE('',*,*,#1823,.F.);
#2447=ORIENTED_EDGE('',*,*,#1824,.T.);
#2448=ORIENTED_EDGE('',*,*,#1823,.T.);
#2449=ORIENTED_EDGE('',*,*,#1825,.F.);
#2450=ORIENTED_EDGE('',*,*,#1826,.F.);
#2451=ORIENTED_EDGE('',*,*,#1827,.T.);
#2452=ORIENTED_EDGE('',*,*,#1826,.T.);
#2453=ORIENTED_EDGE('',*,*,#1828,.F.);
#2454=ORIENTED_EDGE('',*,*,#1818,.F.);
#2455=ORIENTED_EDGE('',*,*,#1828,.T.);
#2456=ORIENTED_EDGE('',*,*,#1825,.T.);
#2457=ORIENTED_EDGE('',*,*,#1822,.T.);
#2458=ORIENTED_EDGE('',*,*,#1819,.T.);
#2459=ORIENTED_EDGE('',*,*,#1827,.F.);
#2460=ORIENTED_EDGE('',*,*,#1817,.F.);
#2461=ORIENTED_EDGE('',*,*,#1821,.F.);
#2462=ORIENTED_EDGE('',*,*,#1824,.F.);
#2463=ORIENTED_EDGE('',*,*,#1829,.F.);
#2464=ORIENTED_EDGE('',*,*,#1830,.T.);
#2465=ORIENTED_EDGE('',*,*,#1831,.F.);
#2466=ORIENTED_EDGE('',*,*,#1830,.F.);
#2467=ORIENTED_EDGE('',*,*,#1832,.F.);
#2468=ORIENTED_EDGE('',*,*,#1833,.T.);
#2469=ORIENTED_EDGE('',*,*,#1834,.F.);
#2470=ORIENTED_EDGE('',*,*,#1833,.F.);
#2471=ORIENTED_EDGE('',*,*,#1835,.T.);
#2472=ORIENTED_EDGE('',*,*,#1836,.T.);
#2473=ORIENTED_EDGE('',*,*,#1837,.T.);
#2474=ORIENTED_EDGE('',*,*,#1838,.T.);
#2475=ORIENTED_EDGE('',*,*,#1839,.T.);
#2476=ORIENTED_EDGE('',*,*,#1836,.F.);
#2477=ORIENTED_EDGE('',*,*,#1840,.F.);
#2478=ORIENTED_EDGE('',*,*,#1841,.F.);
#2479=ORIENTED_EDGE('',*,*,#1842,.T.);
#2480=ORIENTED_EDGE('',*,*,#1843,.F.);
#2481=ORIENTED_EDGE('',*,*,#1844,.T.);
#2482=ORIENTED_EDGE('',*,*,#1845,.T.);
#2483=ORIENTED_EDGE('',*,*,#1846,.T.);
#2484=ORIENTED_EDGE('',*,*,#1847,.F.);
#2485=ORIENTED_EDGE('',*,*,#1844,.F.);
#2486=ORIENTED_EDGE('',*,*,#1848,.T.);
#2487=ORIENTED_EDGE('',*,*,#1849,.T.);
#2488=ORIENTED_EDGE('',*,*,#1850,.F.);
#2489=ORIENTED_EDGE('',*,*,#1851,.F.);
#2490=ORIENTED_EDGE('',*,*,#1852,.F.);
#2491=ORIENTED_EDGE('',*,*,#1853,.T.);
#2492=ORIENTED_EDGE('',*,*,#1854,.T.);
#2493=ORIENTED_EDGE('',*,*,#1855,.T.);
#2494=ORIENTED_EDGE('',*,*,#1856,.T.);
#2495=ORIENTED_EDGE('',*,*,#1857,.T.);
#2496=ORIENTED_EDGE('',*,*,#1846,.F.);
#2497=ORIENTED_EDGE('',*,*,#1858,.T.);
#2498=ORIENTED_EDGE('',*,*,#1854,.F.);
#2499=ORIENTED_EDGE('',*,*,#1859,.F.);
#2500=ORIENTED_EDGE('',*,*,#1860,.F.);
#2501=ORIENTED_EDGE('',*,*,#1861,.T.);
#2502=ORIENTED_EDGE('',*,*,#1862,.F.);
#2503=ORIENTED_EDGE('',*,*,#1863,.F.);
#2504=ORIENTED_EDGE('',*,*,#1864,.F.);
#2505=ORIENTED_EDGE('',*,*,#1865,.F.);
#2506=ORIENTED_EDGE('',*,*,#1866,.T.);
#2507=ORIENTED_EDGE('',*,*,#1867,.F.);
#2508=ORIENTED_EDGE('',*,*,#1868,.F.);
#2509=ORIENTED_EDGE('',*,*,#1869,.F.);
#2510=ORIENTED_EDGE('',*,*,#1870,.F.);
#2511=ORIENTED_EDGE('',*,*,#1871,.F.);
#2512=ORIENTED_EDGE('',*,*,#1872,.F.);
#2513=ORIENTED_EDGE('',*,*,#1873,.F.);
#2514=ORIENTED_EDGE('',*,*,#1874,.F.);
#2515=ORIENTED_EDGE('',*,*,#1875,.T.);
#2516=ORIENTED_EDGE('',*,*,#1876,.T.);
#2517=ORIENTED_EDGE('',*,*,#1877,.F.);
#2518=ORIENTED_EDGE('',*,*,#1878,.T.);
#2519=ORIENTED_EDGE('',*,*,#1839,.F.);
#2520=ORIENTED_EDGE('',*,*,#1879,.F.);
#2521=ORIENTED_EDGE('',*,*,#1880,.T.);
#2522=ORIENTED_EDGE('',*,*,#1881,.F.);
#2523=ORIENTED_EDGE('',*,*,#1882,.T.);
#2524=ORIENTED_EDGE('',*,*,#1880,.F.);
#2525=ORIENTED_EDGE('',*,*,#1883,.T.);
#2526=ORIENTED_EDGE('',*,*,#1884,.T.);
#2527=ORIENTED_EDGE('',*,*,#1885,.T.);
#2528=ORIENTED_EDGE('',*,*,#1886,.F.);
#2529=ORIENTED_EDGE('',*,*,#1887,.F.);
#2530=ORIENTED_EDGE('',*,*,#1848,.F.);
#2531=ORIENTED_EDGE('',*,*,#1843,.T.);
#2532=ORIENTED_EDGE('',*,*,#1888,.T.);
#2533=ORIENTED_EDGE('',*,*,#1884,.F.);
#2534=ORIENTED_EDGE('',*,*,#1881,.T.);
#2535=ORIENTED_EDGE('',*,*,#1889,.T.);
#2536=ORIENTED_EDGE('',*,*,#1890,.F.);
#2537=ORIENTED_EDGE('',*,*,#1891,.F.);
#2538=ORIENTED_EDGE('',*,*,#1892,.F.);
#2539=ORIENTED_EDGE('',*,*,#1887,.T.);
#2540=ORIENTED_EDGE('',*,*,#1893,.T.);
#2541=ORIENTED_EDGE('',*,*,#1894,.F.);
#2542=ORIENTED_EDGE('',*,*,#1889,.F.);
#2543=ORIENTED_EDGE('',*,*,#1886,.T.);
#2544=ORIENTED_EDGE('',*,*,#1895,.F.);
#2545=ORIENTED_EDGE('',*,*,#1896,.T.);
#2546=ORIENTED_EDGE('',*,*,#1897,.F.);
#2547=ORIENTED_EDGE('',*,*,#1893,.F.);
#2548=ORIENTED_EDGE('',*,*,#1885,.F.);
#2549=ORIENTED_EDGE('',*,*,#1888,.F.);
#2550=ORIENTED_EDGE('',*,*,#1847,.T.);
#2551=ORIENTED_EDGE('',*,*,#1872,.T.);
#2552=ORIENTED_EDGE('',*,*,#1898,.T.);
#2553=ORIENTED_EDGE('',*,*,#1899,.T.);
#2554=ORIENTED_EDGE('',*,*,#1900,.T.);
#2555=ORIENTED_EDGE('',*,*,#1901,.T.);
#2556=ORIENTED_EDGE('',*,*,#1902,.T.);
#2557=ORIENTED_EDGE('',*,*,#1903,.T.);
#2558=ORIENTED_EDGE('',*,*,#1904,.T.);
#2559=ORIENTED_EDGE('',*,*,#1859,.T.);
#2560=ORIENTED_EDGE('',*,*,#1853,.F.);
#2561=ORIENTED_EDGE('',*,*,#1905,.F.);
#2562=ORIENTED_EDGE('',*,*,#1906,.F.);
#2563=ORIENTED_EDGE('',*,*,#1907,.T.);
#2564=ORIENTED_EDGE('',*,*,#1908,.T.);
#2565=ORIENTED_EDGE('',*,*,#1909,.T.);
#2566=ORIENTED_EDGE('',*,*,#1910,.T.);
#2567=ORIENTED_EDGE('',*,*,#1911,.T.);
#2568=ORIENTED_EDGE('',*,*,#1912,.T.);
#2569=ORIENTED_EDGE('',*,*,#1895,.T.);
#2570=ORIENTED_EDGE('',*,*,#1878,.F.);
#2571=ORIENTED_EDGE('',*,*,#1882,.F.);
#2572=ORIENTED_EDGE('',*,*,#1892,.T.);
#2573=ORIENTED_EDGE('',*,*,#1913,.T.);
#2574=ORIENTED_EDGE('',*,*,#1914,.T.);
#2575=ORIENTED_EDGE('',*,*,#1915,.F.);
#2576=ORIENTED_EDGE('',*,*,#1916,.F.);
#2577=ORIENTED_EDGE('',*,*,#1877,.T.);
#2578=ORIENTED_EDGE('',*,*,#1917,.T.);
#2579=ORIENTED_EDGE('',*,*,#1918,.T.);
#2580=ORIENTED_EDGE('',*,*,#1919,.T.);
#2581=ORIENTED_EDGE('',*,*,#1920,.T.);
#2582=ORIENTED_EDGE('',*,*,#1921,.T.);
#2583=ORIENTED_EDGE('',*,*,#1922,.T.);
#2584=ORIENTED_EDGE('',*,*,#1923,.T.);
#2585=ORIENTED_EDGE('',*,*,#1924,.T.);
#2586=ORIENTED_EDGE('',*,*,#1925,.T.);
#2587=ORIENTED_EDGE('',*,*,#1926,.T.);
#2588=ORIENTED_EDGE('',*,*,#1927,.T.);
#2589=ORIENTED_EDGE('',*,*,#1928,.T.);
#2590=ORIENTED_EDGE('',*,*,#1929,.T.);
#2591=ORIENTED_EDGE('',*,*,#1930,.T.);
#2592=ORIENTED_EDGE('',*,*,#1931,.T.);
#2593=ORIENTED_EDGE('',*,*,#1932,.T.);
#2594=ORIENTED_EDGE('',*,*,#1933,.T.);
#2595=ORIENTED_EDGE('',*,*,#1934,.T.);
#2596=ORIENTED_EDGE('',*,*,#1935,.T.);
#2597=ORIENTED_EDGE('',*,*,#1840,.T.);
#2598=ORIENTED_EDGE('',*,*,#1835,.F.);
#2599=ORIENTED_EDGE('',*,*,#1936,.T.);
#2600=ORIENTED_EDGE('',*,*,#1937,.T.);
#2601=ORIENTED_EDGE('',*,*,#1938,.F.);
#2602=ORIENTED_EDGE('',*,*,#1939,.F.);
#2603=ORIENTED_EDGE('',*,*,#1906,.T.);
#2604=ORIENTED_EDGE('',*,*,#1940,.T.);
#2605=ORIENTED_EDGE('',*,*,#1905,.T.);
#2606=ORIENTED_EDGE('',*,*,#1857,.F.);
#2607=ORIENTED_EDGE('',*,*,#1941,.F.);
#2608=ORIENTED_EDGE('',*,*,#1940,.F.);
#2609=ORIENTED_EDGE('',*,*,#1938,.T.);
#2610=ORIENTED_EDGE('',*,*,#1942,.T.);
#2611=ORIENTED_EDGE('',*,*,#1943,.F.);
#2612=ORIENTED_EDGE('',*,*,#1944,.F.);
#2613=ORIENTED_EDGE('',*,*,#1937,.F.);
#2614=ORIENTED_EDGE('',*,*,#1945,.T.);
#2615=ORIENTED_EDGE('',*,*,#1946,.F.);
#2616=ORIENTED_EDGE('',*,*,#1942,.F.);
#2617=ORIENTED_EDGE('',*,*,#1856,.F.);
#2618=ORIENTED_EDGE('',*,*,#1947,.F.);
#2619=ORIENTED_EDGE('',*,*,#1948,.T.);
#2620=ORIENTED_EDGE('',*,*,#1949,.F.);
#2621=ORIENTED_EDGE('',*,*,#1945,.F.);
#2622=ORIENTED_EDGE('',*,*,#1941,.T.);
#2623=ORIENTED_EDGE('',*,*,#1915,.T.);
#2624=ORIENTED_EDGE('',*,*,#1950,.F.);
#2625=ORIENTED_EDGE('',*,*,#1951,.T.);
#2626=ORIENTED_EDGE('',*,*,#1952,.T.);
#2627=ORIENTED_EDGE('',*,*,#1953,.F.);
#2628=ORIENTED_EDGE('',*,*,#1873,.T.);
#2629=ORIENTED_EDGE('',*,*,#1916,.T.);
#2630=ORIENTED_EDGE('',*,*,#1952,.F.);
#2631=ORIENTED_EDGE('',*,*,#1954,.T.);
#2632=ORIENTED_EDGE('',*,*,#1955,.T.);
#2633=ORIENTED_EDGE('',*,*,#1956,.T.);
#2634=ORIENTED_EDGE('',*,*,#1955,.F.);
#2635=ORIENTED_EDGE('',*,*,#1852,.T.);
#2636=ORIENTED_EDGE('',*,*,#1957,.T.);
#2637=ORIENTED_EDGE('',*,*,#1837,.F.);
#2638=ORIENTED_EDGE('',*,*,#1842,.F.);
#2639=ORIENTED_EDGE('',*,*,#1958,.F.);
#2640=ORIENTED_EDGE('',*,*,#1959,.F.);
#2641=ORIENTED_EDGE('',*,*,#1960,.F.);
#2642=ORIENTED_EDGE('',*,*,#1961,.F.);
#2643=ORIENTED_EDGE('',*,*,#1962,.F.);
#2644=ORIENTED_EDGE('',*,*,#1963,.T.);
#2645=ORIENTED_EDGE('',*,*,#1964,.T.);
#2646=ORIENTED_EDGE('',*,*,#1965,.T.);
#2647=ORIENTED_EDGE('',*,*,#1966,.T.);
#2648=ORIENTED_EDGE('',*,*,#1967,.T.);
#2649=ORIENTED_EDGE('',*,*,#1875,.F.);
#2650=ORIENTED_EDGE('',*,*,#1968,.T.);
#2651=ORIENTED_EDGE('',*,*,#1947,.T.);
#2652=ORIENTED_EDGE('',*,*,#1855,.F.);
#2653=ORIENTED_EDGE('',*,*,#1858,.F.);
#2654=ORIENTED_EDGE('',*,*,#1845,.F.);
#2655=ORIENTED_EDGE('',*,*,#1831,.T.);
#2656=ORIENTED_EDGE('',*,*,#1834,.T.);
#2657=ORIENTED_EDGE('',*,*,#1969,.F.);
#2658=ORIENTED_EDGE('',*,*,#1970,.F.);
#2659=ORIENTED_EDGE('',*,*,#1971,.F.);
#2660=ORIENTED_EDGE('',*,*,#1972,.T.);
#2661=ORIENTED_EDGE('',*,*,#1973,.F.);
#2662=ORIENTED_EDGE('',*,*,#1956,.F.);
#2663=ORIENTED_EDGE('',*,*,#1974,.F.);
#2664=ORIENTED_EDGE('',*,*,#1975,.T.);
#2665=ORIENTED_EDGE('',*,*,#1954,.F.);
#2666=ORIENTED_EDGE('',*,*,#1975,.F.);
#2667=ORIENTED_EDGE('',*,*,#1976,.T.);
#2668=ORIENTED_EDGE('',*,*,#1977,.T.);
#2669=ORIENTED_EDGE('',*,*,#1969,.T.);
#2670=ORIENTED_EDGE('',*,*,#1977,.F.);
#2671=ORIENTED_EDGE('',*,*,#1978,.F.);
#2672=ORIENTED_EDGE('',*,*,#1979,.T.);
#2673=ORIENTED_EDGE('',*,*,#1976,.F.);
#2674=ORIENTED_EDGE('',*,*,#1979,.F.);
#2675=ORIENTED_EDGE('',*,*,#1902,.F.);
#2676=ORIENTED_EDGE('',*,*,#1980,.T.);
#2677=ORIENTED_EDGE('',*,*,#1981,.F.);
#2678=ORIENTED_EDGE('',*,*,#1982,.F.);
#2679=ORIENTED_EDGE('',*,*,#1901,.F.);
#2680=ORIENTED_EDGE('',*,*,#1983,.T.);
#2681=ORIENTED_EDGE('',*,*,#1984,.F.);
#2682=ORIENTED_EDGE('',*,*,#1980,.F.);
#2683=ORIENTED_EDGE('',*,*,#1900,.F.);
#2684=ORIENTED_EDGE('',*,*,#1985,.T.);
#2685=ORIENTED_EDGE('',*,*,#1986,.F.);
#2686=ORIENTED_EDGE('',*,*,#1983,.F.);
#2687=ORIENTED_EDGE('',*,*,#1903,.F.);
#2688=ORIENTED_EDGE('',*,*,#1982,.T.);
#2689=ORIENTED_EDGE('',*,*,#1987,.F.);
#2690=ORIENTED_EDGE('',*,*,#1985,.F.);
#2691=ORIENTED_EDGE('',*,*,#1899,.F.);
#2692=ORIENTED_EDGE('',*,*,#1988,.T.);
#2693=ORIENTED_EDGE('',*,*,#1989,.F.);
#2694=ORIENTED_EDGE('',*,*,#1990,.F.);
#2695=ORIENTED_EDGE('',*,*,#1991,.F.);
#2696=ORIENTED_EDGE('',*,*,#1992,.T.);
#2697=ORIENTED_EDGE('',*,*,#1993,.F.);
#2698=ORIENTED_EDGE('',*,*,#1994,.F.);
#2699=ORIENTED_EDGE('',*,*,#1995,.F.);
#2700=ORIENTED_EDGE('',*,*,#1996,.T.);
#2701=ORIENTED_EDGE('',*,*,#1997,.F.);
#2702=ORIENTED_EDGE('',*,*,#1998,.F.);
#2703=ORIENTED_EDGE('',*,*,#1999,.F.);
#2704=ORIENTED_EDGE('',*,*,#2000,.T.);
#2705=ORIENTED_EDGE('',*,*,#2001,.F.);
#2706=ORIENTED_EDGE('',*,*,#2002,.F.);
#2707=ORIENTED_EDGE('',*,*,#2003,.F.);
#2708=ORIENTED_EDGE('',*,*,#2004,.T.);
#2709=ORIENTED_EDGE('',*,*,#2005,.F.);
#2710=ORIENTED_EDGE('',*,*,#2006,.F.);
#2711=ORIENTED_EDGE('',*,*,#2007,.F.);
#2712=ORIENTED_EDGE('',*,*,#2008,.T.);
#2713=ORIENTED_EDGE('',*,*,#2009,.F.);
#2714=ORIENTED_EDGE('',*,*,#2010,.F.);
#2715=ORIENTED_EDGE('',*,*,#2011,.F.);
#2716=ORIENTED_EDGE('',*,*,#2012,.T.);
#2717=ORIENTED_EDGE('',*,*,#2013,.F.);
#2718=ORIENTED_EDGE('',*,*,#2014,.F.);
#2719=ORIENTED_EDGE('',*,*,#1986,.T.);
#2720=ORIENTED_EDGE('',*,*,#1987,.T.);
#2721=ORIENTED_EDGE('',*,*,#1981,.T.);
#2722=ORIENTED_EDGE('',*,*,#1984,.T.);
#2723=ORIENTED_EDGE('',*,*,#2015,.F.);
#2724=ORIENTED_EDGE('',*,*,#2016,.F.);
#2725=ORIENTED_EDGE('',*,*,#2006,.T.);
#2726=ORIENTED_EDGE('',*,*,#2017,.F.);
#2727=ORIENTED_EDGE('',*,*,#2004,.F.);
#2728=ORIENTED_EDGE('',*,*,#2017,.T.);
#2729=ORIENTED_EDGE('',*,*,#2005,.T.);
#2730=ORIENTED_EDGE('',*,*,#2018,.F.);
#2731=ORIENTED_EDGE('',*,*,#1998,.T.);
#2732=ORIENTED_EDGE('',*,*,#2019,.F.);
#2733=ORIENTED_EDGE('',*,*,#1996,.F.);
#2734=ORIENTED_EDGE('',*,*,#2020,.F.);
#2735=ORIENTED_EDGE('',*,*,#2019,.T.);
#2736=ORIENTED_EDGE('',*,*,#1997,.T.);
#2737=ORIENTED_EDGE('',*,*,#1883,.F.);
#2738=ORIENTED_EDGE('',*,*,#2021,.T.);
#2739=ORIENTED_EDGE('',*,*,#2022,.F.);
#2740=ORIENTED_EDGE('',*,*,#1849,.F.);
#2741=ORIENTED_EDGE('',*,*,#1879,.T.);
#2742=ORIENTED_EDGE('',*,*,#2023,.T.);
#2743=ORIENTED_EDGE('',*,*,#2024,.F.);
#2744=ORIENTED_EDGE('',*,*,#2021,.F.);
#2745=ORIENTED_EDGE('',*,*,#1957,.F.);
#2746=ORIENTED_EDGE('',*,*,#1851,.T.);
#2747=ORIENTED_EDGE('',*,*,#2025,.F.);
#2748=ORIENTED_EDGE('',*,*,#2023,.F.);
#2749=ORIENTED_EDGE('',*,*,#1838,.F.);
#2750=ORIENTED_EDGE('',*,*,#2024,.T.);
#2751=ORIENTED_EDGE('',*,*,#2025,.T.);
#2752=ORIENTED_EDGE('',*,*,#1850,.T.);
#2753=ORIENTED_EDGE('',*,*,#2022,.T.);
#2754=ORIENTED_EDGE('',*,*,#1829,.T.);
#2755=ORIENTED_EDGE('',*,*,#2026,.T.);
#2756=ORIENTED_EDGE('',*,*,#2027,.F.);
#2757=ORIENTED_EDGE('',*,*,#2028,.T.);
#2758=ORIENTED_EDGE('',*,*,#2029,.F.);
#2759=ORIENTED_EDGE('',*,*,#2030,.F.);
#2760=ORIENTED_EDGE('',*,*,#1970,.T.);
#2761=ORIENTED_EDGE('',*,*,#2031,.F.);
#2762=ORIENTED_EDGE('',*,*,#2032,.T.);
#2763=ORIENTED_EDGE('',*,*,#2033,.F.);
#2764=ORIENTED_EDGE('',*,*,#2028,.F.);
#2765=ORIENTED_EDGE('',*,*,#2034,.F.);
#2766=ORIENTED_EDGE('',*,*,#2035,.T.);
#2767=ORIENTED_EDGE('',*,*,#2036,.F.);
#2768=ORIENTED_EDGE('',*,*,#2037,.F.);
#2769=ORIENTED_EDGE('',*,*,#2038,.T.);
#2770=ORIENTED_EDGE('',*,*,#2039,.F.);
#2771=ORIENTED_EDGE('',*,*,#2040,.T.);
#2772=ORIENTED_EDGE('',*,*,#2041,.F.);
#2773=ORIENTED_EDGE('',*,*,#2042,.F.);
#2774=ORIENTED_EDGE('',*,*,#1960,.T.);
#2775=ORIENTED_EDGE('',*,*,#2043,.F.);
#2776=ORIENTED_EDGE('',*,*,#2044,.T.);
#2777=ORIENTED_EDGE('',*,*,#2045,.F.);
#2778=ORIENTED_EDGE('',*,*,#2046,.F.);
#2779=ORIENTED_EDGE('',*,*,#1933,.F.);
#2780=ORIENTED_EDGE('',*,*,#2047,.T.);
#2781=ORIENTED_EDGE('',*,*,#2048,.F.);
#2782=ORIENTED_EDGE('',*,*,#2035,.F.);
#2783=ORIENTED_EDGE('',*,*,#2049,.F.);
#2784=ORIENTED_EDGE('',*,*,#2037,.T.);
#2785=ORIENTED_EDGE('',*,*,#2050,.F.);
#2786=ORIENTED_EDGE('',*,*,#2040,.F.);
#2787=ORIENTED_EDGE('',*,*,#1926,.F.);
#2788=ORIENTED_EDGE('',*,*,#2051,.T.);
#2789=ORIENTED_EDGE('',*,*,#2052,.F.);
#2790=ORIENTED_EDGE('',*,*,#2053,.F.);
#2791=ORIENTED_EDGE('',*,*,#1927,.F.);
#2792=ORIENTED_EDGE('',*,*,#2053,.T.);
#2793=ORIENTED_EDGE('',*,*,#2054,.F.);
#2794=ORIENTED_EDGE('',*,*,#2055,.F.);
#2795=ORIENTED_EDGE('',*,*,#1928,.F.);
#2796=ORIENTED_EDGE('',*,*,#2055,.T.);
#2797=ORIENTED_EDGE('',*,*,#2056,.F.);
#2798=ORIENTED_EDGE('',*,*,#2057,.F.);
#2799=ORIENTED_EDGE('',*,*,#1929,.F.);
#2800=ORIENTED_EDGE('',*,*,#2057,.T.);
#2801=ORIENTED_EDGE('',*,*,#2058,.F.);
#2802=ORIENTED_EDGE('',*,*,#2059,.F.);
#2803=ORIENTED_EDGE('',*,*,#1930,.F.);
#2804=ORIENTED_EDGE('',*,*,#2059,.T.);
#2805=ORIENTED_EDGE('',*,*,#2060,.F.);
#2806=ORIENTED_EDGE('',*,*,#2061,.F.);
#2807=ORIENTED_EDGE('',*,*,#1931,.F.);
#2808=ORIENTED_EDGE('',*,*,#2061,.T.);
#2809=ORIENTED_EDGE('',*,*,#2062,.F.);
#2810=ORIENTED_EDGE('',*,*,#2063,.F.);
#2811=ORIENTED_EDGE('',*,*,#1932,.F.);
#2812=ORIENTED_EDGE('',*,*,#2063,.T.);
#2813=ORIENTED_EDGE('',*,*,#2064,.F.);
#2814=ORIENTED_EDGE('',*,*,#2047,.F.);
#2815=ORIENTED_EDGE('',*,*,#1961,.T.);
#2816=ORIENTED_EDGE('',*,*,#2042,.T.);
#2817=ORIENTED_EDGE('',*,*,#2065,.F.);
#2818=ORIENTED_EDGE('',*,*,#2066,.F.);
#2819=ORIENTED_EDGE('',*,*,#1962,.T.);
#2820=ORIENTED_EDGE('',*,*,#2066,.T.);
#2821=ORIENTED_EDGE('',*,*,#2067,.F.);
#2822=ORIENTED_EDGE('',*,*,#2068,.F.);
#2823=ORIENTED_EDGE('',*,*,#1963,.F.);
#2824=ORIENTED_EDGE('',*,*,#2068,.T.);
#2825=ORIENTED_EDGE('',*,*,#2069,.F.);
#2826=ORIENTED_EDGE('',*,*,#2070,.F.);
#2827=ORIENTED_EDGE('',*,*,#2071,.F.);
#2828=ORIENTED_EDGE('',*,*,#1964,.F.);
#2829=ORIENTED_EDGE('',*,*,#2070,.T.);
#2830=ORIENTED_EDGE('',*,*,#2072,.F.);
#2831=ORIENTED_EDGE('',*,*,#2032,.F.);
#2832=ORIENTED_EDGE('',*,*,#2073,.F.);
#2833=ORIENTED_EDGE('',*,*,#2074,.F.);
#2834=ORIENTED_EDGE('',*,*,#1971,.T.);
#2835=ORIENTED_EDGE('',*,*,#2030,.T.);
#2836=ORIENTED_EDGE('',*,*,#2075,.F.);
#2837=ORIENTED_EDGE('',*,*,#2076,.F.);
#2838=ORIENTED_EDGE('',*,*,#2077,.F.);
#2839=ORIENTED_EDGE('',*,*,#2078,.F.);
#2840=ORIENTED_EDGE('',*,*,#2076,.T.);
#2841=ORIENTED_EDGE('',*,*,#2079,.F.);
#2842=ORIENTED_EDGE('',*,*,#2080,.F.);
#2843=ORIENTED_EDGE('',*,*,#1919,.F.);
#2844=ORIENTED_EDGE('',*,*,#2081,.F.);
#2845=ORIENTED_EDGE('',*,*,#1920,.F.);
#2846=ORIENTED_EDGE('',*,*,#2080,.T.);
#2847=ORIENTED_EDGE('',*,*,#2082,.F.);
#2848=ORIENTED_EDGE('',*,*,#2083,.F.);
#2849=ORIENTED_EDGE('',*,*,#1921,.F.);
#2850=ORIENTED_EDGE('',*,*,#2083,.T.);
#2851=ORIENTED_EDGE('',*,*,#2084,.F.);
#2852=ORIENTED_EDGE('',*,*,#2085,.F.);
#2853=ORIENTED_EDGE('',*,*,#1922,.F.);
#2854=ORIENTED_EDGE('',*,*,#2085,.T.);
#2855=ORIENTED_EDGE('',*,*,#2086,.F.);
#2856=ORIENTED_EDGE('',*,*,#2087,.F.);
#2857=ORIENTED_EDGE('',*,*,#1923,.F.);
#2858=ORIENTED_EDGE('',*,*,#2087,.T.);
#2859=ORIENTED_EDGE('',*,*,#2088,.F.);
#2860=ORIENTED_EDGE('',*,*,#2089,.F.);
#2861=ORIENTED_EDGE('',*,*,#1924,.F.);
#2862=ORIENTED_EDGE('',*,*,#2089,.T.);
#2863=ORIENTED_EDGE('',*,*,#2090,.F.);
#2864=ORIENTED_EDGE('',*,*,#2091,.F.);
#2865=ORIENTED_EDGE('',*,*,#1925,.F.);
#2866=ORIENTED_EDGE('',*,*,#2091,.T.);
#2867=ORIENTED_EDGE('',*,*,#2092,.F.);
#2868=ORIENTED_EDGE('',*,*,#2051,.F.);
#2869=ORIENTED_EDGE('',*,*,#2092,.T.);
#2870=ORIENTED_EDGE('',*,*,#2090,.T.);
#2871=ORIENTED_EDGE('',*,*,#2088,.T.);
#2872=ORIENTED_EDGE('',*,*,#2086,.T.);
#2873=ORIENTED_EDGE('',*,*,#2084,.T.);
#2874=ORIENTED_EDGE('',*,*,#2082,.T.);
#2875=ORIENTED_EDGE('',*,*,#2079,.T.);
#2876=ORIENTED_EDGE('',*,*,#2075,.T.);
#2877=ORIENTED_EDGE('',*,*,#2029,.T.);
#2878=ORIENTED_EDGE('',*,*,#2033,.T.);
#2879=ORIENTED_EDGE('',*,*,#2072,.T.);
#2880=ORIENTED_EDGE('',*,*,#2069,.T.);
#2881=ORIENTED_EDGE('',*,*,#2067,.T.);
#2882=ORIENTED_EDGE('',*,*,#2065,.T.);
#2883=ORIENTED_EDGE('',*,*,#2041,.T.);
#2884=ORIENTED_EDGE('',*,*,#2050,.T.);
#2885=ORIENTED_EDGE('',*,*,#2036,.T.);
#2886=ORIENTED_EDGE('',*,*,#2048,.T.);
#2887=ORIENTED_EDGE('',*,*,#2064,.T.);
#2888=ORIENTED_EDGE('',*,*,#2062,.T.);
#2889=ORIENTED_EDGE('',*,*,#2060,.T.);
#2890=ORIENTED_EDGE('',*,*,#2058,.T.);
#2891=ORIENTED_EDGE('',*,*,#2056,.T.);
#2892=ORIENTED_EDGE('',*,*,#2054,.T.);
#2893=ORIENTED_EDGE('',*,*,#2052,.T.);
#2894=ORIENTED_EDGE('',*,*,#1974,.T.);
#2895=ORIENTED_EDGE('',*,*,#1934,.F.);
#2896=ORIENTED_EDGE('',*,*,#2046,.T.);
#2897=ORIENTED_EDGE('',*,*,#2093,.F.);
#2898=ORIENTED_EDGE('',*,*,#2044,.F.);
#2899=ORIENTED_EDGE('',*,*,#2094,.F.);
#2900=ORIENTED_EDGE('',*,*,#2095,.F.);
#2901=ORIENTED_EDGE('',*,*,#2093,.T.);
#2902=ORIENTED_EDGE('',*,*,#2045,.T.);
#2903=ORIENTED_EDGE('',*,*,#1978,.T.);
#2904=ORIENTED_EDGE('',*,*,#2096,.F.);
#2905=ORIENTED_EDGE('',*,*,#1994,.T.);
#2906=ORIENTED_EDGE('',*,*,#2097,.F.);
#2907=ORIENTED_EDGE('',*,*,#1992,.F.);
#2908=ORIENTED_EDGE('',*,*,#2098,.F.);
#2909=ORIENTED_EDGE('',*,*,#2097,.T.);
#2910=ORIENTED_EDGE('',*,*,#1993,.T.);
#2911=ORIENTED_EDGE('',*,*,#2099,.F.);
#2912=ORIENTED_EDGE('',*,*,#1868,.T.);
#2913=ORIENTED_EDGE('',*,*,#2100,.F.);
#2914=ORIENTED_EDGE('',*,*,#2000,.F.);
#2915=ORIENTED_EDGE('',*,*,#2101,.F.);
#2916=ORIENTED_EDGE('',*,*,#2002,.T.);
#2917=ORIENTED_EDGE('',*,*,#2102,.F.);
#2918=ORIENTED_EDGE('',*,*,#1866,.F.);
#2919=ORIENTED_EDGE('',*,*,#2100,.T.);
#2920=ORIENTED_EDGE('',*,*,#1867,.T.);
#2921=ORIENTED_EDGE('',*,*,#2102,.T.);
#2922=ORIENTED_EDGE('',*,*,#2001,.T.);
#2923=ORIENTED_EDGE('',*,*,#2103,.F.);
#2924=ORIENTED_EDGE('',*,*,#2010,.T.);
#2925=ORIENTED_EDGE('',*,*,#2104,.F.);
#2926=ORIENTED_EDGE('',*,*,#1861,.F.);
#2927=ORIENTED_EDGE('',*,*,#2105,.F.);
#2928=ORIENTED_EDGE('',*,*,#1863,.T.);
#2929=ORIENTED_EDGE('',*,*,#2106,.F.);
#2930=ORIENTED_EDGE('',*,*,#2008,.F.);
#2931=ORIENTED_EDGE('',*,*,#2106,.T.);
#2932=ORIENTED_EDGE('',*,*,#1862,.T.);
#2933=ORIENTED_EDGE('',*,*,#2104,.T.);
#2934=ORIENTED_EDGE('',*,*,#2009,.T.);
#2935=ORIENTED_EDGE('',*,*,#1865,.T.);
#2936=ORIENTED_EDGE('',*,*,#2015,.T.);
#2937=ORIENTED_EDGE('',*,*,#2003,.T.);
#2938=ORIENTED_EDGE('',*,*,#2101,.T.);
#2939=ORIENTED_EDGE('',*,*,#1864,.T.);
#2940=ORIENTED_EDGE('',*,*,#2105,.T.);
#2941=ORIENTED_EDGE('',*,*,#2007,.T.);
#2942=ORIENTED_EDGE('',*,*,#2016,.T.);
#2943=ORIENTED_EDGE('',*,*,#1953,.T.);
#2944=ORIENTED_EDGE('',*,*,#2107,.T.);
#2945=ORIENTED_EDGE('',*,*,#2108,.F.);
#2946=ORIENTED_EDGE('',*,*,#2109,.F.);
#2947=ORIENTED_EDGE('',*,*,#1951,.F.);
#2948=ORIENTED_EDGE('',*,*,#2110,.T.);
#2949=ORIENTED_EDGE('',*,*,#2111,.F.);
#2950=ORIENTED_EDGE('',*,*,#2107,.F.);
#2951=ORIENTED_EDGE('',*,*,#1950,.T.);
#2952=ORIENTED_EDGE('',*,*,#1914,.F.);
#2953=ORIENTED_EDGE('',*,*,#2112,.T.);
#2954=ORIENTED_EDGE('',*,*,#2113,.F.);
#2955=ORIENTED_EDGE('',*,*,#2110,.F.);
#2956=ORIENTED_EDGE('',*,*,#1968,.F.);
#2957=ORIENTED_EDGE('',*,*,#1874,.T.);
#2958=ORIENTED_EDGE('',*,*,#2109,.T.);
#2959=ORIENTED_EDGE('',*,*,#2114,.F.);
#2960=ORIENTED_EDGE('',*,*,#1948,.F.);
#2961=ORIENTED_EDGE('',*,*,#1939,.T.);
#2962=ORIENTED_EDGE('',*,*,#1944,.T.);
#2963=ORIENTED_EDGE('',*,*,#2115,.F.);
#2964=ORIENTED_EDGE('',*,*,#2116,.F.);
#2965=ORIENTED_EDGE('',*,*,#1907,.F.);
#2966=ORIENTED_EDGE('',*,*,#1908,.F.);
#2967=ORIENTED_EDGE('',*,*,#2116,.T.);
#2968=ORIENTED_EDGE('',*,*,#2117,.F.);
#2969=ORIENTED_EDGE('',*,*,#2118,.F.);
#2970=ORIENTED_EDGE('',*,*,#1909,.F.);
#2971=ORIENTED_EDGE('',*,*,#2118,.T.);
#2972=ORIENTED_EDGE('',*,*,#2119,.F.);
#2973=ORIENTED_EDGE('',*,*,#2120,.F.);
#2974=ORIENTED_EDGE('',*,*,#1910,.F.);
#2975=ORIENTED_EDGE('',*,*,#2120,.T.);
#2976=ORIENTED_EDGE('',*,*,#2121,.F.);
#2977=ORIENTED_EDGE('',*,*,#2122,.F.);
#2978=ORIENTED_EDGE('',*,*,#1911,.F.);
#2979=ORIENTED_EDGE('',*,*,#2122,.T.);
#2980=ORIENTED_EDGE('',*,*,#2123,.F.);
#2981=ORIENTED_EDGE('',*,*,#2124,.F.);
#2982=ORIENTED_EDGE('',*,*,#1912,.F.);
#2983=ORIENTED_EDGE('',*,*,#2124,.T.);
#2984=ORIENTED_EDGE('',*,*,#2125,.F.);
#2985=ORIENTED_EDGE('',*,*,#1896,.F.);
#2986=ORIENTED_EDGE('',*,*,#1913,.F.);
#2987=ORIENTED_EDGE('',*,*,#1891,.T.);
#2988=ORIENTED_EDGE('',*,*,#2126,.F.);
#2989=ORIENTED_EDGE('',*,*,#2112,.F.);
#2990=ORIENTED_EDGE('',*,*,#2113,.T.);
#2991=ORIENTED_EDGE('',*,*,#2126,.T.);
#2992=ORIENTED_EDGE('',*,*,#1890,.T.);
#2993=ORIENTED_EDGE('',*,*,#1894,.T.);
#2994=ORIENTED_EDGE('',*,*,#1897,.T.);
#2995=ORIENTED_EDGE('',*,*,#2125,.T.);
#2996=ORIENTED_EDGE('',*,*,#2123,.T.);
#2997=ORIENTED_EDGE('',*,*,#2121,.T.);
#2998=ORIENTED_EDGE('',*,*,#2119,.T.);
#2999=ORIENTED_EDGE('',*,*,#2117,.T.);
#3000=ORIENTED_EDGE('',*,*,#2115,.T.);
#3001=ORIENTED_EDGE('',*,*,#1943,.T.);
#3002=ORIENTED_EDGE('',*,*,#1946,.T.);
#3003=ORIENTED_EDGE('',*,*,#1949,.T.);
#3004=ORIENTED_EDGE('',*,*,#2114,.T.);
#3005=ORIENTED_EDGE('',*,*,#2108,.T.);
#3006=ORIENTED_EDGE('',*,*,#2111,.T.);
#3007=ORIENTED_EDGE('',*,*,#1832,.T.);
#3008=ORIENTED_EDGE('',*,*,#1904,.F.);
#3009=ORIENTED_EDGE('',*,*,#2014,.T.);
#3010=ORIENTED_EDGE('',*,*,#2127,.F.);
#3011=ORIENTED_EDGE('',*,*,#2012,.F.);
#3012=ORIENTED_EDGE('',*,*,#2128,.F.);
#3013=ORIENTED_EDGE('',*,*,#2127,.T.);
#3014=ORIENTED_EDGE('',*,*,#2013,.T.);
#3015=ORIENTED_EDGE('',*,*,#2129,.F.);
#3016=ORIENTED_EDGE('',*,*,#1990,.T.);
#3017=ORIENTED_EDGE('',*,*,#2130,.F.);
#3018=ORIENTED_EDGE('',*,*,#1988,.F.);
#3019=ORIENTED_EDGE('',*,*,#1898,.F.);
#3020=ORIENTED_EDGE('',*,*,#2130,.T.);
#3021=ORIENTED_EDGE('',*,*,#1989,.T.);
#3022=ORIENTED_EDGE('',*,*,#1936,.F.);
#3023=ORIENTED_EDGE('',*,*,#2131,.T.);
#3024=ORIENTED_EDGE('',*,*,#1973,.T.);
#3025=ORIENTED_EDGE('',*,*,#2131,.F.);
#3026=ORIENTED_EDGE('',*,*,#1966,.F.);
#3027=ORIENTED_EDGE('',*,*,#2132,.T.);
#3028=ORIENTED_EDGE('',*,*,#2133,.F.);
#3029=ORIENTED_EDGE('',*,*,#1918,.F.);
#3030=ORIENTED_EDGE('',*,*,#2134,.F.);
#3031=ORIENTED_EDGE('',*,*,#1876,.F.);
#3032=ORIENTED_EDGE('',*,*,#1967,.F.);
#3033=ORIENTED_EDGE('',*,*,#2134,.T.);
#3034=ORIENTED_EDGE('',*,*,#1917,.F.);
#3035=ORIENTED_EDGE('',*,*,#1860,.T.);
#3036=ORIENTED_EDGE('',*,*,#2128,.T.);
#3037=ORIENTED_EDGE('',*,*,#2011,.T.);
#3038=ORIENTED_EDGE('',*,*,#2103,.T.);
#3039=ORIENTED_EDGE('',*,*,#2034,.T.);
#3040=ORIENTED_EDGE('',*,*,#2049,.T.);
#3041=ORIENTED_EDGE('',*,*,#2043,.T.);
#3042=ORIENTED_EDGE('',*,*,#1959,.T.);
#3043=ORIENTED_EDGE('',*,*,#2135,.T.);
#3044=ORIENTED_EDGE('',*,*,#2136,.F.);
#3045=ORIENTED_EDGE('',*,*,#2137,.F.);
#3046=ORIENTED_EDGE('',*,*,#2038,.F.);
#3047=ORIENTED_EDGE('',*,*,#2137,.T.);
#3048=ORIENTED_EDGE('',*,*,#2094,.T.);
#3049=ORIENTED_EDGE('',*,*,#2039,.T.);
#3050=ORIENTED_EDGE('',*,*,#1958,.T.);
#3051=ORIENTED_EDGE('',*,*,#1841,.T.);
#3052=ORIENTED_EDGE('',*,*,#1935,.F.);
#3053=ORIENTED_EDGE('',*,*,#2138,.F.);
#3054=ORIENTED_EDGE('',*,*,#2135,.F.);
#3055=ORIENTED_EDGE('',*,*,#2138,.T.);
#3056=ORIENTED_EDGE('',*,*,#2095,.T.);
#3057=ORIENTED_EDGE('',*,*,#2136,.T.);
#3058=ORIENTED_EDGE('',*,*,#1869,.T.);
#3059=ORIENTED_EDGE('',*,*,#2099,.T.);
#3060=ORIENTED_EDGE('',*,*,#1999,.T.);
#3061=ORIENTED_EDGE('',*,*,#2018,.T.);
#3062=ORIENTED_EDGE('',*,*,#1870,.T.);
#3063=ORIENTED_EDGE('',*,*,#2020,.T.);
#3064=ORIENTED_EDGE('',*,*,#1995,.T.);
#3065=ORIENTED_EDGE('',*,*,#2096,.T.);
#3066=ORIENTED_EDGE('',*,*,#1871,.T.);
#3067=ORIENTED_EDGE('',*,*,#2098,.T.);
#3068=ORIENTED_EDGE('',*,*,#1991,.T.);
#3069=ORIENTED_EDGE('',*,*,#2129,.T.);
#3070=ORIENTED_EDGE('',*,*,#2139,.T.);
#3071=ORIENTED_EDGE('',*,*,#2081,.T.);
#3072=ORIENTED_EDGE('',*,*,#2133,.T.);
#3073=ORIENTED_EDGE('',*,*,#1965,.F.);
#3074=ORIENTED_EDGE('',*,*,#2071,.T.);
#3075=ORIENTED_EDGE('',*,*,#2140,.F.);
#3076=ORIENTED_EDGE('',*,*,#2139,.F.);
#3077=ORIENTED_EDGE('',*,*,#2132,.F.);
#3078=ORIENTED_EDGE('',*,*,#2140,.T.);
#3079=ORIENTED_EDGE('',*,*,#2073,.T.);
#3080=ORIENTED_EDGE('',*,*,#2078,.T.);
#3081=ORIENTED_EDGE('',*,*,#1972,.F.);
#3082=ORIENTED_EDGE('',*,*,#2074,.T.);
#3083=ORIENTED_EDGE('',*,*,#2141,.F.);
#3084=ORIENTED_EDGE('',*,*,#2026,.F.);
#3085=ORIENTED_EDGE('',*,*,#2031,.T.);
#3086=ORIENTED_EDGE('',*,*,#2027,.T.);
#3087=ORIENTED_EDGE('',*,*,#2141,.T.);
#3088=ORIENTED_EDGE('',*,*,#2077,.T.);
#3089=ORIENTED_EDGE('',*,*,#2142,.T.);
#3090=ORIENTED_EDGE('',*,*,#2143,.T.);
#3091=ORIENTED_EDGE('',*,*,#2144,.T.);
#3092=ORIENTED_EDGE('',*,*,#2145,.F.);
#3093=ORIENTED_EDGE('',*,*,#2146,.T.);
#3094=ORIENTED_EDGE('',*,*,#2147,.T.);
#3095=ORIENTED_EDGE('',*,*,#2148,.T.);
#3096=ORIENTED_EDGE('',*,*,#2143,.F.);
#3097=ORIENTED_EDGE('',*,*,#2149,.T.);
#3098=ORIENTED_EDGE('',*,*,#2150,.T.);
#3099=ORIENTED_EDGE('',*,*,#2151,.T.);
#3100=ORIENTED_EDGE('',*,*,#2147,.F.);
#3101=ORIENTED_EDGE('',*,*,#2152,.T.);
#3102=ORIENTED_EDGE('',*,*,#2153,.T.);
#3103=ORIENTED_EDGE('',*,*,#2154,.T.);
#3104=ORIENTED_EDGE('',*,*,#2150,.F.);
#3105=ORIENTED_EDGE('',*,*,#2155,.T.);
#3106=ORIENTED_EDGE('',*,*,#2156,.T.);
#3107=ORIENTED_EDGE('',*,*,#2157,.T.);
#3108=ORIENTED_EDGE('',*,*,#2153,.F.);
#3109=ORIENTED_EDGE('',*,*,#2158,.T.);
#3110=ORIENTED_EDGE('',*,*,#2156,.F.);
#3111=ORIENTED_EDGE('',*,*,#2159,.T.);
#3112=ORIENTED_EDGE('',*,*,#2160,.T.);
#3113=ORIENTED_EDGE('',*,*,#2161,.T.);
#3114=ORIENTED_EDGE('',*,*,#2160,.F.);
#3115=ORIENTED_EDGE('',*,*,#2162,.T.);
#3116=ORIENTED_EDGE('',*,*,#2163,.T.);
#3117=ORIENTED_EDGE('',*,*,#2164,.T.);
#3118=ORIENTED_EDGE('',*,*,#2163,.F.);
#3119=ORIENTED_EDGE('',*,*,#2165,.T.);
#3120=ORIENTED_EDGE('',*,*,#2145,.T.);
#3121=ORIENTED_EDGE('',*,*,#2158,.F.);
#3122=ORIENTED_EDGE('',*,*,#2166,.F.);
#3123=ORIENTED_EDGE('',*,*,#2167,.F.);
#3124=ORIENTED_EDGE('',*,*,#2168,.T.);
#3125=ORIENTED_EDGE('',*,*,#2161,.F.);
#3126=ORIENTED_EDGE('',*,*,#2169,.F.);
#3127=ORIENTED_EDGE('',*,*,#2170,.T.);
#3128=ORIENTED_EDGE('',*,*,#2166,.T.);
#3129=ORIENTED_EDGE('',*,*,#2164,.F.);
#3130=ORIENTED_EDGE('',*,*,#2171,.F.);
#3131=ORIENTED_EDGE('',*,*,#2172,.F.);
#3132=ORIENTED_EDGE('',*,*,#2169,.T.);
#3133=ORIENTED_EDGE('',*,*,#2144,.F.);
#3134=ORIENTED_EDGE('',*,*,#2173,.F.);
#3135=ORIENTED_EDGE('',*,*,#2174,.T.);
#3136=ORIENTED_EDGE('',*,*,#2171,.T.);
#3137=ORIENTED_EDGE('',*,*,#2142,.F.);
#3138=ORIENTED_EDGE('',*,*,#2165,.F.);
#3139=ORIENTED_EDGE('',*,*,#2162,.F.);
#3140=ORIENTED_EDGE('',*,*,#2159,.F.);
#3141=ORIENTED_EDGE('',*,*,#2155,.F.);
#3142=ORIENTED_EDGE('',*,*,#2152,.F.);
#3143=ORIENTED_EDGE('',*,*,#2149,.F.);
#3144=ORIENTED_EDGE('',*,*,#2146,.F.);
#3145=ORIENTED_EDGE('',*,*,#2175,.F.);
#3146=ORIENTED_EDGE('',*,*,#2176,.T.);
#3147=ORIENTED_EDGE('',*,*,#2177,.T.);
#3148=ORIENTED_EDGE('',*,*,#2178,.F.);
#3149=ORIENTED_EDGE('',*,*,#2179,.F.);
#3150=ORIENTED_EDGE('',*,*,#2180,.T.);
#3151=ORIENTED_EDGE('',*,*,#2181,.T.);
#3152=ORIENTED_EDGE('',*,*,#2182,.F.);
#3153=ORIENTED_EDGE('',*,*,#2183,.F.);
#3154=ORIENTED_EDGE('',*,*,#2177,.F.);
#3155=ORIENTED_EDGE('',*,*,#2184,.F.);
#3156=ORIENTED_EDGE('',*,*,#2181,.F.);
#3157=ORIENTED_EDGE('',*,*,#2185,.F.);
#3158=ORIENTED_EDGE('',*,*,#2179,.T.);
#3159=ORIENTED_EDGE('',*,*,#2186,.F.);
#3160=ORIENTED_EDGE('',*,*,#2175,.T.);
#3161=ORIENTED_EDGE('',*,*,#2187,.F.);
#3162=ORIENTED_EDGE('',*,*,#2188,.F.);
#3163=ORIENTED_EDGE('',*,*,#2189,.T.);
#3164=ORIENTED_EDGE('',*,*,#2185,.T.);
#3165=ORIENTED_EDGE('',*,*,#2180,.F.);
#3166=ORIENTED_EDGE('',*,*,#2186,.T.);
#3167=ORIENTED_EDGE('',*,*,#2182,.T.);
#3168=ORIENTED_EDGE('',*,*,#2184,.T.);
#3169=ORIENTED_EDGE('',*,*,#2176,.F.);
#3170=ORIENTED_EDGE('',*,*,#2187,.T.);
#3171=ORIENTED_EDGE('',*,*,#2178,.T.);
#3172=ORIENTED_EDGE('',*,*,#2183,.T.);
#3173=ORIENTED_EDGE('',*,*,#2189,.F.);
#3174=ORIENTED_EDGE('',*,*,#2148,.F.);
#3175=ORIENTED_EDGE('',*,*,#2190,.F.);
#3176=ORIENTED_EDGE('',*,*,#2191,.F.);
#3177=ORIENTED_EDGE('',*,*,#2173,.T.);
#3178=ORIENTED_EDGE('',*,*,#2151,.F.);
#3179=ORIENTED_EDGE('',*,*,#2192,.F.);
#3180=ORIENTED_EDGE('',*,*,#2193,.T.);
#3181=ORIENTED_EDGE('',*,*,#2190,.T.);
#3182=ORIENTED_EDGE('',*,*,#2154,.F.);
#3183=ORIENTED_EDGE('',*,*,#2194,.F.);
#3184=ORIENTED_EDGE('',*,*,#2195,.F.);
#3185=ORIENTED_EDGE('',*,*,#2192,.T.);
#3186=ORIENTED_EDGE('',*,*,#2157,.F.);
#3187=ORIENTED_EDGE('',*,*,#2168,.F.);
#3188=ORIENTED_EDGE('',*,*,#2196,.T.);
#3189=ORIENTED_EDGE('',*,*,#2194,.T.);
#3190=ORIENTED_EDGE('',*,*,#2196,.F.);
#3191=ORIENTED_EDGE('',*,*,#2167,.T.);
#3192=ORIENTED_EDGE('',*,*,#2170,.F.);
#3193=ORIENTED_EDGE('',*,*,#2172,.T.);
#3194=ORIENTED_EDGE('',*,*,#2174,.F.);
#3195=ORIENTED_EDGE('',*,*,#2191,.T.);
#3196=ORIENTED_EDGE('',*,*,#2193,.F.);
#3197=ORIENTED_EDGE('',*,*,#2195,.T.);
#3198=ORIENTED_EDGE('',*,*,#2188,.T.);
#3199=ORIENTED_EDGE('',*,*,#2197,.T.);
#3200=ORIENTED_EDGE('',*,*,#2198,.T.);
#3201=ORIENTED_EDGE('',*,*,#2199,.T.);
#3202=ORIENTED_EDGE('',*,*,#2200,.T.);
#3203=ORIENTED_EDGE('',*,*,#2201,.T.);
#3204=ORIENTED_EDGE('',*,*,#2202,.T.);
#3205=ORIENTED_EDGE('',*,*,#2203,.T.);
#3206=ORIENTED_EDGE('',*,*,#2204,.T.);
#3207=ORIENTED_EDGE('',*,*,#2205,.T.);
#3208=ORIENTED_EDGE('',*,*,#2202,.F.);
#3209=ORIENTED_EDGE('',*,*,#2206,.F.);
#3210=ORIENTED_EDGE('',*,*,#2200,.F.);
#3211=ORIENTED_EDGE('',*,*,#2207,.T.);
#3212=ORIENTED_EDGE('',*,*,#2203,.F.);
#3213=ORIENTED_EDGE('',*,*,#2205,.F.);
#3214=ORIENTED_EDGE('',*,*,#2199,.F.);
#3215=ORIENTED_EDGE('',*,*,#2208,.T.);
#3216=ORIENTED_EDGE('',*,*,#2204,.F.);
#3217=ORIENTED_EDGE('',*,*,#2207,.F.);
#3218=ORIENTED_EDGE('',*,*,#2198,.F.);
#3219=ORIENTED_EDGE('',*,*,#2206,.T.);
#3220=ORIENTED_EDGE('',*,*,#2201,.F.);
#3221=ORIENTED_EDGE('',*,*,#2208,.F.);
#3222=ORIENTED_EDGE('',*,*,#2197,.F.);
#3223=PLANE('',#3602);
#3224=PLANE('',#3603);
#3225=PLANE('',#3604);
#3226=PLANE('',#3605);
#3227=PLANE('',#3610);
#3228=PLANE('',#3614);
#3229=PLANE('',#3615);
#3230=PLANE('',#3621);
#3231=PLANE('',#3625);
#3232=PLANE('',#3626);
#3233=PLANE('',#3631);
#3234=PLANE('',#3637);
#3235=PLANE('',#3638);
#3236=PLANE('',#3639);
#3237=PLANE('',#3640);
#3238=PLANE('',#3642);
#3239=PLANE('',#3643);
#3240=PLANE('',#3650);
#3241=PLANE('',#3651);
#3242=PLANE('',#3652);
#3243=PLANE('',#3654);
#3244=PLANE('',#3655);
#3245=PLANE('',#3656);
#3246=PLANE('',#3657);
#3247=PLANE('',#3664);
#3248=PLANE('',#3665);
#3249=PLANE('',#3666);
#3250=PLANE('',#3667);
#3251=PLANE('',#3668);
#3252=PLANE('',#3669);
#3253=PLANE('',#3670);
#3254=PLANE('',#3671);
#3255=PLANE('',#3672);
#3256=PLANE('',#3676);
#3257=PLANE('',#3677);
#3258=PLANE('',#3678);
#3259=PLANE('',#3679);
#3260=PLANE('',#3680);
#3261=PLANE('',#3681);
#3262=PLANE('',#3685);
#3263=PLANE('',#3686);
#3264=PLANE('',#3687);
#3265=PLANE('',#3688);
#3266=PLANE('',#3696);
#3267=PLANE('',#3697);
#3268=PLANE('',#3698);
#3269=PLANE('',#3699);
#3270=PLANE('',#3700);
#3271=PLANE('',#3713);
#3272=PLANE('',#3714);
#3273=PLANE('',#3715);
#3274=PLANE('',#3716);
#3275=PLANE('',#3717);
#3276=PLANE('',#3718);
#3277=PLANE('',#3724);
#3278=PLANE('',#3728);
#3279=PLANE('',#3729);
#3280=PLANE('',#3730);
#3281=PLANE('',#3731);
#3282=PLANE('',#3732);
#3283=PLANE('',#3733);
#3284=PLANE('',#3734);
#3285=PLANE('',#3738);
#3286=PLANE('',#3749);
#3287=PLANE('',#3752);
#3288=PLANE('',#3768);
#3289=PLANE('',#3773);
#3290=PLANE('',#3778);
#3291=PLANE('',#3779);
#3292=PLANE('',#3780);
#3293=PLANE('',#3781);
#3294=PLANE('',#3782);
#3295=PLANE('',#3783);
#3296=PLANE('',#3784);
#3297=PLANE('',#3785);
#3298=PLANE('',#3786);
#3299=PLANE('',#3790);
#3300=PLANE('',#3791);
#3301=PLANE('',#3792);
#3302=PLANE('',#3793);
#3303=PLANE('',#3794);
#3304=PLANE('',#3795);
#3305=PLANE('',#3796);
#3306=PLANE('',#3797);
#3307=PLANE('',#3798);
#3308=PLANE('',#3799);
#3309=PLANE('',#3800);
#3310=PLANE('',#3808);
#3311=PLANE('',#3809);
#3312=PLANE('',#3810);
#3313=PLANE('',#3811);
#3314=PLANE('',#3812);
#3315=PLANE('',#3817);
#3316=PLANE('',#3822);
#3317=PLANE('',#3829);
#3318=PLANE('',#3836);
#3319=PLANE('',#3837);
#3320=PLANE('',#3838);
#3321=PLANE('',#3839);
#3322=PLANE('',#3840);
#3323=PLANE('',#3841);
#3324=PLANE('',#3842);
#3325=PLANE('',#3843);
#3326=PLANE('',#3844);
#3327=PLANE('',#3845);
#3328=PLANE('',#3846);
#3329=PLANE('',#3847);
#3330=PLANE('',#3848);
#3331=PLANE('',#3852);
#3332=PLANE('',#3856);
#3333=PLANE('',#3858);
#3334=PLANE('',#3859);
#3335=PLANE('',#3860);
#3336=PLANE('',#3861);
#3337=PLANE('',#3862);
#3338=PLANE('',#3863);
#3339=PLANE('',#3864);
#3340=PLANE('',#3865);
#3341=PLANE('',#3866);
#3342=PLANE('',#3867);
#3343=PLANE('',#3868);
#3344=PLANE('',#3869);
#3345=PLANE('',#3870);
#3346=PLANE('',#3871);
#3347=PLANE('',#3874);
#3348=PLANE('',#3908);
#3349=PLANE('',#3909);
#3350=PLANE('',#3910);
#3351=PLANE('',#3911);
#3352=PLANE('',#3915);
#3353=PLANE('',#3917);
#3354=PLANE('',#3929);
#3355=PLANE('',#3930);
#3356=PLANE('',#3931);
#3357=PLANE('',#3932);
#3358=PLANE('',#3933);
#3359=PLANE('',#3934);
#3360=PLANE('',#3935);
#3361=ADVANCED_FACE('',(#295),#3223,.T.);
#3362=ADVANCED_FACE('',(#296),#3224,.T.);
#3363=ADVANCED_FACE('',(#297),#3225,.T.);
#3364=ADVANCED_FACE('',(#298),#3226,.F.);
#3365=ADVANCED_FACE('',(#299),#111,.F.);
#3366=ADVANCED_FACE('',(#300),#3227,.T.);
#3367=ADVANCED_FACE('',(#301),#112,.T.);
#3368=ADVANCED_FACE('',(#302),#3228,.T.);
#3369=ADVANCED_FACE('',(#303,#93),#3229,.F.);
#3370=ADVANCED_FACE('',(#304),#113,.F.);
#3371=ADVANCED_FACE('',(#305),#3230,.T.);
#3372=ADVANCED_FACE('',(#306),#114,.T.);
#3373=ADVANCED_FACE('',(#307),#3231,.T.);
#3374=ADVANCED_FACE('',(#308,#94),#3232,.F.);
#3375=ADVANCED_FACE('',(#309),#115,.T.);
#3376=ADVANCED_FACE('',(#310),#3233,.T.);
#3377=ADVANCED_FACE('',(#311),#116,.T.);
#3378=ADVANCED_FACE('',(#312,#95,#96,#97),#3234,.T.);
#3379=ADVANCED_FACE('',(#313),#3235,.F.);
#3380=ADVANCED_FACE('',(#314),#3236,.F.);
#3381=ADVANCED_FACE('',(#315),#3237,.T.);
#3382=ADVANCED_FACE('',(#316),#3238,.F.);
#3383=ADVANCED_FACE('',(#317),#3239,.T.);
#3384=ADVANCED_FACE('',(#318),#117,.T.);
#3385=ADVANCED_FACE('',(#319),#3240,.T.);
#3386=ADVANCED_FACE('',(#320),#3241,.F.);
#3387=ADVANCED_FACE('',(#321),#3242,.F.);
#3388=ADVANCED_FACE('',(#322),#3243,.F.);
#3389=ADVANCED_FACE('',(#323),#3244,.F.);
#3390=ADVANCED_FACE('',(#324),#3245,.F.);
#3391=ADVANCED_FACE('',(#325),#3246,.T.);
#3392=ADVANCED_FACE('',(#326),#118,.F.);
#3393=ADVANCED_FACE('',(#327),#3247,.F.);
#3394=ADVANCED_FACE('',(#328),#3248,.F.);
#3395=ADVANCED_FACE('',(#329),#3249,.F.);
#3396=ADVANCED_FACE('',(#330),#3250,.T.);
#3397=ADVANCED_FACE('',(#331),#3251,.T.);
#3398=ADVANCED_FACE('',(#332,#98),#3252,.T.);
#3399=ADVANCED_FACE('',(#333),#3253,.T.);
#3400=ADVANCED_FACE('',(#334),#3254,.T.);
#3401=ADVANCED_FACE('',(#335),#3255,.F.);
#3402=ADVANCED_FACE('',(#336),#119,.F.);
#3403=ADVANCED_FACE('',(#337),#3256,.T.);
#3404=ADVANCED_FACE('',(#338),#3257,.T.);
#3405=ADVANCED_FACE('',(#339),#3258,.T.);
#3406=ADVANCED_FACE('',(#340),#3259,.F.);
#3407=ADVANCED_FACE('',(#341),#3260,.T.);
#3408=ADVANCED_FACE('',(#342),#3261,.T.);
#3409=ADVANCED_FACE('',(#343),#120,.F.);
#3410=ADVANCED_FACE('',(#344),#3262,.T.);
#3411=ADVANCED_FACE('',(#345),#3263,.T.);
#3412=ADVANCED_FACE('',(#346),#3264,.F.);
#3413=ADVANCED_FACE('',(#347),#3265,.T.);
#3414=ADVANCED_FACE('',(#348),#121,.F.);
#3415=ADVANCED_FACE('',(#349),#122,.F.);
#3416=ADVANCED_FACE('',(#350),#3266,.T.);
#3417=ADVANCED_FACE('',(#351),#3267,.T.);
#3418=ADVANCED_FACE('',(#352),#3268,.T.);
#3419=ADVANCED_FACE('',(#353),#3269,.T.);
#3420=ADVANCED_FACE('',(#354),#3270,.T.);
#3421=ADVANCED_FACE('',(#355),#123,.T.);
#3422=ADVANCED_FACE('',(#356),#3271,.T.);
#3423=ADVANCED_FACE('',(#357),#3272,.T.);
#3424=ADVANCED_FACE('',(#358),#3273,.T.);
#3425=ADVANCED_FACE('',(#359),#3274,.T.);
#3426=ADVANCED_FACE('',(#360),#49,.T.);
#3427=ADVANCED_FACE('',(#361),#3275,.T.);
#3428=ADVANCED_FACE('',(#362),#50,.T.);
#3429=ADVANCED_FACE('',(#363),#3276,.T.);
#3430=ADVANCED_FACE('',(#364,#99),#3277,.T.);
#3431=ADVANCED_FACE('',(#365),#3278,.T.);
#3432=ADVANCED_FACE('',(#366),#3279,.T.);
#3433=ADVANCED_FACE('',(#367),#3280,.T.);
#3434=ADVANCED_FACE('',(#368),#3281,.T.);
#3435=ADVANCED_FACE('',(#369),#3282,.T.);
#3436=ADVANCED_FACE('',(#370),#3283,.T.);
#3437=ADVANCED_FACE('',(#371),#3284,.T.);
#3438=ADVANCED_FACE('',(#372),#23,.F.);
#3439=ADVANCED_FACE('',(#373,#100,#101,#102,#103,#104,#105),#3285,.F.);
#3440=ADVANCED_FACE('',(#374),#124,.F.);
#3441=ADVANCED_FACE('',(#375),#24,.F.);
#3442=ADVANCED_FACE('',(#376),#125,.F.);
#3443=ADVANCED_FACE('',(#377),#3286,.T.);
#3444=ADVANCED_FACE('',(#378),#126,.F.);
#3445=ADVANCED_FACE('',(#379),#3287,.T.);
#3446=ADVANCED_FACE('',(#380),#127,.T.);
#3447=ADVANCED_FACE('',(#381),#3288,.T.);
#3448=ADVANCED_FACE('',(#382),#128,.T.);
#3449=ADVANCED_FACE('',(#383),#3289,.T.);
#3450=ADVANCED_FACE('',(#384),#129,.T.);
#3451=ADVANCED_FACE('',(#385),#3290,.T.);
#3452=ADVANCED_FACE('',(#386),#3291,.T.);
#3453=ADVANCED_FACE('',(#387),#3292,.T.);
#3454=ADVANCED_FACE('',(#388),#3293,.T.);
#3455=ADVANCED_FACE('',(#389,#106),#3294,.T.);
#3456=ADVANCED_FACE('',(#390),#3295,.T.);
#3457=ADVANCED_FACE('',(#391),#3296,.T.);
#3458=ADVANCED_FACE('',(#392),#3297,.T.);
#3459=ADVANCED_FACE('',(#393),#3298,.T.);
#3460=ADVANCED_FACE('',(#394),#130,.T.);
#3461=ADVANCED_FACE('',(#395),#3299,.T.);
#3462=ADVANCED_FACE('',(#396),#3300,.T.);
#3463=ADVANCED_FACE('',(#397),#3301,.T.);
#3464=ADVANCED_FACE('',(#398),#51,.T.);
#3465=ADVANCED_FACE('',(#399),#3302,.T.);
#3466=ADVANCED_FACE('',(#400),#52,.T.);
#3467=ADVANCED_FACE('',(#401),#3303,.T.);
#3468=ADVANCED_FACE('',(#402),#3304,.T.);
#3469=ADVANCED_FACE('',(#403),#3305,.T.);
#3470=ADVANCED_FACE('',(#404),#3306,.T.);
#3471=ADVANCED_FACE('',(#405),#3307,.T.);
#3472=ADVANCED_FACE('',(#406),#3308,.T.);
#3473=ADVANCED_FACE('',(#407),#3309,.T.);
#3474=ADVANCED_FACE('',(#408),#131,.T.);
#3475=ADVANCED_FACE('',(#409),#132,.T.);
#3476=ADVANCED_FACE('',(#410),#3310,.T.);
#3477=ADVANCED_FACE('',(#411),#3311,.T.);
#3478=ADVANCED_FACE('',(#412),#3312,.T.);
#3479=ADVANCED_FACE('',(#413),#53,.T.);
#3480=ADVANCED_FACE('',(#414),#3313,.T.);
#3481=ADVANCED_FACE('',(#415),#54,.T.);
#3482=ADVANCED_FACE('',(#416,#107),#3314,.T.);
#3483=ADVANCED_FACE('',(#417),#133,.T.);
#3484=ADVANCED_FACE('',(#418,#108),#3315,.T.);
#3485=ADVANCED_FACE('',(#419),#134,.T.);
#3486=ADVANCED_FACE('',(#420),#3316,.T.);
#3487=ADVANCED_FACE('',(#421),#135,.T.);
#3488=ADVANCED_FACE('',(#422),#136,.T.);
#3489=ADVANCED_FACE('',(#423),#3317,.T.);
#3490=ADVANCED_FACE('',(#424),#137,.T.);
#3491=ADVANCED_FACE('',(#425),#138,.T.);
#3492=ADVANCED_FACE('',(#426),#3318,.T.);
#3493=ADVANCED_FACE('',(#427),#3319,.T.);
#3494=ADVANCED_FACE('',(#428),#3320,.T.);
#3495=ADVANCED_FACE('',(#429),#3321,.T.);
#3496=ADVANCED_FACE('',(#430),#3322,.T.);
#3497=ADVANCED_FACE('',(#431),#55,.T.);
#3498=ADVANCED_FACE('',(#432),#3323,.T.);
#3499=ADVANCED_FACE('',(#433),#56,.T.);
#3500=ADVANCED_FACE('',(#434),#3324,.T.);
#3501=ADVANCED_FACE('',(#435),#3325,.T.);
#3502=ADVANCED_FACE('',(#436),#3326,.T.);
#3503=ADVANCED_FACE('',(#437),#3327,.T.);
#3504=ADVANCED_FACE('',(#438),#3328,.T.);
#3505=ADVANCED_FACE('',(#439),#3329,.T.);
#3506=ADVANCED_FACE('',(#440,#109),#3330,.T.);
#3507=ADVANCED_FACE('',(#441),#139,.T.);
#3508=ADVANCED_FACE('',(#442),#3331,.T.);
#3509=ADVANCED_FACE('',(#443),#140,.T.);
#3510=ADVANCED_FACE('',(#444),#3332,.T.);
#3511=ADVANCED_FACE('',(#445),#141,.F.);
#3512=ADVANCED_FACE('',(#446),#3333,.T.);
#3513=ADVANCED_FACE('',(#447),#3334,.T.);
#3514=ADVANCED_FACE('',(#448),#3335,.T.);
#3515=ADVANCED_FACE('',(#449),#3336,.T.);
#3516=ADVANCED_FACE('',(#450),#3337,.T.);
#3517=ADVANCED_FACE('',(#451),#3338,.T.);
#3518=ADVANCED_FACE('',(#452),#3339,.T.);
#3519=ADVANCED_FACE('',(#453),#3340,.T.);
#3520=ADVANCED_FACE('',(#454),#3341,.T.);
#3521=ADVANCED_FACE('',(#455),#3342,.T.);
#3522=ADVANCED_FACE('',(#456),#3343,.T.);
#3523=ADVANCED_FACE('',(#457),#3344,.T.);
#3524=ADVANCED_FACE('',(#458),#3345,.T.);
#3525=ADVANCED_FACE('',(#459),#3346,.T.);
#3526=ADVANCED_FACE('',(#460),#142,.F.);
#3527=ADVANCED_FACE('',(#461),#3347,.T.);
#3528=ADVANCED_FACE('',(#462),#25,.T.);
#3529=ADVANCED_FACE('',(#463),#26,.F.);
#3530=ADVANCED_FACE('',(#464),#27,.T.);
#3531=ADVANCED_FACE('',(#465),#28,.F.);
#3532=ADVANCED_FACE('',(#466),#29,.T.);
#3533=ADVANCED_FACE('',(#467),#30,.F.);
#3534=ADVANCED_FACE('',(#468),#31,.T.);
#3535=ADVANCED_FACE('',(#469),#32,.F.);
#3536=ADVANCED_FACE('',(#470),#143,.F.);
#3537=ADVANCED_FACE('',(#471),#144,.T.);
#3538=ADVANCED_FACE('',(#472),#145,.F.);
#3539=ADVANCED_FACE('',(#473),#146,.T.);
#3540=ADVANCED_FACE('',(#474),#3348,.T.);
#3541=ADVANCED_FACE('',(#475),#3349,.F.);
#3542=ADVANCED_FACE('',(#476),#3350,.F.);
#3543=ADVANCED_FACE('',(#477),#3351,.F.);
#3544=ADVANCED_FACE('',(#478),#3352,.F.);
#3545=ADVANCED_FACE('',(#479),#3353,.F.);
#3546=ADVANCED_FACE('',(#480),#147,.F.);
#3547=ADVANCED_FACE('',(#481),#148,.F.);
#3548=ADVANCED_FACE('',(#482),#149,.T.);
#3549=ADVANCED_FACE('',(#483),#150,.F.);
#3550=ADVANCED_FACE('',(#484),#151,.T.);
#3551=ADVANCED_FACE('',(#485,#110),#3354,.F.);
#3552=ADVANCED_FACE('',(#486),#3355,.T.);
#3553=ADVANCED_FACE('',(#487),#3356,.F.);
#3554=ADVANCED_FACE('',(#488),#3357,.F.);
#3555=ADVANCED_FACE('',(#489),#3358,.F.);
#3556=ADVANCED_FACE('',(#490),#3359,.F.);
#3557=ADVANCED_FACE('',(#491),#3360,.F.);
#3558=CLOSED_SHELL('',(#3361,#3362,#3363,#3364,#3365,#3366,#3367,#3368,
#3369,#3370,#3371,#3372,#3373,#3374,#3375,#3376,#3377,#3378,#3379));
#3559=CLOSED_SHELL('',(#3380,#3381,#3382,#3383,#3384,#3385,#3386));
#3560=CLOSED_SHELL('',(#3387,#3388,#3389,#3390,#3391,#3392,#3393,#3394,
#3395,#3396,#3397,#3398,#3399,#3400,#3401));
#3561=CLOSED_SHELL('',(#3402,#3403,#3404,#3405,#3406,#3407));
#3562=CLOSED_SHELL('',(#3408,#3409,#3410,#3411,#3412,#3413));
#3563=CLOSED_SHELL('',(#3414,#3415,#3416,#3417,#3418,#3419,#3420,#3421,
#3422,#3423,#3424,#3425,#3426,#3427,#3428,#3429,#3430,#3431,#3432,#3433,
#3434,#3435,#3436,#3437,#3438,#3439,#3440,#3441,#3442,#3443,#3444,#3445,
#3446,#3447,#3448,#3449,#3450,#3451,#3452,#3453,#3454,#3455,#3456,#3457,
#3458,#3459,#3460,#3461,#3462,#3463,#3464,#3465,#3466,#3467,#3468,#3469,
#3470,#3471,#3472,#3473,#3474,#3475,#3476,#3477,#3478,#3479,#3480,#3481,
#3482,#3483,#3484,#3485,#3486,#3487,#3488,#3489,#3490,#3491,#3492,#3493,
#3494,#3495,#3496,#3497,#3498,#3499,#3500,#3501,#3502,#3503,#3504,#3505,
#3506,#3507,#3508,#3509,#3510,#3511,#3512,#3513,#3514,#3515,#3516,#3517,
#3518,#3519,#3520,#3521,#3522,#3523,#3524,#3525,#3526,#3527));
#3564=CLOSED_SHELL('',(#3528,#3529,#3530,#3531,#3532,#3533,#3534,#3535,
#3536,#3537,#3538,#3539,#3540,#3541,#3542,#3543,#3544,#3545,#3546,#3547,
#3548,#3549,#3550,#3551));
#3565=CLOSED_SHELL('',(#3552,#3553,#3554,#3555,#3556,#3557));
#3566=DERIVED_UNIT_ELEMENT(#3572,1.);
#3567=DERIVED_UNIT_ELEMENT(#6345,-3.);
#3568=DERIVED_UNIT_ELEMENT(#3572,1.);
#3569=DERIVED_UNIT_ELEMENT(#6345,-3.);
#3570=DERIVED_UNIT_ELEMENT(#3572,1.);
#3571=DERIVED_UNIT_ELEMENT(#6345,-3.);
#3572=(
MASS_UNIT()
NAMED_UNIT(*)
SI_UNIT(.KILO.,.GRAM.)
);
#3573=DERIVED_UNIT((#3566,#3567));
#3574=DERIVED_UNIT((#3568,#3569));
#3575=DERIVED_UNIT((#3570,#3571));
#3576=MEASURE_REPRESENTATION_ITEM('density measure',
POSITIVE_RATIO_MEASURE(7850.),#3573);
#3577=MEASURE_REPRESENTATION_ITEM('density measure',
POSITIVE_RATIO_MEASURE(7850.),#3574);
#3578=MEASURE_REPRESENTATION_ITEM('density measure',
POSITIVE_RATIO_MEASURE(7850.),#3575);
#3579=PROPERTY_DEFINITION_REPRESENTATION(#3594,#3585);
#3580=PROPERTY_DEFINITION_REPRESENTATION(#3595,#3586);
#3581=PROPERTY_DEFINITION_REPRESENTATION(#3596,#3587);
#3582=PROPERTY_DEFINITION_REPRESENTATION(#3597,#3588);
#3583=PROPERTY_DEFINITION_REPRESENTATION(#3598,#3589);
#3584=PROPERTY_DEFINITION_REPRESENTATION(#3599,#3590);
#3585=REPRESENTATION('material name',(#3591),#6340);
#3586=REPRESENTATION('density',(#3576),#6340);
#3587=REPRESENTATION('material name',(#3592),#6341);
#3588=REPRESENTATION('density',(#3577),#6341);
#3589=REPRESENTATION('material name',(#3593),#6342);
#3590=REPRESENTATION('density',(#3578),#6342);
#3591=DESCRIPTIVE_REPRESENTATION_ITEM('Steel','Steel');
#3592=DESCRIPTIVE_REPRESENTATION_ITEM('Steel','Steel');
#3593=DESCRIPTIVE_REPRESENTATION_ITEM('Steel','Steel');
#3594=PROPERTY_DEFINITION('material property','material name',#6365);
#3595=PROPERTY_DEFINITION('material property','density of part',#6365);
#3596=PROPERTY_DEFINITION('material property','material name',#6366);
#3597=PROPERTY_DEFINITION('material property','density of part',#6366);
#3598=PROPERTY_DEFINITION('material property','material name',#6367);
#3599=PROPERTY_DEFINITION('material property','density of part',#6367);
#3600=AXIS2_PLACEMENT_3D('',#4953,#3939,#3940);
#3601=AXIS2_PLACEMENT_3D('',#4954,#3941,#3942);
#3602=AXIS2_PLACEMENT_3D('',#4955,#3943,#3944);
#3603=AXIS2_PLACEMENT_3D('',#4964,#3949,#3950);
#3604=AXIS2_PLACEMENT_3D('',#4970,#3954,#3955);
#3605=AXIS2_PLACEMENT_3D('',#4976,#3959,#3960);
#3606=AXIS2_PLACEMENT_3D('',#4977,#3961,#3962);
#3607=AXIS2_PLACEMENT_3D('',#4978,#3963,#3964);
#3608=AXIS2_PLACEMENT_3D('',#4980,#3965,#3966);
#3609=AXIS2_PLACEMENT_3D('',#4983,#3968,#3969);
#3610=AXIS2_PLACEMENT_3D('',#4984,#3970,#3971);
#3611=AXIS2_PLACEMENT_3D('',#4993,#3976,#3977);
#3612=AXIS2_PLACEMENT_3D('',#4995,#3978,#3979);
#3613=AXIS2_PLACEMENT_3D('',#4997,#3980,#3981);
#3614=AXIS2_PLACEMENT_3D('',#4999,#3983,#3984);
#3615=AXIS2_PLACEMENT_3D('',#5005,#3988,#3989);
#3616=AXIS2_PLACEMENT_3D('',#5007,#3990,#3991);
#3617=AXIS2_PLACEMENT_3D('',#5008,#3992,#3993);
#3618=AXIS2_PLACEMENT_3D('',#5009,#3994,#3995);
#3619=AXIS2_PLACEMENT_3D('',#5011,#3996,#3997);
#3620=AXIS2_PLACEMENT_3D('',#5014,#3999,#4000);
#3621=AXIS2_PLACEMENT_3D('',#5015,#4001,#4002);
#3622=AXIS2_PLACEMENT_3D('',#5024,#4007,#4008);
#3623=AXIS2_PLACEMENT_3D('',#5026,#4009,#4010);
#3624=AXIS2_PLACEMENT_3D('',#5028,#4011,#4012);
#3625=AXIS2_PLACEMENT_3D('',#5030,#4014,#4015);
#3626=AXIS2_PLACEMENT_3D('',#5036,#4019,#4020);
#3627=AXIS2_PLACEMENT_3D('',#5037,#4021,#4022);
#3628=AXIS2_PLACEMENT_3D('',#5038,#4023,#4024);
#3629=AXIS2_PLACEMENT_3D('',#5040,#4025,#4026);
#3630=AXIS2_PLACEMENT_3D('',#5043,#4028,#4029);
#3631=AXIS2_PLACEMENT_3D('',#5044,#4030,#4031);
#3632=AXIS2_PLACEMENT_3D('',#5045,#4032,#4033);
#3633=AXIS2_PLACEMENT_3D('',#5048,#4035,#4036);
#3634=AXIS2_PLACEMENT_3D('',#5049,#4037,#4038);
#3635=AXIS2_PLACEMENT_3D('',#5050,#4039,#4040);
#3636=AXIS2_PLACEMENT_3D('',#5051,#4041,#4042);
#3637=AXIS2_PLACEMENT_3D('',#5052,#4043,#4044);
#3638=AXIS2_PLACEMENT_3D('',#5053,#4045,#4046);
#3639=AXIS2_PLACEMENT_3D('',#5054,#4047,#4048);
#3640=AXIS2_PLACEMENT_3D('',#5063,#4053,#4054);
#3641=AXIS2_PLACEMENT_3D('',#5064,#4055,#4056);
#3642=AXIS2_PLACEMENT_3D('',#5065,#4057,#4058);
#3643=AXIS2_PLACEMENT_3D('',#5074,#4063,#4064);
#3644=AXIS2_PLACEMENT_3D('',#5075,#4065,#4066);
#3645=AXIS2_PLACEMENT_3D('',#5076,#4067,#4068);
#3646=AXIS2_PLACEMENT_3D('',#5078,#4069,#4070);
#3647=AXIS2_PLACEMENT_3D('',#5079,#4071,#4072);
#3648=AXIS2_PLACEMENT_3D('',#5080,#4073,#4074);
#3649=AXIS2_PLACEMENT_3D('',#5083,#4076,#4077);
#3650=AXIS2_PLACEMENT_3D('',#5084,#4078,#4079);
#3651=AXIS2_PLACEMENT_3D('',#5085,#4080,#4081);
#3652=AXIS2_PLACEMENT_3D('',#5086,#4082,#4083);
#3653=AXIS2_PLACEMENT_3D('',#5089,#4084,#4085);
#3654=AXIS2_PLACEMENT_3D('',#5095,#4089,#4090);
#3655=AXIS2_PLACEMENT_3D('',#5103,#4095,#4096);
#3656=AXIS2_PLACEMENT_3D('',#5109,#4100,#4101);
#3657=AXIS2_PLACEMENT_3D('',#5114,#4105,#4106);
#3658=AXIS2_PLACEMENT_3D('',#5116,#4107,#4108);
#3659=AXIS2_PLACEMENT_3D('',#5120,#4111,#4112);
#3660=AXIS2_PLACEMENT_3D('',#5122,#4113,#4114);
#3661=AXIS2_PLACEMENT_3D('',#5126,#4116,#4117);
#3662=AXIS2_PLACEMENT_3D('',#5130,#4119,#4120);
#3663=AXIS2_PLACEMENT_3D('',#5134,#4122,#4123);
#3664=AXIS2_PLACEMENT_3D('',#5136,#4125,#4126);
#3665=AXIS2_PLACEMENT_3D('',#5140,#4129,#4130);
#3666=AXIS2_PLACEMENT_3D('',#5146,#4134,#4135);
#3667=AXIS2_PLACEMENT_3D('',#5149,#4138,#4139);
#3668=AXIS2_PLACEMENT_3D('',#5150,#4140,#4141);
#3669=AXIS2_PLACEMENT_3D('',#5156,#4145,#4146);
#3670=AXIS2_PLACEMENT_3D('',#5162,#4150,#4151);
#3671=AXIS2_PLACEMENT_3D('',#5165,#4154,#4155);
#3672=AXIS2_PLACEMENT_3D('',#5166,#4156,#4157);
#3673=AXIS2_PLACEMENT_3D('',#5167,#4158,#4159);
#3674=AXIS2_PLACEMENT_3D('',#5170,#4160,#4161);
#3675=AXIS2_PLACEMENT_3D('',#5174,#4163,#4164);
#3676=AXIS2_PLACEMENT_3D('',#5176,#4166,#4167);
#3677=AXIS2_PLACEMENT_3D('',#5182,#4171,#4172);
#3678=AXIS2_PLACEMENT_3D('',#5188,#4176,#4177);
#3679=AXIS2_PLACEMENT_3D('',#5191,#4180,#4181);
#3680=AXIS2_PLACEMENT_3D('',#5192,#4182,#4183);
#3681=AXIS2_PLACEMENT_3D('',#5193,#4184,#4185);
#3682=AXIS2_PLACEMENT_3D('',#5202,#4190,#4191);
#3683=AXIS2_PLACEMENT_3D('',#5204,#4192,#4193);
#3684=AXIS2_PLACEMENT_3D('',#5206,#4194,#4195);
#3685=AXIS2_PLACEMENT_3D('',#5208,#4197,#4198);
#3686=AXIS2_PLACEMENT_3D('',#5214,#4202,#4203);
#3687=AXIS2_PLACEMENT_3D('',#5217,#4206,#4207);
#3688=AXIS2_PLACEMENT_3D('',#5218,#4208,#4209);
#3689=AXIS2_PLACEMENT_3D('',#5219,#4210,#4211);
#3690=AXIS2_PLACEMENT_3D('',#5220,#4212,#4213);
#3691=AXIS2_PLACEMENT_3D('',#5222,#4214,#4215);
#3692=AXIS2_PLACEMENT_3D('',#5225,#4217,#4218);
#3693=AXIS2_PLACEMENT_3D('',#5226,#4219,#4220);
#3694=AXIS2_PLACEMENT_3D('',#5228,#4221,#4222);
#3695=AXIS2_PLACEMENT_3D('',#5231,#4224,#4225);
#3696=AXIS2_PLACEMENT_3D('',#5232,#4226,#4227);
#3697=AXIS2_PLACEMENT_3D('',#5243,#4233,#4234);
#3698=AXIS2_PLACEMENT_3D('',#5249,#4238,#4239);
#3699=AXIS2_PLACEMENT_3D('',#5260,#4245,#4246);
#3700=AXIS2_PLACEMENT_3D('',#5270,#4252,#4253);
#3701=AXIS2_PLACEMENT_3D('',#5281,#4259,#4260);
#3702=AXIS2_PLACEMENT_3D('',#5282,#4261,#4262);
#3703=AXIS2_PLACEMENT_3D('',#5284,#4263,#4264);
#3704=AXIS2_PLACEMENT_3D('',#5286,#4265,#4266);
#3705=AXIS2_PLACEMENT_3D('',#5290,#4268,#4269);
#3706=AXIS2_PLACEMENT_3D('',#5294,#4271,#4272);
#3707=AXIS2_PLACEMENT_3D('',#5296,#4273,#4274);
#3708=AXIS2_PLACEMENT_3D('',#5300,#4276,#4277);
#3709=AXIS2_PLACEMENT_3D('',#5304,#4279,#4280);
#3710=AXIS2_PLACEMENT_3D('',#5306,#4281,#4282);
#3711=AXIS2_PLACEMENT_3D('',#5308,#4283,#4284);
#3712=AXIS2_PLACEMENT_3D('',#5309,#4285,#4286);
#3713=AXIS2_PLACEMENT_3D('',#5310,#4287,#4288);
#3714=AXIS2_PLACEMENT_3D('',#5321,#4294,#4295);
#3715=AXIS2_PLACEMENT_3D('',#5327,#4299,#4300);
#3716=AXIS2_PLACEMENT_3D('',#5352,#4306,#4307);
#3717=AXIS2_PLACEMENT_3D('',#5399,#4311,#4312);
#3718=AXIS2_PLACEMENT_3D('',#5446,#4316,#4317);
#3719=AXIS2_PLACEMENT_3D('',#5448,#4318,#4319);
#3720=AXIS2_PLACEMENT_3D('',#5450,#4320,#4321);
#3721=AXIS2_PLACEMENT_3D('',#5454,#4323,#4324);
#3722=AXIS2_PLACEMENT_3D('',#5458,#4326,#4327);
#3723=AXIS2_PLACEMENT_3D('',#5459,#4328,#4329);
#3724=AXIS2_PLACEMENT_3D('',#5484,#4337,#4338);
#3725=AXIS2_PLACEMENT_3D('',#5506,#4344,#4345);
#3726=AXIS2_PLACEMENT_3D('',#5572,#4356,#4357);
#3727=AXIS2_PLACEMENT_3D('',#5575,#4359,#4360);
#3728=AXIS2_PLACEMENT_3D('',#5576,#4361,#4362);
#3729=AXIS2_PLACEMENT_3D('',#5590,#4366,#4367);
#3730=AXIS2_PLACEMENT_3D('',#5592,#4369,#4370);
#3731=AXIS2_PLACEMENT_3D('',#5598,#4374,#4375);
#3732=AXIS2_PLACEMENT_3D('',#5602,#4378,#4379);
#3733=AXIS2_PLACEMENT_3D('',#5608,#4383,#4384);
#3734=AXIS2_PLACEMENT_3D('',#5623,#4387,#4388);
#3735=AXIS2_PLACEMENT_3D('',#5625,#4390,#4391);
#3736=AXIS2_PLACEMENT_3D('',#5627,#4392,#4393);
#3737=AXIS2_PLACEMENT_3D('',#5630,#4395,#4396);
#3738=AXIS2_PLACEMENT_3D('',#5631,#4397,#4398);
#3739=AXIS2_PLACEMENT_3D('',#5654,#4411,#4412);
#3740=AXIS2_PLACEMENT_3D('',#5659,#4414,#4415);
#3741=AXIS2_PLACEMENT_3D('',#5660,#4416,#4417);
#3742=AXIS2_PLACEMENT_3D('',#5662,#4418,#4419);
#3743=AXIS2_PLACEMENT_3D('',#5663,#4420,#4421);
#3744=AXIS2_PLACEMENT_3D('',#5665,#4422,#4423);
#3745=AXIS2_PLACEMENT_3D('',#5667,#4425,#4426);
#3746=AXIS2_PLACEMENT_3D('',#5669,#4427,#4428);
#3747=AXIS2_PLACEMENT_3D('',#5671,#4430,#4431);
#3748=AXIS2_PLACEMENT_3D('',#5673,#4432,#4433);
#3749=AXIS2_PLACEMENT_3D('',#5675,#4435,#4436);
#3750=AXIS2_PLACEMENT_3D('',#5681,#4440,#4441);
#3751=AXIS2_PLACEMENT_3D('',#5684,#4443,#4444);
#3752=AXIS2_PLACEMENT_3D('',#5685,#4445,#4446);
#3753=AXIS2_PLACEMENT_3D('',#5689,#4449,#4450);
#3754=AXIS2_PLACEMENT_3D('',#5690,#4451,#4452);
#3755=AXIS2_PLACEMENT_3D('',#5694,#4454,#4455);
#3756=AXIS2_PLACEMENT_3D('',#5698,#4457,#4458);
#3757=AXIS2_PLACEMENT_3D('',#5702,#4460,#4461);
#3758=AXIS2_PLACEMENT_3D('',#5706,#4463,#4464);
#3759=AXIS2_PLACEMENT_3D('',#5710,#4466,#4467);
#3760=AXIS2_PLACEMENT_3D('',#5714,#4469,#4470);
#3761=AXIS2_PLACEMENT_3D('',#5718,#4472,#4473);
#3762=AXIS2_PLACEMENT_3D('',#5722,#4475,#4476);
#3763=AXIS2_PLACEMENT_3D('',#5726,#4478,#4479);
#3764=AXIS2_PLACEMENT_3D('',#5730,#4481,#4482);
#3765=AXIS2_PLACEMENT_3D('',#5734,#4484,#4485);
#3766=AXIS2_PLACEMENT_3D('',#5738,#4487,#4488);
#3767=AXIS2_PLACEMENT_3D('',#5742,#4490,#4491);
#3768=AXIS2_PLACEMENT_3D('',#5744,#4493,#4494);
#3769=AXIS2_PLACEMENT_3D('',#5745,#4495,#4496);
#3770=AXIS2_PLACEMENT_3D('',#5746,#4497,#4498);
#3771=AXIS2_PLACEMENT_3D('',#5747,#4499,#4500);
#3772=AXIS2_PLACEMENT_3D('',#5748,#4501,#4502);
#3773=AXIS2_PLACEMENT_3D('',#5749,#4503,#4504);
#3774=AXIS2_PLACEMENT_3D('',#5750,#4505,#4506);
#3775=AXIS2_PLACEMENT_3D('',#5751,#4507,#4508);
#3776=AXIS2_PLACEMENT_3D('',#5752,#4509,#4510);
#3777=AXIS2_PLACEMENT_3D('',#5753,#4511,#4512);
#3778=AXIS2_PLACEMENT_3D('',#5754,#4513,#4514);
#3779=AXIS2_PLACEMENT_3D('',#5755,#4515,#4516);
#3780=AXIS2_PLACEMENT_3D('',#5759,#4519,#4520);
#3781=AXIS2_PLACEMENT_3D('',#5763,#4523,#4524);
#3782=AXIS2_PLACEMENT_3D('',#5765,#4526,#4527);
#3783=AXIS2_PLACEMENT_3D('',#5766,#4528,#4529);
#3784=AXIS2_PLACEMENT_3D('',#5776,#4535,#4536);
#3785=AXIS2_PLACEMENT_3D('',#5782,#4540,#4541);
#3786=AXIS2_PLACEMENT_3D('',#5790,#4546,#4547);
#3787=AXIS2_PLACEMENT_3D('',#5800,#4553,#4554);
#3788=AXIS2_PLACEMENT_3D('',#5801,#4555,#4556);
#3789=AXIS2_PLACEMENT_3D('',#5803,#4558,#4559);
#3790=AXIS2_PLACEMENT_3D('',#5805,#4561,#4562);
#3791=AXIS2_PLACEMENT_3D('',#5809,#4565,#4566);
#3792=AXIS2_PLACEMENT_3D('',#5812,#4569,#4570);
#3793=AXIS2_PLACEMENT_3D('',#5850,#4575,#4576);
#3794=AXIS2_PLACEMENT_3D('',#5886,#4580,#4581);
#3795=AXIS2_PLACEMENT_3D('',#5890,#4584,#4585);
#3796=AXIS2_PLACEMENT_3D('',#5894,#4588,#4589);
#3797=AXIS2_PLACEMENT_3D('',#5896,#4591,#4592);
#3798=AXIS2_PLACEMENT_3D('',#5900,#4595,#4596);
#3799=AXIS2_PLACEMENT_3D('',#5904,#4599,#4600);
#3800=AXIS2_PLACEMENT_3D('',#5908,#4603,#4604);
#3801=AXIS2_PLACEMENT_3D('',#5913,#4608,#4609);
#3802=AXIS2_PLACEMENT_3D('',#5916,#4611,#4612);
#3803=AXIS2_PLACEMENT_3D('',#5918,#4614,#4615);
#3804=AXIS2_PLACEMENT_3D('',#5919,#4616,#4617);
#3805=AXIS2_PLACEMENT_3D('',#5921,#4618,#4619);
#3806=AXIS2_PLACEMENT_3D('',#5923,#4620,#4621);
#3807=AXIS2_PLACEMENT_3D('',#5925,#4623,#4624);
#3808=AXIS2_PLACEMENT_3D('',#5926,#4625,#4626);
#3809=AXIS2_PLACEMENT_3D('',#5930,#4629,#4630);
#3810=AXIS2_PLACEMENT_3D('',#5934,#4633,#4634);
#3811=AXIS2_PLACEMENT_3D('',#5970,#4638,#4639);
#3812=AXIS2_PLACEMENT_3D('',#6004,#4642,#4643);
#3813=AXIS2_PLACEMENT_3D('',#6005,#4644,#4645);
#3814=AXIS2_PLACEMENT_3D('',#6006,#4646,#4647);
#3815=AXIS2_PLACEMENT_3D('',#6008,#4648,#4649);
#3816=AXIS2_PLACEMENT_3D('',#6009,#4650,#4651);
#3817=AXIS2_PLACEMENT_3D('',#6010,#4652,#4653);
#3818=AXIS2_PLACEMENT_3D('',#6011,#4654,#4655);
#3819=AXIS2_PLACEMENT_3D('',#6012,#4656,#4657);
#3820=AXIS2_PLACEMENT_3D('',#6013,#4658,#4659);
#3821=AXIS2_PLACEMENT_3D('',#6014,#4660,#4661);
#3822=AXIS2_PLACEMENT_3D('',#6015,#4662,#4663);
#3823=AXIS2_PLACEMENT_3D('',#6016,#4664,#4665);
#3824=AXIS2_PLACEMENT_3D('',#6017,#4666,#4667);
#3825=AXIS2_PLACEMENT_3D('',#6018,#4668,#4669);
#3826=AXIS2_PLACEMENT_3D('',#6019,#4670,#4671);
#3827=AXIS2_PLACEMENT_3D('',#6020,#4672,#4673);
#3828=AXIS2_PLACEMENT_3D('',#6021,#4674,#4675);
#3829=AXIS2_PLACEMENT_3D('',#6022,#4676,#4677);
#3830=AXIS2_PLACEMENT_3D('',#6023,#4678,#4679);
#3831=AXIS2_PLACEMENT_3D('',#6024,#4680,#4681);
#3832=AXIS2_PLACEMENT_3D('',#6025,#4682,#4683);
#3833=AXIS2_PLACEMENT_3D('',#6026,#4684,#4685);
#3834=AXIS2_PLACEMENT_3D('',#6027,#4686,#4687);
#3835=AXIS2_PLACEMENT_3D('',#6028,#4688,#4689);
#3836=AXIS2_PLACEMENT_3D('',#6029,#4690,#4691);
#3837=AXIS2_PLACEMENT_3D('',#6030,#4692,#4693);
#3838=AXIS2_PLACEMENT_3D('',#6031,#4694,#4695);
#3839=AXIS2_PLACEMENT_3D('',#6032,#4696,#4697);
#3840=AXIS2_PLACEMENT_3D('',#6038,#4701,#4702);
#3841=AXIS2_PLACEMENT_3D('',#6074,#4706,#4707);
#3842=AXIS2_PLACEMENT_3D('',#6108,#4710,#4711);
#3843=AXIS2_PLACEMENT_3D('',#6112,#4714,#4715);
#3844=AXIS2_PLACEMENT_3D('',#6116,#4718,#4719);
#3845=AXIS2_PLACEMENT_3D('',#6120,#4722,#4723);
#3846=AXIS2_PLACEMENT_3D('',#6124,#4726,#4727);
#3847=AXIS2_PLACEMENT_3D('',#6126,#4729,#4730);
#3848=AXIS2_PLACEMENT_3D('',#6128,#4732,#4733);
#3849=AXIS2_PLACEMENT_3D('',#6129,#4734,#4735);
#3850=AXIS2_PLACEMENT_3D('',#6130,#4736,#4737);
#3851=AXIS2_PLACEMENT_3D('',#6131,#4738,#4739);
#3852=AXIS2_PLACEMENT_3D('',#6132,#4740,#4741);
#3853=AXIS2_PLACEMENT_3D('',#6133,#4742,#4743);
#3854=AXIS2_PLACEMENT_3D('',#6134,#4744,#4745);
#3855=AXIS2_PLACEMENT_3D('',#6135,#4746,#4747);
#3856=AXIS2_PLACEMENT_3D('',#6136,#4748,#4749);
#3857=AXIS2_PLACEMENT_3D('',#6137,#4750,#4751);
#3858=AXIS2_PLACEMENT_3D('',#6139,#4753,#4754);
#3859=AXIS2_PLACEMENT_3D('',#6144,#4758,#4759);
#3860=AXIS2_PLACEMENT_3D('',#6145,#4760,#4761);
#3861=AXIS2_PLACEMENT_3D('',#6146,#4762,#4763);
#3862=AXIS2_PLACEMENT_3D('',#6147,#4764,#4765);
#3863=AXIS2_PLACEMENT_3D('',#6152,#4769,#4770);
#3864=AXIS2_PLACEMENT_3D('',#6153,#4771,#4772);
#3865=AXIS2_PLACEMENT_3D('',#6155,#4774,#4775);
#3866=AXIS2_PLACEMENT_3D('',#6156,#4776,#4777);
#3867=AXIS2_PLACEMENT_3D('',#6157,#4778,#4779);
#3868=AXIS2_PLACEMENT_3D('',#6158,#4780,#4781);
#3869=AXIS2_PLACEMENT_3D('',#6159,#4782,#4783);
#3870=AXIS2_PLACEMENT_3D('',#6161,#4785,#4786);
#3871=AXIS2_PLACEMENT_3D('',#6163,#4788,#4789);
#3872=AXIS2_PLACEMENT_3D('',#6164,#4790,#4791);
#3873=AXIS2_PLACEMENT_3D('',#6165,#4792,#4793);
#3874=AXIS2_PLACEMENT_3D('',#6166,#4794,#4795);
#3875=AXIS2_PLACEMENT_3D('',#6167,#4796,#4797);
#3876=AXIS2_PLACEMENT_3D('',#6168,#4798,#4799);
#3877=AXIS2_PLACEMENT_3D('',#6171,#4800,#4801);
#3878=AXIS2_PLACEMENT_3D('',#6178,#4802,#4803);
#3879=AXIS2_PLACEMENT_3D('',#6183,#4804,#4805);
#3880=AXIS2_PLACEMENT_3D('',#6185,#4806,#4807);
#3881=AXIS2_PLACEMENT_3D('',#6191,#4808,#4809);
#3882=AXIS2_PLACEMENT_3D('',#6192,#4810,#4811);
#3883=AXIS2_PLACEMENT_3D('',#6194,#4812,#4813);
#3884=AXIS2_PLACEMENT_3D('',#6200,#4814,#4815);
#3885=AXIS2_PLACEMENT_3D('',#6201,#4816,#4817);
#3886=AXIS2_PLACEMENT_3D('',#6203,#4818,#4819);
#3887=AXIS2_PLACEMENT_3D('',#6209,#4820,#4821);
#3888=AXIS2_PLACEMENT_3D('',#6210,#4822,#4823);
#3889=AXIS2_PLACEMENT_3D('',#6212,#4824,#4825);
#3890=AXIS2_PLACEMENT_3D('',#6218,#4826,#4827);
#3891=AXIS2_PLACEMENT_3D('',#6219,#4828,#4829);
#3892=AXIS2_PLACEMENT_3D('',#6221,#4830,#4831);
#3893=AXIS2_PLACEMENT_3D('',#6223,#4832,#4833);
#3894=AXIS2_PLACEMENT_3D('',#6228,#4834,#4835);
#3895=AXIS2_PLACEMENT_3D('',#6230,#4836,#4837);
#3896=AXIS2_PLACEMENT_3D('',#6232,#4838,#4839);
#3897=AXIS2_PLACEMENT_3D('',#6237,#4840,#4841);
#3898=AXIS2_PLACEMENT_3D('',#6238,#4842,#4843);
#3899=AXIS2_PLACEMENT_3D('',#6239,#4844,#4845);
#3900=AXIS2_PLACEMENT_3D('',#6240,#4846,#4847);
#3901=AXIS2_PLACEMENT_3D('',#6244,#4849,#4850);
#3902=AXIS2_PLACEMENT_3D('',#6246,#4852,#4853);
#3903=AXIS2_PLACEMENT_3D('',#6249,#4855,#4856);
#3904=AXIS2_PLACEMENT_3D('',#6250,#4857,#4858);
#3905=AXIS2_PLACEMENT_3D('',#6253,#4860,#4861);
#3906=AXIS2_PLACEMENT_3D('',#6254,#4862,#4863);
#3907=AXIS2_PLACEMENT_3D('',#6257,#4865,#4866);
#3908=AXIS2_PLACEMENT_3D('',#6258,#4867,#4868);
#3909=AXIS2_PLACEMENT_3D('',#6259,#4869,#4870);
#3910=AXIS2_PLACEMENT_3D('',#6268,#4875,#4876);
#3911=AXIS2_PLACEMENT_3D('',#6277,#4881,#4882);
#3912=AXIS2_PLACEMENT_3D('',#6279,#4883,#4884);
#3913=AXIS2_PLACEMENT_3D('',#6280,#4885,#4886);
#3914=AXIS2_PLACEMENT_3D('',#6281,#4887,#4888);
#3915=AXIS2_PLACEMENT_3D('',#6282,#4889,#4890);
#3916=AXIS2_PLACEMENT_3D('',#6283,#4891,#4892);
#3917=AXIS2_PLACEMENT_3D('',#6284,#4893,#4894);
#3918=AXIS2_PLACEMENT_3D('',#6285,#4895,#4896);
#3919=AXIS2_PLACEMENT_3D('',#6286,#4897,#4898);
#3920=AXIS2_PLACEMENT_3D('',#6288,#4899,#4900);
#3921=AXIS2_PLACEMENT_3D('',#6290,#4902,#4903);
#3922=AXIS2_PLACEMENT_3D('',#6293,#4905,#4906);
#3923=AXIS2_PLACEMENT_3D('',#6294,#4907,#4908);
#3924=AXIS2_PLACEMENT_3D('',#6297,#4910,#4911);
#3925=AXIS2_PLACEMENT_3D('',#6298,#4912,#4913);
#3926=AXIS2_PLACEMENT_3D('',#6301,#4915,#4916);
#3927=AXIS2_PLACEMENT_3D('',#6302,#4917,#4918);
#3928=AXIS2_PLACEMENT_3D('',#6303,#4919,#4920);
#3929=AXIS2_PLACEMENT_3D('',#6304,#4921,#4922);
#3930=AXIS2_PLACEMENT_3D('',#6305,#4923,#4924);
#3931=AXIS2_PLACEMENT_3D('',#6314,#4929,#4930);
#3932=AXIS2_PLACEMENT_3D('',#6323,#4935,#4936);
#3933=AXIS2_PLACEMENT_3D('',#6326,#4939,#4940);
#3934=AXIS2_PLACEMENT_3D('',#6328,#4942,#4943);
#3935=AXIS2_PLACEMENT_3D('',#6330,#4945,#4946);
#3936=AXIS2_PLACEMENT_3D('',#6331,#4947,#4948);
#3937=AXIS2_PLACEMENT_3D('',#6332,#4949,#4950);
#3938=AXIS2_PLACEMENT_3D('',#6333,#4951,#4952);
#3939=DIRECTION('axis',(0.,0.,1.));
#3940=DIRECTION('refdir',(1.,0.,0.));
#3941=DIRECTION('axis',(0.,0.,1.));
#3942=DIRECTION('refdir',(1.,0.,0.));
#3943=DIRECTION('center_axis',(-1.,-8.8518575692103E-13,0.));
#3944=DIRECTION('ref_axis',(-8.8518575692103E-13,1.,0.));
#3945=DIRECTION('',(-8.8518575692103E-13,1.,0.));
#3946=DIRECTION('',(0.,0.,1.));
#3947=DIRECTION('',(-8.8518575692103E-13,1.,0.));
#3948=DIRECTION('',(0.,0.,-1.));
#3949=DIRECTION('center_axis',(7.04903507698661E-16,-1.,0.));
#3950=DIRECTION('ref_axis',(-1.,-7.04903507698661E-16,0.));
#3951=DIRECTION('',(-1.,-7.04903507698661E-16,0.));
#3952=DIRECTION('',(-1.,-7.04903507698661E-16,0.));
#3953=DIRECTION('',(0.,0.,-1.));
#3954=DIRECTION('center_axis',(1.,-1.85185304795194E-15,0.));
#3955=DIRECTION('ref_axis',(-1.85185304795194E-15,-1.,0.));
#3956=DIRECTION('',(-1.85185304795194E-15,-1.,0.));
#3957=DIRECTION('',(-1.85185304795194E-15,-1.,0.));
#3958=DIRECTION('',(0.,0.,-1.));
#3959=DIRECTION('center_axis',(0.,0.,1.));
#3960=DIRECTION('ref_axis',(1.,0.,0.));
#3961=DIRECTION('center_axis',(0.,0.,-1.));
#3962=DIRECTION('ref_axis',(1.,0.,0.));
#3963=DIRECTION('center_axis',(0.,0.,-1.));
#3964=DIRECTION('ref_axis',(1.,0.,0.));
#3965=DIRECTION('center_axis',(0.,0.,1.));
#3966=DIRECTION('ref_axis',(1.,0.,0.));
#3967=DIRECTION('',(0.,0.,-1.));
#3968=DIRECTION('center_axis',(0.,0.,1.));
#3969=DIRECTION('ref_axis',(1.,0.,0.));
#3970=DIRECTION('center_axis',(1.40728434401072E-16,1.,0.));
#3971=DIRECTION('ref_axis',(1.,-1.40728434401072E-16,0.));
#3972=DIRECTION('',(1.,-1.40728434401072E-16,0.));
#3973=DIRECTION('',(0.,0.,1.));
#3974=DIRECTION('',(1.,-1.40728434401072E-16,0.));
#3975=DIRECTION('',(0.,0.,-1.));
#3976=DIRECTION('center_axis',(0.,0.,-1.));
#3977=DIRECTION('ref_axis',(6.34413156928661E-16,1.,0.));
#3978=DIRECTION('center_axis',(0.,0.,-1.));
#3979=DIRECTION('ref_axis',(6.34413156928661E-16,1.,0.));
#3980=DIRECTION('center_axis',(0.,0.,-1.));
#3981=DIRECTION('ref_axis',(6.34413156928661E-16,1.,0.));
#3982=DIRECTION('',(0.,0.,-1.));
#3983=DIRECTION('center_axis',(-7.03642172005361E-16,-1.,0.));
#3984=DIRECTION('ref_axis',(-1.,7.03642172005361E-16,0.));
#3985=DIRECTION('',(-1.,7.03642172005361E-16,0.));
#3986=DIRECTION('',(-1.,7.03642172005361E-16,0.));
#3987=DIRECTION('',(0.,0.,-1.));
#3988=DIRECTION('center_axis',(0.,0.,1.));
#3989=DIRECTION('ref_axis',(1.,0.,0.));
#3990=DIRECTION('center_axis',(0.,0.,-1.));
#3991=DIRECTION('ref_axis',(1.,0.,0.));
#3992=DIRECTION('center_axis',(0.,0.,-1.));
#3993=DIRECTION('ref_axis',(1.,0.,0.));
#3994=DIRECTION('center_axis',(0.,0.,-1.));
#3995=DIRECTION('ref_axis',(1.,0.,0.));
#3996=DIRECTION('center_axis',(0.,0.,1.));
#3997=DIRECTION('ref_axis',(1.,0.,0.));
#3998=DIRECTION('',(0.,0.,-1.));
#3999=DIRECTION('center_axis',(0.,0.,1.));
#4000=DIRECTION('ref_axis',(1.,0.,0.));
#4001=DIRECTION('center_axis',(7.03642172005361E-16,-1.,0.));
#4002=DIRECTION('ref_axis',(-1.,-7.03642172005361E-16,0.));
#4003=DIRECTION('',(-1.,-7.03642172005361E-16,0.));
#4004=DIRECTION('',(0.,0.,1.));
#4005=DIRECTION('',(-1.,-7.03642172005361E-16,0.));
#4006=DIRECTION('',(0.,0.,-1.));
#4007=DIRECTION('center_axis',(0.,0.,-1.));
#4008=DIRECTION('ref_axis',(-1.26882631385732E-15,-1.,0.));
#4009=DIRECTION('center_axis',(0.,0.,-1.));
#4010=DIRECTION('ref_axis',(-1.26882631385732E-15,-1.,0.));
#4011=DIRECTION('center_axis',(0.,0.,-1.));
#4012=DIRECTION('ref_axis',(-1.26882631385732E-15,-1.,0.));
#4013=DIRECTION('',(0.,0.,-1.));
#4014=DIRECTION('center_axis',(-1.40728434401072E-16,1.,0.));
#4015=DIRECTION('ref_axis',(1.,1.40728434401072E-16,0.));
#4016=DIRECTION('',(1.,1.40728434401072E-16,0.));
#4017=DIRECTION('',(1.,1.40728434401072E-16,0.));
#4018=DIRECTION('',(0.,0.,-1.));
#4019=DIRECTION('center_axis',(0.,0.,1.));
#4020=DIRECTION('ref_axis',(1.,0.,0.));
#4021=DIRECTION('center_axis',(0.,0.,-1.));
#4022=DIRECTION('ref_axis',(1.,0.,0.));
#4023=DIRECTION('center_axis',(0.,0.,1.));
#4024=DIRECTION('ref_axis',(1.,0.,0.));
#4025=DIRECTION('center_axis',(0.,0.,1.));
#4026=DIRECTION('ref_axis',(1.,0.,0.));
#4027=DIRECTION('',(0.,0.,-1.));
#4028=DIRECTION('center_axis',(0.,0.,-1.));
#4029=DIRECTION('ref_axis',(1.,0.,0.));
#4030=DIRECTION('center_axis',(0.,0.,1.));
#4031=DIRECTION('ref_axis',(1.,0.,0.));
#4032=DIRECTION('center_axis',(0.,0.,1.));
#4033=DIRECTION('ref_axis',(1.,0.,0.));
#4034=DIRECTION('',(0.,0.,-1.));
#4035=DIRECTION('center_axis',(0.,0.,1.));
#4036=DIRECTION('ref_axis',(1.,0.,0.));
#4037=DIRECTION('center_axis',(0.,0.,1.));
#4038=DIRECTION('ref_axis',(1.,0.,0.));
#4039=DIRECTION('center_axis',(0.,0.,1.));
#4040=DIRECTION('ref_axis',(1.,0.,0.));
#4041=DIRECTION('center_axis',(0.,0.,1.));
#4042=DIRECTION('ref_axis',(1.,0.,0.));
#4043=DIRECTION('center_axis',(0.,0.,1.));
#4044=DIRECTION('ref_axis',(1.,0.,0.));
#4045=DIRECTION('center_axis',(0.,0.,1.));
#4046=DIRECTION('ref_axis',(1.,0.,0.));
#4047=DIRECTION('center_axis',(0.,-1.,0.));
#4048=DIRECTION('ref_axis',(-1.,0.,0.));
#4049=DIRECTION('',(-1.,0.,0.));
#4050=DIRECTION('',(0.,0.,1.));
#4051=DIRECTION('',(-1.,0.,0.));
#4052=DIRECTION('',(0.,0.,-1.));
#4053=DIRECTION('center_axis',(0.,0.,1.));
#4054=DIRECTION('ref_axis',(1.,0.,0.));
#4055=DIRECTION('center_axis',(0.,0.,-1.));
#4056=DIRECTION('ref_axis',(1.,0.,0.));
#4057=DIRECTION('center_axis',(0.,1.,0.));
#4058=DIRECTION('ref_axis',(1.,0.,0.));
#4059=DIRECTION('',(1.,0.,0.));
#4060=DIRECTION('',(0.,0.,1.));
#4061=DIRECTION('',(1.,0.,0.));
#4062=DIRECTION('',(0.,0.,-1.));
#4063=DIRECTION('center_axis',(0.,0.,1.));
#4064=DIRECTION('ref_axis',(1.,0.,0.));
#4065=DIRECTION('center_axis',(0.,0.,-1.));
#4066=DIRECTION('ref_axis',(1.,0.,0.));
#4067=DIRECTION('center_axis',(0.,0.,1.));
#4068=DIRECTION('ref_axis',(1.,0.,0.));
#4069=DIRECTION('center_axis',(0.,0.,1.));
#4070=DIRECTION('ref_axis',(1.,0.,0.));
#4071=DIRECTION('center_axis',(0.,0.,1.));
#4072=DIRECTION('ref_axis',(1.,0.,0.));
#4073=DIRECTION('center_axis',(0.,0.,1.));
#4074=DIRECTION('ref_axis',(1.,0.,0.));
#4075=DIRECTION('',(0.,0.,-1.));
#4076=DIRECTION('center_axis',(0.,0.,-1.));
#4077=DIRECTION('ref_axis',(1.,0.,0.));
#4078=DIRECTION('center_axis',(0.,0.,1.));
#4079=DIRECTION('ref_axis',(1.,0.,0.));
#4080=DIRECTION('center_axis',(0.,0.,1.));
#4081=DIRECTION('ref_axis',(1.,0.,0.));
#4082=DIRECTION('center_axis',(0.,0.,-1.));
#4083=DIRECTION('ref_axis',(-1.,0.,0.));
#4084=DIRECTION('center_axis',(0.,0.,1.));
#4085=DIRECTION('ref_axis',(1.,0.,0.));
#4086=DIRECTION('',(0.,1.,0.));
#4087=DIRECTION('',(-1.,0.,0.));
#4088=DIRECTION('',(0.,1.,0.));
#4089=DIRECTION('center_axis',(1.,0.,0.));
#4090=DIRECTION('ref_axis',(0.,0.,-1.));
#4091=DIRECTION('',(0.,0.,1.));
#4092=DIRECTION('',(0.,0.,-1.));
#4093=DIRECTION('',(0.,1.,0.));
#4094=DIRECTION('',(0.,-1.,0.));
#4095=DIRECTION('center_axis',(0.,0.,1.));
#4096=DIRECTION('ref_axis',(1.,0.,0.));
#4097=DIRECTION('',(-1.,-7.04903507698661E-16,0.));
#4098=DIRECTION('',(1.,0.,0.));
#4099=DIRECTION('',(0.,1.,0.));
#4100=DIRECTION('center_axis',(-1.,0.,0.));
#4101=DIRECTION('ref_axis',(0.,0.,1.));
#4102=DIRECTION('',(0.,0.,-1.));
#4103=DIRECTION('',(0.,1.,0.));
#4104=DIRECTION('',(0.,0.,1.));
#4105=DIRECTION('center_axis',(0.,0.,1.));
#4106=DIRECTION('ref_axis',(1.,0.,0.));
#4107=DIRECTION('center_axis',(0.,0.,1.));
#4108=DIRECTION('ref_axis',(1.,0.,0.));
#4109=DIRECTION('',(-8.8518575692103E-13,1.,0.));
#4110=DIRECTION('',(-1.,-7.04903507698661E-16,0.));
#4111=DIRECTION('center_axis',(0.,0.,-1.));
#4112=DIRECTION('ref_axis',(1.,0.,0.));
#4113=DIRECTION('center_axis',(0.,0.,1.));
#4114=DIRECTION('ref_axis',(1.,0.,0.));
#4115=DIRECTION('',(0.,0.,1.));
#4116=DIRECTION('center_axis',(0.,0.,1.));
#4117=DIRECTION('ref_axis',(1.,0.,0.));
#4118=DIRECTION('',(0.,0.,-1.));
#4119=DIRECTION('center_axis',(0.,0.,1.));
#4120=DIRECTION('ref_axis',(1.,0.,0.));
#4121=DIRECTION('',(0.,0.,-1.));
#4122=DIRECTION('center_axis',(0.,0.,1.));
#4123=DIRECTION('ref_axis',(1.,0.,0.));
#4124=DIRECTION('',(0.,0.,-1.));
#4125=DIRECTION('center_axis',(-1.,-8.8518575692103E-13,0.));
#4126=DIRECTION('ref_axis',(-8.8518575692103E-13,1.,0.));
#4127=DIRECTION('',(-8.8518575692103E-13,1.,0.));
#4128=DIRECTION('',(0.,0.,-1.));
#4129=DIRECTION('center_axis',(7.04903507698661E-16,-1.,0.));
#4130=DIRECTION('ref_axis',(-1.,-7.04903507698661E-16,0.));
#4131=DIRECTION('',(-1.,-7.04903507698661E-16,0.));
#4132=DIRECTION('',(0.,0.,-1.));
#4133=DIRECTION('',(-1.,-7.04903507698661E-16,0.));
#4134=DIRECTION('center_axis',(1.,-1.85185304795194E-15,0.));
#4135=DIRECTION('ref_axis',(-1.85185304795194E-15,-1.,0.));
#4136=DIRECTION('',(-1.85185304795194E-15,-1.,0.));
#4137=DIRECTION('',(-1.85185304795194E-15,-1.,0.));
#4138=DIRECTION('center_axis',(0.,0.,1.));
#4139=DIRECTION('ref_axis',(1.,0.,0.));
#4140=DIRECTION('center_axis',(-1.,4.39355512729136E-16,0.));
#4141=DIRECTION('ref_axis',(4.39355512729136E-16,1.,0.));
#4142=DIRECTION('',(4.39355512729136E-16,1.,0.));
#4143=DIRECTION('',(4.39355512729136E-16,1.,0.));
#4144=DIRECTION('',(0.,0.,-1.));
#4145=DIRECTION('center_axis',(0.,-1.,0.));
#4146=DIRECTION('ref_axis',(-1.,0.,0.));
#4147=DIRECTION('',(-1.,0.,0.));
#4148=DIRECTION('',(-1.,0.,0.));
#4149=DIRECTION('',(0.,0.,-1.));
#4150=DIRECTION('center_axis',(1.,-6.59033269093704E-16,0.));
#4151=DIRECTION('ref_axis',(-6.59033269093704E-16,-1.,0.));
#4152=DIRECTION('',(-6.59033269093704E-16,-1.,0.));
#4153=DIRECTION('',(-6.59033269093704E-16,-1.,0.));
#4154=DIRECTION('center_axis',(0.,0.,1.));
#4155=DIRECTION('ref_axis',(1.,0.,0.));
#4156=DIRECTION('center_axis',(0.,0.,1.));
#4157=DIRECTION('ref_axis',(1.,0.,0.));
#4158=DIRECTION('center_axis',(0.,0.,1.));
#4159=DIRECTION('ref_axis',(1.,0.,0.));
#4160=DIRECTION('center_axis',(0.,0.,-1.));
#4161=DIRECTION('ref_axis',(1.,0.,0.));
#4162=DIRECTION('',(0.,0.,1.));
#4163=DIRECTION('center_axis',(0.,0.,-1.));
#4164=DIRECTION('ref_axis',(1.,0.,0.));
#4165=DIRECTION('',(0.,0.,1.));
#4166=DIRECTION('center_axis',(1.,-7.40148683083437E-16,0.));
#4167=DIRECTION('ref_axis',(7.40148683083437E-16,1.,0.));
#4168=DIRECTION('',(7.40148683083437E-16,1.,0.));
#4169=DIRECTION('',(7.40148683083437E-16,1.,0.));
#4170=DIRECTION('',(0.,0.,1.));
#4171=DIRECTION('center_axis',(0.557659267091782,-0.830069962007214,0.));
#4172=DIRECTION('ref_axis',(0.830069962007214,0.557659267091782,0.));
#4173=DIRECTION('',(0.830069962007214,0.557659267091782,0.));
#4174=DIRECTION('',(0.830069962007214,0.557659267091782,0.));
#4175=DIRECTION('',(0.,0.,1.));
#4176=DIRECTION('center_axis',(-1.,6.59033269093704E-16,0.));
#4177=DIRECTION('ref_axis',(-6.59033269093704E-16,-1.,0.));
#4178=DIRECTION('',(-6.59033269093704E-16,-1.,0.));
#4179=DIRECTION('',(-6.59033269093704E-16,-1.,0.));
#4180=DIRECTION('center_axis',(0.,0.,-1.));
#4181=DIRECTION('ref_axis',(-1.,0.,0.));
#4182=DIRECTION('center_axis',(0.,0.,-1.));
#4183=DIRECTION('ref_axis',(-1.,0.,0.));
#4184=DIRECTION('center_axis',(-1.,-7.40148683083437E-16,0.));
#4185=DIRECTION('ref_axis',(7.40148683083437E-16,-1.,0.));
#4186=DIRECTION('',(7.40148683083437E-16,-1.,0.));
#4187=DIRECTION('',(0.,0.,1.));
#4188=DIRECTION('',(7.40148683083437E-16,-1.,0.));
#4189=DIRECTION('',(0.,0.,1.));
#4190=DIRECTION('center_axis',(0.,0.,1.));
#4191=DIRECTION('ref_axis',(1.,0.,0.));
#4192=DIRECTION('center_axis',(0.,0.,-1.));
#4193=DIRECTION('ref_axis',(1.,0.,0.));
#4194=DIRECTION('center_axis',(0.,0.,-1.));
#4195=DIRECTION('ref_axis',(1.,0.,0.));
#4196=DIRECTION('',(0.,0.,1.));
#4197=DIRECTION('center_axis',(1.,-4.39355512729136E-16,0.));
#4198=DIRECTION('ref_axis',(4.39355512729136E-16,1.,0.));
#4199=DIRECTION('',(4.39355512729136E-16,1.,0.));
#4200=DIRECTION('',(4.39355512729136E-16,1.,0.));
#4201=DIRECTION('',(0.,0.,1.));
#4202=DIRECTION('center_axis',(-0.557659267091782,-0.830069962007214,0.));
#4203=DIRECTION('ref_axis',(0.830069962007214,-0.557659267091782,0.));
#4204=DIRECTION('',(0.830069962007214,-0.557659267091782,0.));
#4205=DIRECTION('',(0.830069962007214,-0.557659267091782,0.));
#4206=DIRECTION('center_axis',(0.,0.,-1.));
#4207=DIRECTION('ref_axis',(-1.,0.,0.));
#4208=DIRECTION('center_axis',(0.,0.,-1.));
#4209=DIRECTION('ref_axis',(-1.,0.,0.));
#4210=DIRECTION('axis',(0.,0.,1.));
#4211=DIRECTION('refdir',(1.,0.,0.));
#4212=DIRECTION('center_axis',(0.,0.,-1.));
#4213=DIRECTION('ref_axis',(-1.,0.,0.));
#4214=DIRECTION('center_axis',(0.,0.,-1.));
#4215=DIRECTION('ref_axis',(-1.,0.,0.));
#4216=DIRECTION('',(0.,0.,-1.));
#4217=DIRECTION('center_axis',(0.,0.,1.));
#4218=DIRECTION('ref_axis',(-1.,0.,0.));
#4219=DIRECTION('center_axis',(0.,0.,-1.));
#4220=DIRECTION('ref_axis',(-1.,0.,0.));
#4221=DIRECTION('center_axis',(0.,0.,-1.));
#4222=DIRECTION('ref_axis',(-1.,0.,0.));
#4223=DIRECTION('',(0.,0.,-1.));
#4224=DIRECTION('center_axis',(0.,0.,1.));
#4225=DIRECTION('ref_axis',(-1.,0.,0.));
#4226=DIRECTION('center_axis',(0.707106781187028,-0.707106781186067,0.));
#4227=DIRECTION('ref_axis',(0.,0.,-1.));
#4228=DIRECTION('',(-0.707106781186067,-0.707106781187028,0.));
#4229=DIRECTION('',(0.,0.,-1.));
#4230=DIRECTION('',(0.707106781186067,0.707106781187028,0.));
#4231=DIRECTION('',(0.,0.,1.));
#4232=DIRECTION('',(-0.577350269189364,-0.577350269190149,-0.577350269189364));
#4233=DIRECTION('center_axis',(1.,0.,0.));
#4234=DIRECTION('ref_axis',(0.,1.,0.));
#4235=DIRECTION('',(0.,1.,0.));
#4236=DIRECTION('',(0.,0.,1.));
#4237=DIRECTION('',(0.,1.,0.));
#4238=DIRECTION('center_axis',(0.45641333457779,0.8897678731105,0.));
#4239=DIRECTION('ref_axis',(0.,0.,1.));
#4240=DIRECTION('',(0.809444306932679,-0.415210738044114,0.415210738044114));
#4241=DIRECTION('',(0.,0.,-1.));
#4242=DIRECTION('',(-0.8897678731105,0.45641333457779,0.));
#4243=DIRECTION('',(0.,0.,1.));
#4244=DIRECTION('',(0.8897678731105,-0.45641333457779,0.));
#4245=DIRECTION('center_axis',(0.,1.,0.));
#4246=DIRECTION('ref_axis',(-1.,0.,0.));
#4247=DIRECTION('',(-1.,0.,0.));
#4248=DIRECTION('',(0.,0.,1.));
#4249=DIRECTION('',(-1.,0.,0.));
#4250=DIRECTION('',(0.,0.,1.));
#4251=DIRECTION('',(1.,0.,0.));
#4252=DIRECTION('center_axis',(-0.456413337198886,0.889767871765988,0.));
#4253=DIRECTION('ref_axis',(0.,0.,1.));
#4254=DIRECTION('',(0.889767871765988,0.456413337198886,0.));
#4255=DIRECTION('',(0.,0.,-1.));
#4256=DIRECTION('',(-0.889767871765988,-0.456413337198886,0.));
#4257=DIRECTION('',(0.,0.,1.));
#4258=DIRECTION('',(0.809444304908144,0.415210740017507,-0.415210740017507));
#4259=DIRECTION('center_axis',(0.,0.,1.));
#4260=DIRECTION('ref_axis',(0.866526589039785,0.499130915178649,0.));
#4261=DIRECTION('center_axis',(0.,0.,1.));
#4262=DIRECTION('ref_axis',(0.866526589039785,0.499130915178649,0.));
#4263=DIRECTION('center_axis',(0.,0.,1.));
#4264=DIRECTION('ref_axis',(0.866526589039785,0.499130915178649,0.));
#4265=DIRECTION('center_axis',(0.,0.,1.));
#4266=DIRECTION('ref_axis',(0.866526589039785,0.499130915178649,0.));
#4267=DIRECTION('',(0.,0.,1.));
#4268=DIRECTION('center_axis',(0.,0.,1.));
#4269=DIRECTION('ref_axis',(0.866526589039785,0.499130915178649,0.));
#4270=DIRECTION('',(0.,0.,1.));
#4271=DIRECTION('center_axis',(0.,0.,1.));
#4272=DIRECTION('ref_axis',(0.866526589039785,0.499130915178649,0.));
#4273=DIRECTION('center_axis',(0.,0.,1.));
#4274=DIRECTION('ref_axis',(0.866526589039785,0.499130915178649,0.));
#4275=DIRECTION('',(0.,0.,1.));
#4276=DIRECTION('center_axis',(0.,0.,1.));
#4277=DIRECTION('ref_axis',(0.866526589039785,0.499130915178649,0.));
#4278=DIRECTION('',(0.,0.,1.));
#4279=DIRECTION('center_axis',(0.,0.,1.));
#4280=DIRECTION('ref_axis',(0.866526589039785,0.499130915178649,0.));
#4281=DIRECTION('center_axis',(0.,0.,1.));
#4282=DIRECTION('ref_axis',(0.866526589039785,0.499130915178649,0.));
#4283=DIRECTION('center_axis',(0.,0.,1.));
#4284=DIRECTION('ref_axis',(0.866526589039785,0.499130915178649,0.));
#4285=DIRECTION('center_axis',(0.,0.,1.));
#4286=DIRECTION('ref_axis',(0.866526589039785,0.499130915178649,0.));
#4287=DIRECTION('center_axis',(-0.707106781186548,-0.707106781186548,0.));
#4288=DIRECTION('ref_axis',(0.,0.,1.));
#4289=DIRECTION('',(-0.577350269189626,0.577350269189626,0.577350269189626));
#4290=DIRECTION('',(0.,0.,1.));
#4291=DIRECTION('',(0.707106781186548,-0.707106781186548,0.));
#4292=DIRECTION('',(0.,0.,1.));
#4293=DIRECTION('',(-0.707106781186548,0.707106781186548,0.));
#4294=DIRECTION('center_axis',(9.60634902638022E-13,-0.707106781186547,
0.707106781186548));
#4295=DIRECTION('ref_axis',(1.,0.,-1.35854290779965E-12));
#4296=DIRECTION('',(1.,1.35854290779965E-12,0.));
#4297=DIRECTION('',(1.,1.35854290779965E-12,-2.85598154493305E-28));
#4298=DIRECTION('',(-0.577350269189364,-0.577350269190149,-0.577350269189364));
#4299=DIRECTION('center_axis',(-0.707106781186548,0.,0.707106781186547));
#4300=DIRECTION('ref_axis',(0.707106781186547,0.,0.707106781186548));
#4301=DIRECTION('',(0.,-1.,0.));
#4302=DIRECTION('',(0.,1.,0.));
#4303=DIRECTION('',(-0.577350269189626,0.577350269189626,-0.577350269189626));
#4304=DIRECTION('',(0.,-1.,0.));
#4305=DIRECTION('',(-0.447213595374573,0.774596669386265,-0.447213595374573));
#4306=DIRECTION('center_axis',(0.,0.707106781186548,0.707106781186547));
#4307=DIRECTION('ref_axis',(1.,0.,0.));
#4308=DIRECTION('',(-1.,0.,0.));
#4309=DIRECTION('',(0.,0.,1.));
#4310=DIRECTION('',(0.,0.,1.));
#4311=DIRECTION('center_axis',(0.866025403885608,0.499999999824769,0.));
#4312=DIRECTION('ref_axis',(-0.499999999824769,0.866025403885608,0.));
#4313=DIRECTION('',(0.,0.,1.));
#4314=DIRECTION('',(-0.499999999824769,0.866025403885608,0.));
#4315=DIRECTION('',(0.,0.,1.));
#4316=DIRECTION('center_axis',(0.,0.,1.));
#4317=DIRECTION('ref_axis',(1.,0.,0.));
#4318=DIRECTION('center_axis',(0.,0.,-1.));
#4319=DIRECTION('ref_axis',(0.905956207787136,-0.423371408543316,0.));
#4320=DIRECTION('center_axis',(0.,0.,-1.));
#4321=DIRECTION('ref_axis',(0.533392288412495,0.845867996002971,0.));
#4322=DIRECTION('',(5.57657689459091E-15,-1.,0.));
#4323=DIRECTION('center_axis',(0.,0.,1.));
#4324=DIRECTION('ref_axis',(0.560732919455898,0.827996734920172,0.));
#4325=DIRECTION('',(-3.7183985752831E-15,1.,0.));
#4326=DIRECTION('center_axis',(0.,0.,-1.));
#4327=DIRECTION('ref_axis',(0.533392288412495,0.845867996002971,0.));
#4328=DIRECTION('center_axis',(0.,0.,-1.));
#4329=DIRECTION('ref_axis',(0.912614562596824,0.408821061267894,0.));
#4330=DIRECTION('',(-1.,0.,0.));
#4331=DIRECTION('',(0.,1.,0.));
#4332=DIRECTION('',(-1.,0.,0.));
#4333=DIRECTION('',(0.,1.,0.));
#4334=DIRECTION('',(1.,0.,0.));
#4335=DIRECTION('',(0.,-1.,0.));
#4336=DIRECTION('',(-1.,0.,0.));
#4337=DIRECTION('center_axis',(0.,0.,1.));
#4338=DIRECTION('ref_axis',(1.,0.,0.));
#4339=DIRECTION('',(-1.,0.,0.));
#4340=DIRECTION('',(0.,1.,0.));
#4341=DIRECTION('',(1.,0.,0.));
#4342=DIRECTION('',(-1.48029734410873E-16,-1.,0.));
#4343=DIRECTION('',(-1.,0.,0.));
#4344=DIRECTION('center_axis',(0.,0.,-1.));
#4345=DIRECTION('ref_axis',(1.,0.,0.));
#4346=DIRECTION('',(1.,0.,0.));
#4347=DIRECTION('',(0.,-1.,0.));
#4348=DIRECTION('',(1.,0.,0.));
#4349=DIRECTION('',(2.02340942483096E-10,1.,0.));
#4350=DIRECTION('',(1.,0.,0.));
#4351=DIRECTION('',(2.02340942483096E-10,-1.,2.47795949207905E-26));
#4352=DIRECTION('',(1.,0.,0.));
#4353=DIRECTION('',(0.,1.,0.));
#4354=DIRECTION('',(1.,0.,0.));
#4355=DIRECTION('',(0.,-1.,0.));
#4356=DIRECTION('center_axis',(0.,0.,-1.));
#4357=DIRECTION('ref_axis',(1.,0.,0.));
#4358=DIRECTION('',(-1.,1.58603289232165E-16,0.));
#4359=DIRECTION('center_axis',(0.,0.,-1.));
#4360=DIRECTION('ref_axis',(1.,0.,0.));
#4361=DIRECTION('center_axis',(0.707106781186548,0.,0.707106781186547));
#4362=DIRECTION('ref_axis',(0.707106781186547,0.,-0.707106781186548));
#4363=DIRECTION('',(0.,-1.,0.));
#4364=DIRECTION('',(-0.447213595374575,-0.774596669386262,0.447213595374576));
#4365=DIRECTION('',(-0.577350269189626,-0.577350269189626,0.577350269189626));
#4366=DIRECTION('center_axis',(0.,0.707106781186548,0.707106781186547));
#4367=DIRECTION('ref_axis',(1.,0.,0.));
#4368=DIRECTION('',(-1.,0.,0.));
#4369=DIRECTION('center_axis',(-0.866025403885606,0.499999999824773,0.));
#4370=DIRECTION('ref_axis',(-0.499999999824773,-0.866025403885606,-2.47795949207904E-26));
#4371=DIRECTION('',(0.,0.,1.));
#4372=DIRECTION('',(-0.499999999824773,-0.866025403885606,-2.47795949207904E-26));
#4373=DIRECTION('',(0.,0.,1.));
#4374=DIRECTION('center_axis',(1.,0.,0.));
#4375=DIRECTION('ref_axis',(0.,1.,0.));
#4376=DIRECTION('',(0.,0.,1.));
#4377=DIRECTION('',(0.,1.,0.));
#4378=DIRECTION('center_axis',(0.,1.,0.));
#4379=DIRECTION('ref_axis',(-1.,0.,0.));
#4380=DIRECTION('',(1.,0.,0.));
#4381=DIRECTION('',(0.,0.,1.));
#4382=DIRECTION('',(-1.,0.,0.));
#4383=DIRECTION('center_axis',(0.707106781186548,0.,0.707106781186547));
#4384=DIRECTION('ref_axis',(0.707106781186547,0.,-0.707106781186548));
#4385=DIRECTION('',(0.,-1.,0.));
#4386=DIRECTION('',(0.577350269189625,-0.577350269189626,-0.577350269189626));
#4387=DIRECTION('center_axis',(0.,-0.707106781186547,0.707106781186548));
#4388=DIRECTION('ref_axis',(1.,0.,0.));
#4389=DIRECTION('',(1.,0.,0.));
#4390=DIRECTION('center_axis',(0.,0.,-1.));
#4391=DIRECTION('ref_axis',(1.,0.,0.));
#4392=DIRECTION('center_axis',(0.,0.,1.));
#4393=DIRECTION('ref_axis',(1.,0.,0.));
#4394=DIRECTION('',(-0.707106781186548,-8.65956056235494E-17,-0.707106781186547));
#4395=DIRECTION('center_axis',(0.,0.,-1.));
#4396=DIRECTION('ref_axis',(1.,0.,0.));
#4397=DIRECTION('center_axis',(0.,0.,1.));
#4398=DIRECTION('ref_axis',(1.,0.,0.));
#4399=DIRECTION('',(0.,-1.,0.));
#4400=DIRECTION('',(-1.,1.58603289232165E-16,0.));
#4401=DIRECTION('',(0.,1.,0.));
#4402=DIRECTION('',(-1.,0.,0.));
#4403=DIRECTION('',(0.,1.,0.));
#4404=DIRECTION('',(1.,0.,0.));
#4405=DIRECTION('',(0.,1.,0.));
#4406=DIRECTION('',(1.,0.,0.));
#4407=DIRECTION('',(0.,1.,0.));
#4408=DIRECTION('',(1.,0.,0.));
#4409=DIRECTION('',(1.48029734410873E-16,1.,0.));
#4410=DIRECTION('',(0.,1.,0.));
#4411=DIRECTION('center_axis',(0.,0.,-1.));
#4412=DIRECTION('ref_axis',(1.,0.,0.));
#4413=DIRECTION('',(0.,-1.,0.));
#4414=DIRECTION('center_axis',(0.,0.,1.));
#4415=DIRECTION('ref_axis',(1.,0.,0.));
#4416=DIRECTION('center_axis',(0.,0.,1.));
#4417=DIRECTION('ref_axis',(-0.918175145432318,-0.396174711851149,0.));
#4418=DIRECTION('center_axis',(0.,0.,-1.));
#4419=DIRECTION('ref_axis',(1.,0.,0.));
#4420=DIRECTION('center_axis',(0.,0.,1.));
#4421=DIRECTION('ref_axis',(1.,0.,0.));
#4422=DIRECTION('center_axis',(0.,0.,-1.));
#4423=DIRECTION('ref_axis',(1.,0.,0.));
#4424=DIRECTION('',(0.,0.,-1.));
#4425=DIRECTION('center_axis',(0.,0.,-1.));
#4426=DIRECTION('ref_axis',(1.,0.,0.));
#4427=DIRECTION('center_axis',(0.,0.,1.));
#4428=DIRECTION('ref_axis',(1.,0.,0.));
#4429=DIRECTION('',(-0.707106781186548,-8.65956056235494E-17,-0.707106781186547));
#4430=DIRECTION('center_axis',(0.,0.,1.));
#4431=DIRECTION('ref_axis',(1.,0.,0.));
#4432=DIRECTION('center_axis',(0.,0.,-1.));
#4433=DIRECTION('ref_axis',(1.,0.,0.));
#4434=DIRECTION('',(0.,0.,-1.));
#4435=DIRECTION('center_axis',(-1.,-3.7183985752831E-15,0.));
#4436=DIRECTION('ref_axis',(3.7183985752831E-15,-1.,0.));
#4437=DIRECTION('',(0.,0.,1.));
#4438=DIRECTION('',(3.7183985752831E-15,-1.,0.));
#4439=DIRECTION('',(0.,0.,1.));
#4440=DIRECTION('center_axis',(0.,0.,1.));
#4441=DIRECTION('ref_axis',(0.560732919455898,0.827996734920172,0.));
#4442=DIRECTION('',(0.,0.,1.));
#4443=DIRECTION('center_axis',(0.,0.,-1.));
#4444=DIRECTION('ref_axis',(0.560732919455898,0.827996734920172,0.));
#4445=DIRECTION('center_axis',(1.,5.57657689459091E-15,0.));
#4446=DIRECTION('ref_axis',(-5.57657689459091E-15,1.,0.));
#4447=DIRECTION('',(0.,0.,1.));
#4448=DIRECTION('',(-5.57657689459091E-15,1.,0.));
#4449=DIRECTION('center_axis',(0.,0.,1.));
#4450=DIRECTION('ref_axis',(0.533392288412495,0.845867996002971,0.));
#4451=DIRECTION('center_axis',(0.,0.,1.));
#4452=DIRECTION('ref_axis',(0.533392288412495,0.845867996002971,0.));
#4453=DIRECTION('',(0.,0.,1.));
#4454=DIRECTION('center_axis',(0.,0.,-1.));
#4455=DIRECTION('ref_axis',(0.533392288412495,0.845867996002971,0.));
#4456=DIRECTION('',(0.,0.,1.));
#4457=DIRECTION('center_axis',(0.,0.,-1.));
#4458=DIRECTION('ref_axis',(0.533392288412495,0.845867996002971,0.));
#4459=DIRECTION('',(0.,0.,1.));
#4460=DIRECTION('center_axis',(0.,0.,-1.));
#4461=DIRECTION('ref_axis',(0.533392288412495,0.845867996002971,0.));
#4462=DIRECTION('',(0.,0.,1.));
#4463=DIRECTION('center_axis',(0.,0.,-1.));
#4464=DIRECTION('ref_axis',(0.533392288412495,0.845867996002971,0.));
#4465=DIRECTION('',(0.,0.,1.));
#4466=DIRECTION('center_axis',(0.,0.,-1.));
#4467=DIRECTION('ref_axis',(0.533392288412495,0.845867996002971,0.));
#4468=DIRECTION('',(0.,0.,1.));
#4469=DIRECTION('center_axis',(0.,0.,-1.));
#4470=DIRECTION('ref_axis',(0.533392288412495,0.845867996002971,0.));
#4471=DIRECTION('',(0.,0.,1.));
#4472=DIRECTION('center_axis',(0.,0.,-1.));
#4473=DIRECTION('ref_axis',(0.533392288412495,0.845867996002971,0.));
#4474=DIRECTION('',(0.,0.,1.));
#4475=DIRECTION('center_axis',(0.,0.,-1.));
#4476=DIRECTION('ref_axis',(0.533392288412495,0.845867996002971,0.));
#4477=DIRECTION('',(0.,0.,1.));
#4478=DIRECTION('center_axis',(0.,0.,-1.));
#4479=DIRECTION('ref_axis',(0.533392288412495,0.845867996002971,0.));
#4480=DIRECTION('',(0.,0.,1.));
#4481=DIRECTION('center_axis',(0.,0.,-1.));
#4482=DIRECTION('ref_axis',(0.533392288412495,0.845867996002971,0.));
#4483=DIRECTION('',(0.,0.,1.));
#4484=DIRECTION('center_axis',(0.,0.,-1.));
#4485=DIRECTION('ref_axis',(0.533392288412495,0.845867996002971,0.));
#4486=DIRECTION('',(0.,0.,1.));
#4487=DIRECTION('center_axis',(0.,0.,-1.));
#4488=DIRECTION('ref_axis',(0.533392288412495,0.845867996002971,0.));
#4489=DIRECTION('',(0.,0.,1.));
#4490=DIRECTION('center_axis',(0.,0.,-1.));
#4491=DIRECTION('ref_axis',(0.533392288412495,0.845867996002971,0.));
#4492=DIRECTION('',(0.,0.,1.));
#4493=DIRECTION('center_axis',(0.,0.,1.));
#4494=DIRECTION('ref_axis',(1.,0.,0.));
#4495=DIRECTION('center_axis',(0.,0.,1.));
#4496=DIRECTION('ref_axis',(-0.162031235358914,0.986785629591384,0.));
#4497=DIRECTION('center_axis',(0.,0.,-1.));
#4498=DIRECTION('ref_axis',(0.988506290773209,0.15117973773556,0.));
#4499=DIRECTION('center_axis',(0.,0.,-1.));
#4500=DIRECTION('ref_axis',(0.988506290773209,0.15117973773556,0.));
#4501=DIRECTION('center_axis',(0.,0.,1.));
#4502=DIRECTION('ref_axis',(0.988506290773209,0.15117973773556,0.));
#4503=DIRECTION('center_axis',(0.,0.,1.));
#4504=DIRECTION('ref_axis',(1.,0.,0.));
#4505=DIRECTION('center_axis',(0.,0.,1.));
#4506=DIRECTION('ref_axis',(0.121472738591637,0.992594768160224,0.));
#4507=DIRECTION('center_axis',(0.,0.,-1.));
#4508=DIRECTION('ref_axis',(0.991193761292953,-0.132419513569294,0.));
#4509=DIRECTION('center_axis',(0.,0.,1.));
#4510=DIRECTION('ref_axis',(0.991193761292953,-0.132419513569294,0.));
#4511=DIRECTION('center_axis',(0.,0.,-1.));
#4512=DIRECTION('ref_axis',(0.991193761292953,-0.132419513569294,0.));
#4513=DIRECTION('center_axis',(0.,0.,1.));
#4514=DIRECTION('ref_axis',(1.,0.,0.));
#4515=DIRECTION('center_axis',(-1.,0.,0.));
#4516=DIRECTION('ref_axis',(0.,-1.,0.));
#4517=DIRECTION('',(0.,0.,1.));
#4518=DIRECTION('',(0.,-1.,0.));
#4519=DIRECTION('center_axis',(1.35854290779965E-12,-1.,0.));
#4520=DIRECTION('ref_axis',(1.,1.35854290779965E-12,0.));
#4521=DIRECTION('',(0.,0.,1.));
#4522=DIRECTION('',(1.,1.35854290779965E-12,0.));
#4523=DIRECTION('center_axis',(1.,0.,0.));
#4524=DIRECTION('ref_axis',(0.,1.,0.));
#4525=DIRECTION('',(0.,1.,0.));
#4526=DIRECTION('center_axis',(0.,0.,1.));
#4527=DIRECTION('ref_axis',(1.,0.,0.));
#4528=DIRECTION('center_axis',(-1.,0.,0.));
#4529=DIRECTION('ref_axis',(0.,-1.,0.));
#4530=DIRECTION('',(0.,0.,1.));
#4531=DIRECTION('',(0.,1.,0.));
#4532=DIRECTION('',(0.,0.,1.));
#4533=DIRECTION('',(0.,-1.,0.));
#4534=DIRECTION('',(0.,0.,1.));
#4535=DIRECTION('center_axis',(0.,1.,0.));
#4536=DIRECTION('ref_axis',(-1.,0.,0.));
#4537=DIRECTION('',(1.,0.,0.));
#4538=DIRECTION('',(0.,0.,1.));
#4539=DIRECTION('',(-1.,0.,0.));
#4540=DIRECTION('center_axis',(1.,0.,0.));
#4541=DIRECTION('ref_axis',(0.,1.,0.));
#4542=DIRECTION('',(0.,-1.,0.));
#4543=DIRECTION('',(0.,0.,1.));
#4544=DIRECTION('',(0.,1.,0.));
#4545=DIRECTION('',(0.,0.,1.));
#4546=DIRECTION('center_axis',(0.,1.,0.));
#4547=DIRECTION('ref_axis',(-1.,0.,0.));
#4548=DIRECTION('',(0.,0.,1.));
#4549=DIRECTION('',(1.,0.,0.));
#4550=DIRECTION('',(0.,0.,1.));
#4551=DIRECTION('',(-1.,0.,0.));
#4552=DIRECTION('',(0.,0.,1.));
#4553=DIRECTION('center_axis',(0.,0.,1.));
#4554=DIRECTION('ref_axis',(1.,0.,0.));
#4555=DIRECTION('center_axis',(0.,0.,-1.));
#4556=DIRECTION('ref_axis',(1.,0.,0.));
#4557=DIRECTION('',(0.,0.,1.));
#4558=DIRECTION('center_axis',(0.,0.,1.));
#4559=DIRECTION('ref_axis',(1.,0.,0.));
#4560=DIRECTION('',(0.,0.,1.));
#4561=DIRECTION('center_axis',(1.,0.,0.));
#4562=DIRECTION('ref_axis',(0.,1.,0.));
#4563=DIRECTION('',(0.,0.,1.));
#4564=DIRECTION('',(0.,1.,0.));
#4565=DIRECTION('center_axis',(0.,1.,0.));
#4566=DIRECTION('ref_axis',(-1.,0.,0.));
#4567=DIRECTION('',(1.,0.,0.));
#4568=DIRECTION('',(-1.,0.,0.));
#4569=DIRECTION('center_axis',(0.,1.,0.));
#4570=DIRECTION('ref_axis',(-1.,0.,0.));
#4571=DIRECTION('',(0.,0.,1.));
#4572=DIRECTION('',(-1.,0.,0.));
#4573=DIRECTION('',(0.,0.,1.));
#4574=DIRECTION('',(0.,0.,1.));
#4575=DIRECTION('center_axis',(1.,2.02340942483096E-10,0.));
#4576=DIRECTION('ref_axis',(-2.02340942483096E-10,1.,-2.47795949207905E-26));
#4577=DIRECTION('',(-2.02340942483096E-10,1.,-2.47795949207905E-26));
#4578=DIRECTION('',(0.,0.,1.));
#4579=DIRECTION('',(0.,0.,1.));
#4580=DIRECTION('center_axis',(0.,1.,0.));
#4581=DIRECTION('ref_axis',(-1.,0.,0.));
#4582=DIRECTION('',(-1.,0.,0.));
#4583=DIRECTION('',(0.,0.,1.));
#4584=DIRECTION('center_axis',(-1.,0.,0.));
#4585=DIRECTION('ref_axis',(0.,-1.,0.));
#4586=DIRECTION('',(0.,-1.,0.));
#4587=DIRECTION('',(0.,0.,1.));
#4588=DIRECTION('center_axis',(0.,1.,0.));
#4589=DIRECTION('ref_axis',(-1.,0.,0.));
#4590=DIRECTION('',(-1.,0.,0.));
#4591=DIRECTION('center_axis',(1.,0.,0.));
#4592=DIRECTION('ref_axis',(0.,1.,0.));
#4593=DIRECTION('',(0.,1.,0.));
#4594=DIRECTION('',(0.,0.,1.));
#4595=DIRECTION('center_axis',(0.,-1.,0.));
#4596=DIRECTION('ref_axis',(1.,0.,0.));
#4597=DIRECTION('',(1.,0.,0.));
#4598=DIRECTION('',(0.,0.,1.));
#4599=DIRECTION('center_axis',(-1.,0.,0.));
#4600=DIRECTION('ref_axis',(0.,-1.,0.));
#4601=DIRECTION('',(0.,-1.,0.));
#4602=DIRECTION('',(0.,0.,1.));
#4603=DIRECTION('center_axis',(0.,1.,0.));
#4604=DIRECTION('ref_axis',(-1.,0.,0.));
#4605=DIRECTION('',(0.,0.,1.));
#4606=DIRECTION('',(-1.,0.,0.));
#4607=DIRECTION('',(1.,0.,0.));
#4608=DIRECTION('center_axis',(0.,0.,1.));
#4609=DIRECTION('ref_axis',(1.,0.,0.));
#4610=DIRECTION('',(0.,0.,1.));
#4611=DIRECTION('center_axis',(0.,0.,1.));
#4612=DIRECTION('ref_axis',(1.,0.,0.));
#4613=DIRECTION('',(0.,0.,1.));
#4614=DIRECTION('center_axis',(0.,0.,-1.));
#4615=DIRECTION('ref_axis',(1.,0.,0.));
#4616=DIRECTION('center_axis',(0.,0.,1.));
#4617=DIRECTION('ref_axis',(-0.707106770650656,0.707106791722439,0.));
#4618=DIRECTION('center_axis',(0.,0.,-1.));
#4619=DIRECTION('ref_axis',(1.,0.,0.));
#4620=DIRECTION('center_axis',(0.,0.,1.));
#4621=DIRECTION('ref_axis',(1.,0.,0.));
#4622=DIRECTION('',(0.,0.,1.));
#4623=DIRECTION('center_axis',(0.,0.,-1.));
#4624=DIRECTION('ref_axis',(1.,0.,0.));
#4625=DIRECTION('center_axis',(0.,1.,0.));
#4626=DIRECTION('ref_axis',(-1.,0.,0.));
#4627=DIRECTION('',(-1.,0.,0.));
#4628=DIRECTION('',(0.,0.,1.));
#4629=DIRECTION('center_axis',(1.,0.,0.));
#4630=DIRECTION('ref_axis',(0.,1.,0.));
#4631=DIRECTION('',(0.,1.,0.));
#4632=DIRECTION('',(0.,0.,1.));
#4633=DIRECTION('center_axis',(0.,1.,0.));
#4634=DIRECTION('ref_axis',(-1.,0.,0.));
#4635=DIRECTION('',(-1.,0.,0.));
#4636=DIRECTION('',(0.,0.,1.));
#4637=DIRECTION('',(0.,0.,1.));
#4638=DIRECTION('center_axis',(-1.,2.02340942483096E-10,0.));
#4639=DIRECTION('ref_axis',(-2.02340942483096E-10,-1.,0.));
#4640=DIRECTION('',(-2.02340942483096E-10,-1.,0.));
#4641=DIRECTION('',(0.,0.,1.));
#4642=DIRECTION('center_axis',(0.,0.,1.));
#4643=DIRECTION('ref_axis',(1.,0.,0.));
#4644=DIRECTION('center_axis',(0.,0.,1.));
#4645=DIRECTION('ref_axis',(1.,0.,0.));
#4646=DIRECTION('center_axis',(0.,0.,1.));
#4647=DIRECTION('ref_axis',(1.,0.,0.));
#4648=DIRECTION('center_axis',(0.,0.,-1.));
#4649=DIRECTION('ref_axis',(1.,0.,0.));
#4650=DIRECTION('center_axis',(0.,0.,-1.));
#4651=DIRECTION('ref_axis',(1.,0.,0.));
#4652=DIRECTION('center_axis',(0.,0.,1.));
#4653=DIRECTION('ref_axis',(1.,0.,0.));
#4654=DIRECTION('center_axis',(0.,0.,1.));
#4655=DIRECTION('ref_axis',(0.279172446126171,0.960240982943308,0.));
#4656=DIRECTION('center_axis',(0.,0.,-1.));
#4657=DIRECTION('ref_axis',(0.95714195285422,-0.289619201860667,0.));
#4658=DIRECTION('center_axis',(0.,0.,1.));
#4659=DIRECTION('ref_axis',(0.95714195285422,-0.289619201860667,0.));
#4660=DIRECTION('center_axis',(0.,0.,-1.));
#4661=DIRECTION('ref_axis',(0.95714195285422,-0.289619201860667,0.));
#4662=DIRECTION('center_axis',(0.,0.,1.));
#4663=DIRECTION('ref_axis',(1.,0.,0.));
#4664=DIRECTION('center_axis',(0.,0.,1.));
#4665=DIRECTION('ref_axis',(0.999934939338119,-0.0114068878697271,0.));
#4666=DIRECTION('center_axis',(0.,0.,-1.));
#4667=DIRECTION('ref_axis',(0.999934939338119,-0.0114068878697271,0.));
#4668=DIRECTION('center_axis',(0.,0.,1.));
#4669=DIRECTION('ref_axis',(0.999934939338119,-0.0114068878697271,0.));
#4670=DIRECTION('center_axis',(0.,0.,1.));
#4671=DIRECTION('ref_axis',(-0.735553299633961,0.677466857785377,0.));
#4672=DIRECTION('center_axis',(0.,0.,-1.));
#4673=DIRECTION('ref_axis',(0.999934939338119,-0.0114068878697271,0.));
#4674=DIRECTION('center_axis',(0.,0.,1.));
#4675=DIRECTION('ref_axis',(0.999934939338119,-0.0114068878697271,0.));
#4676=DIRECTION('center_axis',(0.,0.,1.));
#4677=DIRECTION('ref_axis',(1.,0.,0.));
#4678=DIRECTION('center_axis',(0.,0.,1.));
#4679=DIRECTION('ref_axis',(-0.959986877392146,0.280044987876728,0.));
#4680=DIRECTION('center_axis',(0.,0.,-1.));
#4681=DIRECTION('ref_axis',(0.962085112670838,0.272749401423982,0.));
#4682=DIRECTION('center_axis',(0.,0.,1.));
#4683=DIRECTION('ref_axis',(0.962085112670838,0.272749401423982,0.));
#4684=DIRECTION('center_axis',(0.,0.,1.));
#4685=DIRECTION('ref_axis',(0.962085112670838,0.272749401423982,0.));
#4686=DIRECTION('center_axis',(0.,0.,-1.));
#4687=DIRECTION('ref_axis',(0.962085112670838,0.272749401423982,0.));
#4688=DIRECTION('center_axis',(0.,0.,1.));
#4689=DIRECTION('ref_axis',(0.962085112670838,0.272749401423982,0.));
#4690=DIRECTION('center_axis',(0.,0.,1.));
#4691=DIRECTION('ref_axis',(1.,0.,0.));
#4692=DIRECTION('center_axis',(0.,0.,1.));
#4693=DIRECTION('ref_axis',(1.,0.,0.));
#4694=DIRECTION('center_axis',(0.,0.,1.));
#4695=DIRECTION('ref_axis',(1.,0.,0.));
#4696=DIRECTION('center_axis',(0.,-1.,0.));
#4697=DIRECTION('ref_axis',(1.,0.,0.));
#4698=DIRECTION('',(0.,0.,1.));
#4699=DIRECTION('',(1.,0.,0.));
#4700=DIRECTION('',(0.,0.,1.));
#4701=DIRECTION('center_axis',(1.,0.,0.));
#4702=DIRECTION('ref_axis',(0.,1.,0.));
#4703=DIRECTION('',(0.,0.,1.));
#4704=DIRECTION('',(0.,1.,0.));
#4705=DIRECTION('',(0.,0.,1.));
#4706=DIRECTION('center_axis',(-1.,0.,0.));
#4707=DIRECTION('ref_axis',(0.,-1.,0.));
#4708=DIRECTION('',(0.,-1.,0.));
#4709=DIRECTION('',(0.,0.,1.));
#4710=DIRECTION('center_axis',(0.,-1.,0.));
#4711=DIRECTION('ref_axis',(1.,0.,0.));
#4712=DIRECTION('',(1.,0.,0.));
#4713=DIRECTION('',(0.,0.,1.));
#4714=DIRECTION('center_axis',(-1.,0.,0.));
#4715=DIRECTION('ref_axis',(0.,-1.,0.));
#4716=DIRECTION('',(0.,-1.,0.));
#4717=DIRECTION('',(0.,0.,1.));
#4718=DIRECTION('center_axis',(0.,1.,0.));
#4719=DIRECTION('ref_axis',(-1.,0.,0.));
#4720=DIRECTION('',(-1.,0.,0.));
#4721=DIRECTION('',(0.,0.,1.));
#4722=DIRECTION('center_axis',(1.,0.,0.));
#4723=DIRECTION('ref_axis',(0.,1.,0.));
#4724=DIRECTION('',(0.,1.,0.));
#4725=DIRECTION('',(0.,0.,1.));
#4726=DIRECTION('center_axis',(0.,-1.,0.));
#4727=DIRECTION('ref_axis',(1.,0.,0.));
#4728=DIRECTION('',(1.,0.,0.));
#4729=DIRECTION('center_axis',(0.,-1.,0.));
#4730=DIRECTION('ref_axis',(1.,0.,0.));
#4731=DIRECTION('',(1.,0.,0.));
#4732=DIRECTION('center_axis',(0.,0.,1.));
#4733=DIRECTION('ref_axis',(1.,0.,0.));
#4734=DIRECTION('center_axis',(0.,0.,1.));
#4735=DIRECTION('ref_axis',(-0.418471438218132,0.908229957332199,0.));
#4736=DIRECTION('center_axis',(0.,0.,1.));
#4737=DIRECTION('ref_axis',(0.912614562596824,0.408821061267894,0.));
#4738=DIRECTION('center_axis',(0.,0.,-1.));
#4739=DIRECTION('ref_axis',(0.912614562596824,0.408821061267894,0.));
#4740=DIRECTION('center_axis',(0.,0.,1.));
#4741=DIRECTION('ref_axis',(1.,0.,0.));
#4742=DIRECTION('center_axis',(0.,0.,1.));
#4743=DIRECTION('ref_axis',(0.413677307409181,0.910423574680868,0.));
#4744=DIRECTION('center_axis',(0.,0.,-1.));
#4745=DIRECTION('ref_axis',(0.905956207787136,-0.423371408543316,0.));
#4746=DIRECTION('center_axis',(0.,0.,1.));
#4747=DIRECTION('ref_axis',(0.905956207787136,-0.423371408543316,0.));
#4748=DIRECTION('center_axis',(0.,0.,1.));
#4749=DIRECTION('ref_axis',(1.,0.,0.));
#4750=DIRECTION('center_axis',(0.,0.,1.));
#4751=DIRECTION('ref_axis',(1.,0.,0.));
#4752=DIRECTION('',(0.,0.,-1.));
#4753=DIRECTION('center_axis',(0.,1.,0.));
#4754=DIRECTION('ref_axis',(-1.,0.,0.));
#4755=DIRECTION('',(0.,0.,1.));
#4756=DIRECTION('',(-1.,0.,0.));
#4757=DIRECTION('',(0.,0.,1.));
#4758=DIRECTION('center_axis',(-1.,1.48029734410873E-16,0.));
#4759=DIRECTION('ref_axis',(-1.48029734410873E-16,-1.,0.));
#4760=DIRECTION('center_axis',(0.,0.,1.));
#4761=DIRECTION('ref_axis',(1.,0.,0.));
#4762=DIRECTION('center_axis',(0.,0.,1.));
#4763=DIRECTION('ref_axis',(1.,0.,0.));
#4764=DIRECTION('center_axis',(1.,0.,0.));
#4765=DIRECTION('ref_axis',(0.,1.,0.));
#4766=DIRECTION('',(0.,0.,1.));
#4767=DIRECTION('',(0.,1.,0.));
#4768=DIRECTION('',(0.,1.,0.));
#4769=DIRECTION('center_axis',(0.,0.,1.));
#4770=DIRECTION('ref_axis',(1.,0.,0.));
#4771=DIRECTION('center_axis',(1.58603289232165E-16,1.,0.));
#4772=DIRECTION('ref_axis',(-1.,1.58603289232165E-16,0.));
#4773=DIRECTION('',(-1.,1.58603289232165E-16,0.));
#4774=DIRECTION('center_axis',(0.,0.,1.));
#4775=DIRECTION('ref_axis',(1.,0.,0.));
#4776=DIRECTION('center_axis',(0.,0.,1.));
#4777=DIRECTION('ref_axis',(1.,0.,0.));
#4778=DIRECTION('center_axis',(0.,0.,1.));
#4779=DIRECTION('ref_axis',(1.,0.,0.));
#4780=DIRECTION('center_axis',(0.,0.,1.));
#4781=DIRECTION('ref_axis',(1.,0.,0.));
#4782=DIRECTION('center_axis',(0.,0.,1.));
#4783=DIRECTION('ref_axis',(1.,0.,0.));
#4784=DIRECTION('',(0.,-1.,0.));
#4785=DIRECTION('center_axis',(-1.,0.,0.));
#4786=DIRECTION('ref_axis',(0.,-1.,0.));
#4787=DIRECTION('',(0.,-1.,0.));
#4788=DIRECTION('center_axis',(0.,0.,1.));
#4789=DIRECTION('ref_axis',(1.,0.,0.));
#4790=DIRECTION('center_axis',(0.,0.,1.));
#4791=DIRECTION('ref_axis',(-0.918175145432318,-0.396174711851149,0.));
#4792=DIRECTION('center_axis',(0.,0.,-1.));
#4793=DIRECTION('ref_axis',(-0.918175145432318,-0.396174711851149,0.));
#4794=DIRECTION('center_axis',(0.,0.,1.));
#4795=DIRECTION('ref_axis',(1.,0.,0.));
#4796=DIRECTION('axis',(0.,0.,1.));
#4797=DIRECTION('refdir',(1.,0.,0.));
#4798=DIRECTION('center_axis',(0.,0.,-1.));
#4799=DIRECTION('ref_axis',(1.,0.,0.));
#4800=DIRECTION('center_axis',(0.,0.,-1.));
#4801=DIRECTION('ref_axis',(1.,0.,0.));
#4802=DIRECTION('center_axis',(0.,0.,1.));
#4803=DIRECTION('ref_axis',(1.,0.,0.));
#4804=DIRECTION('center_axis',(0.,0.,1.));
#4805=DIRECTION('ref_axis',(1.,0.,0.));
#4806=DIRECTION('center_axis',(0.,0.,1.));
#4807=DIRECTION('ref_axis',(1.,0.,0.));
#4808=DIRECTION('center_axis',(0.,0.,-1.));
#4809=DIRECTION('ref_axis',(1.,0.,0.));
#4810=DIRECTION('center_axis',(0.,0.,-1.));
#4811=DIRECTION('ref_axis',(-1.,0.,0.));
#4812=DIRECTION('center_axis',(0.,0.,-1.));
#4813=DIRECTION('ref_axis',(-1.,0.,0.));
#4814=DIRECTION('center_axis',(0.,0.,1.));
#4815=DIRECTION('ref_axis',(-1.,0.,0.));
#4816=DIRECTION('center_axis',(0.,0.,1.));
#4817=DIRECTION('ref_axis',(1.,0.,0.));
#4818=DIRECTION('center_axis',(0.,0.,1.));
#4819=DIRECTION('ref_axis',(1.,0.,0.));
#4820=DIRECTION('center_axis',(0.,0.,-1.));
#4821=DIRECTION('ref_axis',(1.,0.,0.));
#4822=DIRECTION('center_axis',(0.,0.,-1.));
#4823=DIRECTION('ref_axis',(-1.,0.,0.));
#4824=DIRECTION('center_axis',(0.,0.,-1.));
#4825=DIRECTION('ref_axis',(-1.,0.,0.));
#4826=DIRECTION('center_axis',(0.,0.,1.));
#4827=DIRECTION('ref_axis',(-1.,0.,0.));
#4828=DIRECTION('center_axis',(0.,0.,1.));
#4829=DIRECTION('ref_axis',(1.,0.,0.));
#4830=DIRECTION('center_axis',(0.,0.,-1.));
#4831=DIRECTION('ref_axis',(1.,0.,0.));
#4832=DIRECTION('center_axis',(0.,0.,1.));
#4833=DIRECTION('ref_axis',(1.,0.,0.));
#4834=DIRECTION('center_axis',(0.,0.,-1.));
#4835=DIRECTION('ref_axis',(1.,0.,0.));
#4836=DIRECTION('center_axis',(0.,0.,1.));
#4837=DIRECTION('ref_axis',(1.,0.,0.));
#4838=DIRECTION('center_axis',(0.,0.,-1.));
#4839=DIRECTION('ref_axis',(1.,0.,0.));
#4840=DIRECTION('center_axis',(0.,0.,1.));
#4841=DIRECTION('ref_axis',(-1.,0.,0.));
#4842=DIRECTION('center_axis',(0.,0.,-1.));
#4843=DIRECTION('ref_axis',(-1.,0.,0.));
#4844=DIRECTION('center_axis',(0.,0.,1.));
#4845=DIRECTION('ref_axis',(-1.,0.,0.));
#4846=DIRECTION('center_axis',(0.,0.,1.));
#4847=DIRECTION('ref_axis',(1.,0.,0.));
#4848=DIRECTION('',(0.,0.,1.));
#4849=DIRECTION('center_axis',(0.,0.,1.));
#4850=DIRECTION('ref_axis',(1.,0.,0.));
#4851=DIRECTION('',(0.,0.,1.));
#4852=DIRECTION('center_axis',(0.,0.,1.));
#4853=DIRECTION('ref_axis',(1.,0.,0.));
#4854=DIRECTION('',(0.,0.,1.));
#4855=DIRECTION('center_axis',(0.,0.,1.));
#4856=DIRECTION('ref_axis',(1.,0.,0.));
#4857=DIRECTION('center_axis',(0.,0.,1.));
#4858=DIRECTION('ref_axis',(-1.,1.22464679914735E-16,0.));
#4859=DIRECTION('',(0.,0.,1.));
#4860=DIRECTION('center_axis',(0.,0.,1.));
#4861=DIRECTION('ref_axis',(1.,0.,0.));
#4862=DIRECTION('center_axis',(0.,0.,1.));
#4863=DIRECTION('ref_axis',(1.,0.,0.));
#4864=DIRECTION('',(0.,0.,1.));
#4865=DIRECTION('center_axis',(0.,0.,1.));
#4866=DIRECTION('ref_axis',(1.,0.,0.));
#4867=DIRECTION('center_axis',(0.,0.,1.));
#4868=DIRECTION('ref_axis',(1.,0.,0.));
#4869=DIRECTION('center_axis',(0.,1.,0.));
#4870=DIRECTION('ref_axis',(-1.,0.,0.));
#4871=DIRECTION('',(-1.,0.,0.));
#4872=DIRECTION('',(0.,0.,1.));
#4873=DIRECTION('',(-1.,0.,0.));
#4874=DIRECTION('',(0.,0.,1.));
#4875=DIRECTION('center_axis',(0.,-1.,0.));
#4876=DIRECTION('ref_axis',(1.,0.,0.));
#4877=DIRECTION('',(1.,0.,0.));
#4878=DIRECTION('',(0.,0.,1.));
#4879=DIRECTION('',(1.,0.,0.));
#4880=DIRECTION('',(0.,0.,1.));
#4881=DIRECTION('center_axis',(0.,0.,1.));
#4882=DIRECTION('ref_axis',(1.,0.,0.));
#4883=DIRECTION('center_axis',(0.,0.,1.));
#4884=DIRECTION('ref_axis',(1.,0.,0.));
#4885=DIRECTION('center_axis',(0.,0.,1.));
#4886=DIRECTION('ref_axis',(1.,0.,0.));
#4887=DIRECTION('center_axis',(0.,0.,1.));
#4888=DIRECTION('ref_axis',(1.,0.,0.));
#4889=DIRECTION('center_axis',(0.,0.,1.));
#4890=DIRECTION('ref_axis',(1.,0.,0.));
#4891=DIRECTION('center_axis',(0.,0.,1.));
#4892=DIRECTION('ref_axis',(1.,0.,0.));
#4893=DIRECTION('center_axis',(0.,0.,1.));
#4894=DIRECTION('ref_axis',(1.,0.,0.));
#4895=DIRECTION('center_axis',(0.,0.,1.));
#4896=DIRECTION('ref_axis',(1.,0.,0.));
#4897=DIRECTION('center_axis',(0.,0.,1.));
#4898=DIRECTION('ref_axis',(1.,0.,0.));
#4899=DIRECTION('center_axis',(0.,0.,1.));
#4900=DIRECTION('ref_axis',(1.,0.,0.));
#4901=DIRECTION('',(0.,0.,1.));
#4902=DIRECTION('center_axis',(0.,0.,1.));
#4903=DIRECTION('ref_axis',(1.,0.,0.));
#4904=DIRECTION('',(0.,0.,1.));
#4905=DIRECTION('center_axis',(0.,0.,1.));
#4906=DIRECTION('ref_axis',(1.,0.,0.));
#4907=DIRECTION('center_axis',(0.,0.,1.));
#4908=DIRECTION('ref_axis',(1.,0.,0.));
#4909=DIRECTION('',(0.,0.,1.));
#4910=DIRECTION('center_axis',(0.,0.,1.));
#4911=DIRECTION('ref_axis',(1.,0.,0.));
#4912=DIRECTION('center_axis',(0.,0.,1.));
#4913=DIRECTION('ref_axis',(1.,0.,0.));
#4914=DIRECTION('',(0.,0.,1.));
#4915=DIRECTION('center_axis',(0.,0.,1.));
#4916=DIRECTION('ref_axis',(1.,0.,0.));
#4917=DIRECTION('center_axis',(0.,0.,1.));
#4918=DIRECTION('ref_axis',(1.,0.,0.));
#4919=DIRECTION('center_axis',(0.,0.,1.));
#4920=DIRECTION('ref_axis',(1.,0.,0.));
#4921=DIRECTION('center_axis',(0.,0.,1.));
#4922=DIRECTION('ref_axis',(1.,0.,0.));
#4923=DIRECTION('center_axis',(0.,0.,-1.));
#4924=DIRECTION('ref_axis',(-5.34378227824007E-24,1.,0.));
#4925=DIRECTION('',(1.,5.34378227824007E-24,0.));
#4926=DIRECTION('',(5.34378227824007E-24,-1.,0.));
#4927=DIRECTION('',(-1.,-5.34378227824007E-24,0.));
#4928=DIRECTION('',(-5.34378227824007E-24,1.,0.));
#4929=DIRECTION('center_axis',(0.,0.,-1.));
#4930=DIRECTION('ref_axis',(-5.34378227824007E-24,1.,0.));
#4931=DIRECTION('',(-1.,-5.34378227824007E-24,0.));
#4932=DIRECTION('',(5.34378227824007E-24,-1.,0.));
#4933=DIRECTION('',(1.,5.34378227824007E-24,0.));
#4934=DIRECTION('',(-5.34378227824007E-24,1.,0.));
#4935=DIRECTION('center_axis',(1.,5.34378227824007E-24,0.));
#4936=DIRECTION('ref_axis',(0.,0.,-1.));
#4937=DIRECTION('',(0.,0.,1.));
#4938=DIRECTION('',(0.,0.,1.));
#4939=DIRECTION('center_axis',(-5.34378227824007E-24,1.,0.));
#4940=DIRECTION('ref_axis',(0.,0.,1.));
#4941=DIRECTION('',(0.,0.,1.));
#4942=DIRECTION('center_axis',(-1.,-5.34378227824007E-24,0.));
#4943=DIRECTION('ref_axis',(0.,0.,1.));
#4944=DIRECTION('',(0.,0.,1.));
#4945=DIRECTION('center_axis',(5.34378227824007E-24,-1.,0.));
#4946=DIRECTION('ref_axis',(0.,0.,-1.));
#4947=DIRECTION('',(0.,0.,0.999999999999997));
#4948=DIRECTION('',(-1.,1.22464679914735E-16,0.));
#4949=DIRECTION('',(0.,0.,1.));
#4950=DIRECTION('',(1.,0.,0.));
#4951=DIRECTION('',(0.,0.,1.));
#4952=DIRECTION('',(1.,4.19082355898663E-31,0.));
#4953=CARTESIAN_POINT('',(0.,0.,0.));
#4954=CARTESIAN_POINT('',(0.,0.,0.));
#4955=CARTESIAN_POINT('Origin',(-6.29999999999734,-15.5,19.));
#4956=CARTESIAN_POINT('',(-6.29999999999734,-15.5,19.));
#4957=CARTESIAN_POINT('',(-6.29999999999999,-12.5023997696442,19.));
#4958=CARTESIAN_POINT('',(-6.30000000000287,-9.25119988482491,19.));
#4959=CARTESIAN_POINT('',(-6.29999999999999,-12.5023997696442,18.));
#4960=CARTESIAN_POINT('',(-6.29999999999999,-12.5023997696442,0.));
#4961=CARTESIAN_POINT('',(-6.29999999999734,-15.5,18.));
#4962=CARTESIAN_POINT('',(-6.30000000000287,-9.25119988482491,18.));
#4963=CARTESIAN_POINT('',(-6.29999999999734,-15.5,19.));
#4964=CARTESIAN_POINT('Origin',(6.3,-15.5,19.));
#4965=CARTESIAN_POINT('',(6.3,-15.5,19.));
#4966=CARTESIAN_POINT('',(-3.14999999999867,-15.5,19.));
#4967=CARTESIAN_POINT('',(6.3,-15.5,18.));
#4968=CARTESIAN_POINT('',(-3.14999999999867,-15.5,18.));
#4969=CARTESIAN_POINT('',(6.3,-15.5,19.));
#4970=CARTESIAN_POINT('Origin',(6.30000000000001,-12.5023997696442,19.));
#4971=CARTESIAN_POINT('',(6.30000000000001,-12.5023997696442,19.));
#4972=CARTESIAN_POINT('',(6.30000000000001,-10.75,19.));
#4973=CARTESIAN_POINT('',(6.30000000000001,-12.5023997696442,18.));
#4974=CARTESIAN_POINT('',(6.30000000000001,-10.75,18.));
#4975=CARTESIAN_POINT('',(6.30000000000001,-12.5023997696442,0.));
#4976=CARTESIAN_POINT('Origin',(0.,-6.,18.));
#4977=CARTESIAN_POINT('Origin',(0.,0.,18.));
#4978=CARTESIAN_POINT('Origin',(-17.5,0.,19.));
#4979=CARTESIAN_POINT('',(-19.5,-2.44929359829471E-16,19.));
#4980=CARTESIAN_POINT('Origin',(-17.5,0.,19.));
#4981=CARTESIAN_POINT('',(-19.5,-2.44929359829471E-16,18.));
#4982=CARTESIAN_POINT('',(-19.5,2.44929359829471E-16,19.));
#4983=CARTESIAN_POINT('Origin',(-17.5,0.,18.));
#4984=CARTESIAN_POINT('Origin',(-17.5,3.5,19.));
#4985=CARTESIAN_POINT('',(-17.5,3.5,19.));
#4986=CARTESIAN_POINT('',(-13.555441711726,3.5,19.));
#4987=CARTESIAN_POINT('',(-6.77772085586298,3.5,19.));
#4988=CARTESIAN_POINT('',(-13.555441711726,3.5,18.));
#4989=CARTESIAN_POINT('',(-13.555441711726,3.5,0.));
#4990=CARTESIAN_POINT('',(-17.5,3.5,18.));
#4991=CARTESIAN_POINT('',(-6.77772085586298,3.5,18.));
#4992=CARTESIAN_POINT('',(-17.5,3.5,19.));
#4993=CARTESIAN_POINT('Origin',(-17.5,0.,19.));
#4994=CARTESIAN_POINT('',(-17.5,-3.5,19.));
#4995=CARTESIAN_POINT('Origin',(-17.5,0.,19.));
#4996=CARTESIAN_POINT('',(-17.5,-3.5,18.));
#4997=CARTESIAN_POINT('Origin',(-17.5,0.,18.));
#4998=CARTESIAN_POINT('',(-17.5,-3.5,19.));
#4999=CARTESIAN_POINT('Origin',(-13.555441711726,-3.5,19.));
#5000=CARTESIAN_POINT('',(-13.555441711726,-3.5,19.));
#5001=CARTESIAN_POINT('',(-8.75,-3.5,19.));
#5002=CARTESIAN_POINT('',(-13.555441711726,-3.5,18.));
#5003=CARTESIAN_POINT('',(-8.75,-3.5,18.));
#5004=CARTESIAN_POINT('',(-13.555441711726,-3.5,0.));
#5005=CARTESIAN_POINT('Origin',(0.,-6.,18.));
#5006=CARTESIAN_POINT('',(-14.,-1.71450551880629E-15,18.));
#5007=CARTESIAN_POINT('Origin',(0.,0.,18.));
#5008=CARTESIAN_POINT('Origin',(0.,0.,18.));
#5009=CARTESIAN_POINT('Origin',(17.5,0.,19.));
#5010=CARTESIAN_POINT('',(15.5,-2.44929359829471E-16,19.));
#5011=CARTESIAN_POINT('Origin',(17.5,0.,19.));
#5012=CARTESIAN_POINT('',(15.5,-2.44929359829471E-16,18.));
#5013=CARTESIAN_POINT('',(15.5,2.44929359829471E-16,19.));
#5014=CARTESIAN_POINT('Origin',(17.5,0.,18.));
#5015=CARTESIAN_POINT('Origin',(17.5,-3.5,19.));
#5016=CARTESIAN_POINT('',(17.5,-3.5,19.));
#5017=CARTESIAN_POINT('',(13.555441711726,-3.5,19.));
#5018=CARTESIAN_POINT('',(6.77772085586298,-3.50000000000001,19.));
#5019=CARTESIAN_POINT('',(13.555441711726,-3.5,18.));
#5020=CARTESIAN_POINT('',(13.555441711726,-3.5,0.));
#5021=CARTESIAN_POINT('',(17.5,-3.5,18.));
#5022=CARTESIAN_POINT('',(6.77772085586298,-3.50000000000001,18.));
#5023=CARTESIAN_POINT('',(17.5,-3.5,19.));
#5024=CARTESIAN_POINT('Origin',(17.5,0.,19.));
#5025=CARTESIAN_POINT('',(17.5,3.5,19.));
#5026=CARTESIAN_POINT('Origin',(17.5,0.,19.));
#5027=CARTESIAN_POINT('',(17.5,3.5,18.));
#5028=CARTESIAN_POINT('Origin',(17.5,0.,18.));
#5029=CARTESIAN_POINT('',(17.5,3.5,19.));
#5030=CARTESIAN_POINT('Origin',(13.555441711726,3.5,19.));
#5031=CARTESIAN_POINT('',(13.555441711726,3.5,19.));
#5032=CARTESIAN_POINT('',(8.75,3.5,19.));
#5033=CARTESIAN_POINT('',(13.555441711726,3.5,18.));
#5034=CARTESIAN_POINT('',(8.75,3.5,18.));
#5035=CARTESIAN_POINT('',(13.555441711726,3.5,0.));
#5036=CARTESIAN_POINT('Origin',(0.,-6.,18.));
#5037=CARTESIAN_POINT('Origin',(0.,0.,18.));
#5038=CARTESIAN_POINT('Origin',(0.,8.,19.));
#5039=CARTESIAN_POINT('',(-4.5,8.,20.5));
#5040=CARTESIAN_POINT('Origin',(0.,8.,20.5));
#5041=CARTESIAN_POINT('',(-4.5,8.,19.));
#5042=CARTESIAN_POINT('',(-4.5,8.,19.));
#5043=CARTESIAN_POINT('Origin',(0.,8.,19.));
#5044=CARTESIAN_POINT('Origin',(0.,8.,20.5));
#5045=CARTESIAN_POINT('Origin',(0.,0.,0.));
#5046=CARTESIAN_POINT('',(-14.,-1.71450551880629E-15,0.));
#5047=CARTESIAN_POINT('',(-14.,-1.71450551880629E-15,0.));
#5048=CARTESIAN_POINT('Origin',(0.,0.,0.));
#5049=CARTESIAN_POINT('Origin',(0.,0.,19.));
#5050=CARTESIAN_POINT('Origin',(0.,0.,19.));
#5051=CARTESIAN_POINT('Origin',(0.,0.,19.));
#5052=CARTESIAN_POINT('Origin',(0.,0.,19.));
#5053=CARTESIAN_POINT('Origin',(0.,0.,0.));
#5054=CARTESIAN_POINT('Origin',(2.,9.5,29.));
#5055=CARTESIAN_POINT('',(2.,9.5,29.));
#5056=CARTESIAN_POINT('',(-2.,9.5,29.));
#5057=CARTESIAN_POINT('',(1.,9.5,29.));
#5058=CARTESIAN_POINT('',(2.,9.5,23.));
#5059=CARTESIAN_POINT('',(2.,9.5,20.5));
#5060=CARTESIAN_POINT('',(-2.,9.5,23.));
#5061=CARTESIAN_POINT('',(-1.,9.5,23.));
#5062=CARTESIAN_POINT('',(-2.,9.5,20.5));
#5063=CARTESIAN_POINT('Origin',(0.,8.,23.));
#5064=CARTESIAN_POINT('Origin',(0.,8.,23.));
#5065=CARTESIAN_POINT('Origin',(-2.,6.5,29.));
#5066=CARTESIAN_POINT('',(-2.,6.5,29.));
#5067=CARTESIAN_POINT('',(2.,6.5,29.));
#5068=CARTESIAN_POINT('',(-1.,6.5,29.));
#5069=CARTESIAN_POINT('',(-2.,6.5,23.));
#5070=CARTESIAN_POINT('',(-2.,6.5,20.5));
#5071=CARTESIAN_POINT('',(2.,6.5,23.));
#5072=CARTESIAN_POINT('',(1.,6.5,23.));
#5073=CARTESIAN_POINT('',(2.,6.5,20.5));
#5074=CARTESIAN_POINT('Origin',(0.,8.,23.));
#5075=CARTESIAN_POINT('Origin',(0.,8.,23.));
#5076=CARTESIAN_POINT('Origin',(0.,8.,20.5));
#5077=CARTESIAN_POINT('',(-2.5,8.,29.));
#5078=CARTESIAN_POINT('Origin',(0.,8.,29.));
#5079=CARTESIAN_POINT('Origin',(0.,8.,29.));
#5080=CARTESIAN_POINT('Origin',(0.,8.,29.));
#5081=CARTESIAN_POINT('',(-2.5,8.,20.5));
#5082=CARTESIAN_POINT('',(-2.5,8.,20.5));
#5083=CARTESIAN_POINT('Origin',(0.,8.,20.5));
#5084=CARTESIAN_POINT('Origin',(0.,8.,29.));
#5085=CARTESIAN_POINT('Origin',(0.,8.,20.5));
#5086=CARTESIAN_POINT('Origin',(3.25000000000001,-17.,16.5));
#5087=CARTESIAN_POINT('',(-3.25,-13.6175438313963,16.5));
#5088=CARTESIAN_POINT('',(3.25000000000001,-13.6175438313963,16.5));
#5089=CARTESIAN_POINT('Origin',(0.,0.,16.5));
#5090=CARTESIAN_POINT('',(-3.25,-17.,16.5));
#5091=CARTESIAN_POINT('',(-3.25,-17.,16.5));
#5092=CARTESIAN_POINT('',(3.25000000000001,-17.,16.5));
#5093=CARTESIAN_POINT('',(5.275,-17.,16.5));
#5094=CARTESIAN_POINT('',(3.25000000000001,-17.,16.5));
#5095=CARTESIAN_POINT('Origin',(3.25000000000001,-17.,18.));
#5096=CARTESIAN_POINT('',(3.25000000000001,-13.6175438313963,18.));
#5097=CARTESIAN_POINT('',(3.25000000000001,-13.6175438313963,19.));
#5098=CARTESIAN_POINT('',(3.25000000000001,-17.,18.));
#5099=CARTESIAN_POINT('',(3.25,-17.,18.5));
#5100=CARTESIAN_POINT('',(3.25000000000001,-15.5,18.));
#5101=CARTESIAN_POINT('',(3.25000000000001,-17.,18.));
#5102=CARTESIAN_POINT('',(3.25000000000001,-15.5005999424111,18.));
#5103=CARTESIAN_POINT('Origin',(-3.25,-17.,18.));
#5104=CARTESIAN_POINT('',(-3.25,-15.5,18.));
#5105=CARTESIAN_POINT('',(-3.14999999999866,-15.5,18.));
#5106=CARTESIAN_POINT('',(-3.25,-17.,18.));
#5107=CARTESIAN_POINT('',(2.025,-17.,18.));
#5108=CARTESIAN_POINT('',(-3.25,-17.,18.));
#5109=CARTESIAN_POINT('Origin',(-3.25,-17.,16.5));
#5110=CARTESIAN_POINT('',(-3.25,-13.6175438313963,18.));
#5111=CARTESIAN_POINT('',(-3.25,-13.6175438313963,19.));
#5112=CARTESIAN_POINT('',(-3.25,-15.5005999424111,18.));
#5113=CARTESIAN_POINT('',(-3.25,-17.,17.75));
#5114=CARTESIAN_POINT('Origin',(8.32667268468867E-15,-14.0011998848221,
18.));
#5115=CARTESIAN_POINT('',(-6.29999999999999,-12.5023997696442,18.));
#5116=CARTESIAN_POINT('Origin',(0.,0.,18.));
#5117=CARTESIAN_POINT('',(-6.29999999999734,-15.5,18.));
#5118=CARTESIAN_POINT('',(-6.29999999999933,-13.251799827236,18.));
#5119=CARTESIAN_POINT('',(-3.14999999999866,-15.5,18.));
#5120=CARTESIAN_POINT('Origin',(0.,0.,19.));
#5121=CARTESIAN_POINT('',(6.30000000000001,-12.5023997696442,18.));
#5122=CARTESIAN_POINT('Origin',(0.,0.,18.));
#5123=CARTESIAN_POINT('',(6.30000000000001,-12.5023997696442,19.));
#5124=CARTESIAN_POINT('',(6.30000000000001,-12.5023997696442,19.));
#5125=CARTESIAN_POINT('',(7.30000000000001,-11.9461290801665,19.));
#5126=CARTESIAN_POINT('Origin',(0.,0.,19.));
#5127=CARTESIAN_POINT('',(7.30000000000001,-11.9461290801665,2.5));
#5128=CARTESIAN_POINT('',(7.30000000000001,-11.9461290801665,19.));
#5129=CARTESIAN_POINT('',(-7.29999999999999,-11.9461290801665,2.5));
#5130=CARTESIAN_POINT('Origin',(0.,0.,2.5));
#5131=CARTESIAN_POINT('',(-7.29999999999999,-11.9461290801665,19.));
#5132=CARTESIAN_POINT('',(-7.29999999999999,-11.9461290801665,19.));
#5133=CARTESIAN_POINT('',(-6.29999999999999,-12.5023997696442,19.));
#5134=CARTESIAN_POINT('Origin',(0.,0.,19.));
#5135=CARTESIAN_POINT('',(-6.29999999999999,-12.5023997696442,19.));
#5136=CARTESIAN_POINT('Origin',(-6.29999999999734,-15.5,19.));
#5137=CARTESIAN_POINT('',(-6.29999999999734,-15.5,19.));
#5138=CARTESIAN_POINT('',(-6.29999999999779,-14.9865322700444,19.));
#5139=CARTESIAN_POINT('',(-6.29999999999734,-15.5,19.));
#5140=CARTESIAN_POINT('Origin',(6.3,-15.5,19.));
#5141=CARTESIAN_POINT('',(6.3,-15.5,19.));
#5142=CARTESIAN_POINT('',(3.15,-15.5,19.));
#5143=CARTESIAN_POINT('',(6.3,-15.5,18.));
#5144=CARTESIAN_POINT('',(6.3,-15.5,19.));
#5145=CARTESIAN_POINT('',(-3.14999999999866,-15.5,18.));
#5146=CARTESIAN_POINT('Origin',(6.30000000000001,-12.5023997696442,19.));
#5147=CARTESIAN_POINT('',(6.30000000000001,-13.4877321548637,19.));
#5148=CARTESIAN_POINT('',(6.3,-14.7505999424111,18.));
#5149=CARTESIAN_POINT('Origin',(8.32667268468867E-15,-14.0011998848221,
18.));
#5150=CARTESIAN_POINT('Origin',(-7.3,-17.,19.));
#5151=CARTESIAN_POINT('',(-7.3,-17.,19.));
#5152=CARTESIAN_POINT('',(-7.3,-13.2095968101249,19.));
#5153=CARTESIAN_POINT('',(-7.3,-17.,2.5));
#5154=CARTESIAN_POINT('',(-7.3,-13.2095968101249,2.5));
#5155=CARTESIAN_POINT('',(-7.3,-17.,19.));
#5156=CARTESIAN_POINT('Origin',(7.3,-17.,19.));
#5157=CARTESIAN_POINT('',(7.3,-17.,19.));
#5158=CARTESIAN_POINT('',(-3.65,-17.,19.));
#5159=CARTESIAN_POINT('',(7.3,-17.,2.5));
#5160=CARTESIAN_POINT('',(-3.65,-17.,2.5));
#5161=CARTESIAN_POINT('',(7.3,-17.,19.));
#5162=CARTESIAN_POINT('Origin',(7.30000000000001,-11.9461290801665,19.));
#5163=CARTESIAN_POINT('',(7.3,-15.7365322700416,19.));
#5164=CARTESIAN_POINT('',(7.3,-15.7365322700416,2.5));
#5165=CARTESIAN_POINT('Origin',(4.9960036108132E-15,-14.4730645400833,19.));
#5166=CARTESIAN_POINT('Origin',(4.9960036108132E-15,-14.4730645400833,2.5));
#5167=CARTESIAN_POINT('Origin',(0.,0.,2.5));
#5168=CARTESIAN_POINT('',(8.3,-11.2743070740512,2.5));
#5169=CARTESIAN_POINT('',(7.30000000000001,-11.9461290801665,2.5));
#5170=CARTESIAN_POINT('Origin',(0.,0.,2.5));
#5171=CARTESIAN_POINT('',(7.30000000000001,-11.9461290801665,16.));
#5172=CARTESIAN_POINT('',(7.30000000000001,-11.9461290801665,2.5));
#5173=CARTESIAN_POINT('',(8.3,-11.2743070740512,16.));
#5174=CARTESIAN_POINT('Origin',(0.,0.,16.));
#5175=CARTESIAN_POINT('',(8.3,-11.2743070740512,2.5));
#5176=CARTESIAN_POINT('Origin',(8.3,-12.7743070740512,2.5));
#5177=CARTESIAN_POINT('',(8.3,-12.7743070740512,2.5));
#5178=CARTESIAN_POINT('',(8.3,-12.56726257558,2.5));
#5179=CARTESIAN_POINT('',(8.3,-12.7743070740512,16.));
#5180=CARTESIAN_POINT('',(8.3,-12.56726257558,16.));
#5181=CARTESIAN_POINT('',(8.3,-12.7743070740512,2.5));
#5182=CARTESIAN_POINT('Origin',(7.30000000000001,-13.4461290801665,2.5));
#5183=CARTESIAN_POINT('',(7.30000000000001,-13.4461290801665,2.5));
#5184=CARTESIAN_POINT('',(5.03642312436898,-14.9668498377493,2.5));
#5185=CARTESIAN_POINT('',(7.30000000000001,-13.4461290801665,16.));
#5186=CARTESIAN_POINT('',(5.03642312436898,-14.9668498377493,16.));
#5187=CARTESIAN_POINT('',(7.30000000000001,-13.4461290801665,2.5));
#5188=CARTESIAN_POINT('Origin',(7.30000000000001,-11.9461290801665,2.5));
#5189=CARTESIAN_POINT('',(7.30000000000001,-12.1531735786377,2.5));
#5190=CARTESIAN_POINT('',(7.30000000000001,-12.1531735786377,16.));
#5191=CARTESIAN_POINT('Origin',(-5.55111512312578E-16,-12.3602180771088,
16.));
#5192=CARTESIAN_POINT('Origin',(-5.55111512312578E-16,-12.3602180771088,
2.5));
#5193=CARTESIAN_POINT('Origin',(-8.3,-11.2743070740512,2.5));
#5194=CARTESIAN_POINT('',(-8.3,-11.2743070740512,2.5));
#5195=CARTESIAN_POINT('',(-8.3,-12.7743070740512,2.5));
#5196=CARTESIAN_POINT('',(-8.3,-11.81726257558,2.5));
#5197=CARTESIAN_POINT('',(-8.3,-12.7743070740512,16.));
#5198=CARTESIAN_POINT('',(-8.3,-12.7743070740512,2.5));
#5199=CARTESIAN_POINT('',(-8.3,-11.2743070740512,16.));
#5200=CARTESIAN_POINT('',(-8.3,-11.81726257558,16.));
#5201=CARTESIAN_POINT('',(-8.3,-11.2743070740512,2.5));
#5202=CARTESIAN_POINT('Origin',(0.,0.,2.5));
#5203=CARTESIAN_POINT('',(-7.29999999999999,-11.9461290801665,2.5));
#5204=CARTESIAN_POINT('Origin',(0.,0.,2.5));
#5205=CARTESIAN_POINT('',(-7.29999999999999,-11.9461290801665,16.));
#5206=CARTESIAN_POINT('Origin',(0.,0.,16.));
#5207=CARTESIAN_POINT('',(-7.29999999999999,-11.9461290801665,2.5));
#5208=CARTESIAN_POINT('Origin',(-7.3,-13.4461290801665,2.5));
#5209=CARTESIAN_POINT('',(-7.30000000000001,-13.4461290801665,2.5));
#5210=CARTESIAN_POINT('',(-7.3,-12.9031735786377,2.5));
#5211=CARTESIAN_POINT('',(-7.30000000000001,-13.4461290801665,16.));
#5212=CARTESIAN_POINT('',(-7.3,-12.9031735786377,16.));
#5213=CARTESIAN_POINT('',(-7.30000000000001,-13.4461290801665,2.5));
#5214=CARTESIAN_POINT('Origin',(-8.3,-12.7743070740512,2.5));
#5215=CARTESIAN_POINT('',(-5.53642312436898,-14.6309388346916,2.5));
#5216=CARTESIAN_POINT('',(-5.53642312436898,-14.6309388346916,16.));
#5217=CARTESIAN_POINT('Origin',(-5.55111512312578E-16,-12.3602180771088,
16.));
#5218=CARTESIAN_POINT('Origin',(-5.55111512312578E-16,-12.3602180771088,
2.5));
#5219=CARTESIAN_POINT('',(0.,0.,0.));
#5220=CARTESIAN_POINT('Origin',(17.5000002272407,19.,8.));
#5221=CARTESIAN_POINT('',(19.0000002272407,19.,8.));
#5222=CARTESIAN_POINT('Origin',(17.5000002272407,19.,8.));
#5223=CARTESIAN_POINT('',(19.0000002272407,19.,0.));
#5224=CARTESIAN_POINT('',(19.0000002272407,19.,8.));
#5225=CARTESIAN_POINT('Origin',(17.5000002272407,19.,0.));
#5226=CARTESIAN_POINT('Origin',(-17.4999997727593,19.,8.));
#5227=CARTESIAN_POINT('',(-15.9999997727593,19.,8.));
#5228=CARTESIAN_POINT('Origin',(-17.4999997727593,19.,8.));
#5229=CARTESIAN_POINT('',(-15.9999997727593,19.,0.));
#5230=CARTESIAN_POINT('',(-15.9999997727593,19.,8.));
#5231=CARTESIAN_POINT('Origin',(-17.4999997727593,19.,0.));
#5232=CARTESIAN_POINT('Origin',(19.5000007748604,13.9999999999952,0.));
#5233=CARTESIAN_POINT('',(19.5000007748604,13.9999999999952,2.));
#5234=CARTESIAN_POINT('',(18.0000007748604,12.4999999999932,2.));
#5235=CARTESIAN_POINT('',(15.1188300280076,9.61882925313655,2.));
#5236=CARTESIAN_POINT('',(18.0000007748604,12.4999999999932,0.));
#5237=CARTESIAN_POINT('',(18.0000007748604,12.4999999999932,0.));
#5238=CARTESIAN_POINT('',(21.0000007748604,15.4999999999973,0.));
#5239=CARTESIAN_POINT('',(18.7153774620233,13.2153766871571,0.));
#5240=CARTESIAN_POINT('',(21.0000007748604,15.4999999999973,3.5));
#5241=CARTESIAN_POINT('',(21.0000007748604,15.4999999999973,0.));
#5242=CARTESIAN_POINT('',(17.4166674138212,11.9166666389533,-0.0833333610391443));
#5243=CARTESIAN_POINT('Origin',(18.0000007748604,7.,0.));
#5244=CARTESIAN_POINT('',(18.0000007748604,7.,2.));
#5245=CARTESIAN_POINT('',(18.0000007748604,7.,2.));
#5246=CARTESIAN_POINT('',(18.0000007748604,7.,0.));
#5247=CARTESIAN_POINT('',(18.0000007748604,7.,0.));
#5248=CARTESIAN_POINT('',(18.0000007748604,7.,0.));
#5249=CARTESIAN_POINT('Origin',(18.3275319805025,23.7183058701969,0.));
#5250=CARTESIAN_POINT('',(20.7025925845613,22.5000001042973,3.5));
#5251=CARTESIAN_POINT('',(17.7783751952942,24.0000001042973,2.));
#5252=CARTESIAN_POINT('',(15.5371979651465,25.1496293546945,0.850370749602813));
#5253=CARTESIAN_POINT('',(20.7025925845613,22.5000001042973,0.));
#5254=CARTESIAN_POINT('',(20.7025925845613,22.5000001042973,0.));
#5255=CARTESIAN_POINT('',(15.9524713764438,24.9366116360966,0.));
#5256=CARTESIAN_POINT('',(8.69696710628463,28.6583788498421,0.));
#5257=CARTESIAN_POINT('',(15.9524713764438,24.9366116360966,2.));
#5258=CARTESIAN_POINT('',(15.9524713764438,24.9366116360966,0.));
#5259=CARTESIAN_POINT('',(12.6449202204548,26.633245666177,2.));
#5260=CARTESIAN_POINT('Origin',(21.0000007748604,22.5000001042973,0.));
#5261=CARTESIAN_POINT('',(15.0000007748604,22.5000001042973,3.5));
#5262=CARTESIAN_POINT('',(15.7500006917442,22.5000001042973,3.5));
#5263=CARTESIAN_POINT('',(15.0000007748604,22.5000001042973,8.));
#5264=CARTESIAN_POINT('',(15.0000007748604,22.5000001042973,0.));
#5265=CARTESIAN_POINT('',(21.0000007748604,22.5000001042973,8.));
#5266=CARTESIAN_POINT('',(15.0000007748604,22.5000001042973,8.));
#5267=CARTESIAN_POINT('',(21.0000007748604,22.5000001042973,0.));
#5268=CARTESIAN_POINT('',(21.0000007748604,22.5000001042973,0.));
#5269=CARTESIAN_POINT('',(15.0000007748604,22.5000001042973,0.));
#5270=CARTESIAN_POINT('Origin',(-18.3275313230333,23.7183057710552,0.));
#5271=CARTESIAN_POINT('',(-17.7783745518591,24.,2.));
#5272=CARTESIAN_POINT('',(-15.9524707261524,24.9366115421104,2.));
#5273=CARTESIAN_POINT('',(-12.6449194814492,26.6332456300047,2.));
#5274=CARTESIAN_POINT('',(-15.9524707261524,24.9366115421104,0.));
#5275=CARTESIAN_POINT('',(-15.9524707261524,24.9366115421104,0.));
#5276=CARTESIAN_POINT('',(-20.7025919199143,22.5,0.));
#5277=CARTESIAN_POINT('',(-10.0543386335935,27.9621041869074,0.));
#5278=CARTESIAN_POINT('',(-20.7025919199143,22.5,3.5));
#5279=CARTESIAN_POINT('',(-20.7025919199143,22.5,0.));
#5280=CARTESIAN_POINT('',(-14.5543971200424,25.6537642517805,0.346235748219535));
#5281=CARTESIAN_POINT('Origin',(3.64339378111644E-7,11.6317588037603,0.));
#5282=CARTESIAN_POINT('Origin',(3.64339378111644E-7,11.6317588037603,0.));
#5283=CARTESIAN_POINT('',(-8.76915641580851,30.4626464527649,2.));
#5284=CARTESIAN_POINT('Origin',(3.64339378111644E-7,11.6317588037603,2.));
#5285=CARTESIAN_POINT('',(-6.1431112714982,31.4752116210447,2.));
#5286=CARTESIAN_POINT('Origin',(3.64339378111644E-7,11.6317588037603,2.));
#5287=CARTESIAN_POINT('',(-6.1431112714982,31.4752116210447,8.));
#5288=CARTESIAN_POINT('',(-6.1431112714982,31.4752116210447,0.));
#5289=CARTESIAN_POINT('',(-5.77098036721839,31.5866133930112,8.));
#5290=CARTESIAN_POINT('Origin',(3.64339378111644E-7,11.6317588037603,8.));
#5291=CARTESIAN_POINT('',(-5.77098036721839,31.5866133930112,2.));
#5292=CARTESIAN_POINT('',(-5.77098036721839,31.5866133930112,0.));
#5293=CARTESIAN_POINT('',(-3.40000984515296,32.1242054819626,2.));
#5294=CARTESIAN_POINT('Origin',(3.64339378111644E-7,11.6317588037603,2.));
#5295=CARTESIAN_POINT('',(-0.0290527976487315,32.4043271619565,2.));
#5296=CARTESIAN_POINT('Origin',(3.64339378111644E-7,11.6317588037603,2.));
#5297=CARTESIAN_POINT('',(-0.0290527976487315,32.4043271619565,8.));
#5298=CARTESIAN_POINT('',(-0.0290527976487315,32.4043271619565,0.));
#5299=CARTESIAN_POINT('',(0.0359951050821797,32.4043162934099,8.));
#5300=CARTESIAN_POINT('Origin',(3.64339378111644E-7,11.6317588037603,8.));
#5301=CARTESIAN_POINT('',(0.03599510508218,32.4043162934099,2.));
#5302=CARTESIAN_POINT('',(0.0359951050821797,32.4043162934099,0.));
#5303=CARTESIAN_POINT('',(2.54360737733127,32.2480267407049,2.));
#5304=CARTESIAN_POINT('Origin',(3.64339378111644E-7,11.6317588037603,2.));
#5305=CARTESIAN_POINT('',(5.84829969028481,31.5640902097805,2.));
#5306=CARTESIAN_POINT('Origin',(3.64339378111644E-7,11.6317588037603,2.));
#5307=CARTESIAN_POINT('',(8.6636450076773,30.5114225131545,2.));
#5308=CARTESIAN_POINT('Origin',(3.64339378111644E-7,11.6317588037603,2.));
#5309=CARTESIAN_POINT('Origin',(3.64339378111644E-7,11.6317588037603,2.));
#5310=CARTESIAN_POINT('Origin',(-19.4999998658977,14.,0.));
#5311=CARTESIAN_POINT('',(-20.9999998658977,15.5,3.5));
#5312=CARTESIAN_POINT('',(-19.4999998658977,14.,2.));
#5313=CARTESIAN_POINT('',(-17.9166665068732,12.4166666409755,0.416666640975538));
#5314=CARTESIAN_POINT('',(-20.9999998658977,15.5,0.));
#5315=CARTESIAN_POINT('',(-20.9999998658977,15.5,0.));
#5316=CARTESIAN_POINT('',(-17.9999998658977,12.5,0.));
#5317=CARTESIAN_POINT('',(-19.5726424409933,14.0726425750956,0.));
#5318=CARTESIAN_POINT('',(-17.9999998658977,12.5,2.));
#5319=CARTESIAN_POINT('',(-17.9999998658977,12.5,0.));
#5320=CARTESIAN_POINT('',(-15.1188291250799,9.61882925918219,2.));
#5321=CARTESIAN_POINT('Origin',(7.50000060862945,14.7499999999789,2.75));
#5322=CARTESIAN_POINT('',(13.5000007748604,13.9999999999871,2.));
#5323=CARTESIAN_POINT('',(7.50000060863047,13.9999999999789,2.));
#5324=CARTESIAN_POINT('',(15.0000007748604,15.4999999999891,3.5));
#5325=CARTESIAN_POINT('',(11.2500006917444,15.499999999984,3.5));
#5326=CARTESIAN_POINT('',(15.0000007748604,15.4999999999891,3.5));
#5327=CARTESIAN_POINT('Origin',(14.2500007748604,19.2376587246598,2.75));
#5328=CARTESIAN_POINT('',(13.5000007748604,19.5739284358868,2.));
#5329=CARTESIAN_POINT('',(14.7236947653309,20.1630363560182,3.22369399047051));
#5330=CARTESIAN_POINT('Ctrl Pts',(13.5000007748604,19.5739284358867,2.));
#5331=CARTESIAN_POINT('Ctrl Pts',(13.758177198845,19.6746908836381,2.25817642398467));
#5332=CARTESIAN_POINT('Ctrl Pts',(14.0131990953315,19.7897098214465,2.5131955631035));
#5333=CARTESIAN_POINT('Ctrl Pts',(14.2652097318837,19.9168788571912,2.76520688411848));
#5334=CARTESIAN_POINT('Ctrl Pts',(14.4191493074771,19.9945594966236,2.91914687781286));
#5335=CARTESIAN_POINT('Ctrl Pts',(14.5719653323271,20.0767718544735,3.07196455746676));
#5336=CARTESIAN_POINT('Ctrl Pts',(14.7236947653309,20.1630363560182,3.22369399047051));
#5337=CARTESIAN_POINT('',(13.5000007748604,19.2376587246598,2.));
#5338=CARTESIAN_POINT('',(15.0000007748604,19.2376587246598,3.5));
#5339=CARTESIAN_POINT('',(13.5000007748604,24.0000001042973,2.));
#5340=CARTESIAN_POINT('',(15.0000007748604,22.5000001042973,3.5));
#5341=CARTESIAN_POINT('',(13.5000007748604,20.648091524666,2.));
#5342=CARTESIAN_POINT('',(13.5000007748604,19.2376587246598,2.));
#5343=CARTESIAN_POINT('',(14.2270870879897,21.0231860850038,2.72708631312932));
#5344=CARTESIAN_POINT('Ctrl Pts',(14.2270870879897,21.0231860850038,2.72708631312932));
#5345=CARTESIAN_POINT('Ctrl Pts',(14.0204635546878,20.9044343199272,2.52046277982747));
#5346=CARTESIAN_POINT('Ctrl Pts',(13.8113590595641,20.794224988641,2.31135952235578));
#5347=CARTESIAN_POINT('Ctrl Pts',(13.5997794620136,20.6943404107845,2.09977896174489));
#5348=CARTESIAN_POINT('Ctrl Pts',(13.5665809475321,20.6786677294729,2.06658029615158));
#5349=CARTESIAN_POINT('Ctrl Pts',(13.5333214139794,20.6632491772386,2.03332063911907));
#5350=CARTESIAN_POINT('Ctrl Pts',(13.5000007748604,20.648091524666,2.));
#5351=CARTESIAN_POINT('',(14.4668666757787,20.6078756561413,2.96686590091831));
#5352=CARTESIAN_POINT('Origin',(10.5000006086281,23.2500001042973,2.75));
#5353=CARTESIAN_POINT('',(5.25000052551198,24.0000001042973,2.));
#5354=CARTESIAN_POINT('Ctrl Pts',(4.46293222631947,22.,0.));
#5355=CARTESIAN_POINT('Ctrl Pts',(4.46293222631947,22.,8.));
#5356=CARTESIAN_POINT('Ctrl Pts',(4.77985434945459,21.7615487874618,0.));
#5357=CARTESIAN_POINT('Ctrl Pts',(4.77985434945459,21.7615487874618,8.));
#5358=CARTESIAN_POINT('Ctrl Pts',(5.4399727555645,21.2848532333146,0.));
#5359=CARTESIAN_POINT('Ctrl Pts',(5.4399727555645,21.2848532333146,8.));
#5360=CARTESIAN_POINT('Ctrl Pts',(6.47690847675535,20.5968373018484,0.));
#5361=CARTESIAN_POINT('Ctrl Pts',(6.47690847675535,20.5968373018484,8.));
#5362=CARTESIAN_POINT('Ctrl Pts',(7.94265977618112,19.764671206172,0.));
#5363=CARTESIAN_POINT('Ctrl Pts',(7.94265977618112,19.764671206172,8.));
#5364=CARTESIAN_POINT('Ctrl Pts',(9.92719417999071,19.0476020068446,0.));
#5365=CARTESIAN_POINT('Ctrl Pts',(9.92719417999071,19.0476020068446,8.));
#5366=CARTESIAN_POINT('Ctrl Pts',(11.6937067022063,18.9738514442485,0.));
#5367=CARTESIAN_POINT('Ctrl Pts',(11.6937067022063,18.9738514442485,8.));
#5368=CARTESIAN_POINT('Ctrl Pts',(13.1500260076235,19.3653869586918,0.));
#5369=CARTESIAN_POINT('Ctrl Pts',(13.1500260076235,19.3653869586918,8.));
#5370=CARTESIAN_POINT('Ctrl Pts',(14.1879539537746,19.8584453933348,0.));
#5371=CARTESIAN_POINT('Ctrl Pts',(14.1879539537746,19.8584453933348,8.));
#5372=CARTESIAN_POINT('Ctrl Pts',(14.7236947653309,20.1630363560182,0.));
#5373=CARTESIAN_POINT('Ctrl Pts',(14.7236947653309,20.1630363560182,8.));
#5374=CARTESIAN_POINT('',(14.7236947653309,20.1630363560182,8.));
#5375=CARTESIAN_POINT('',(14.7236947653309,20.1630363560182,0.));
#5376=CARTESIAN_POINT('',(4.46293222631947,22.,8.));
#5377=CARTESIAN_POINT('Ctrl Pts',(4.46293222631947,22.,8.));
#5378=CARTESIAN_POINT('Ctrl Pts',(4.77985434945459,21.7615487874618,8.));
#5379=CARTESIAN_POINT('Ctrl Pts',(5.4399727555645,21.2848532333146,8.));
#5380=CARTESIAN_POINT('Ctrl Pts',(6.47690847675535,20.5968373018484,8.));
#5381=CARTESIAN_POINT('Ctrl Pts',(7.94265977618112,19.764671206172,8.));
#5382=CARTESIAN_POINT('Ctrl Pts',(9.92719417999071,19.0476020068446,8.));
#5383=CARTESIAN_POINT('Ctrl Pts',(11.6937067022063,18.9738514442485,8.));
#5384=CARTESIAN_POINT('Ctrl Pts',(13.1500260076235,19.3653869586918,8.));
#5385=CARTESIAN_POINT('Ctrl Pts',(14.1879539537746,19.8584453933348,8.));
#5386=CARTESIAN_POINT('Ctrl Pts',(14.7236947653309,20.1630363560182,8.));
#5387=CARTESIAN_POINT('',(4.46293222631947,22.,2.));
#5388=CARTESIAN_POINT('',(4.46293222631947,22.,0.));
#5389=CARTESIAN_POINT('Ctrl Pts',(13.5000007748604,19.5739284358868,2.));
#5390=CARTESIAN_POINT('Ctrl Pts',(13.2328754200294,19.469673352507,2.));
#5391=CARTESIAN_POINT('Ctrl Pts',(12.4742407875663,19.2134885387655,2.));
#5392=CARTESIAN_POINT('Ctrl Pts',(11.2803458098256,18.9981886808873,2.));
#5393=CARTESIAN_POINT('Ctrl Pts',(9.7388952323094,19.1156398173199,2.));
#5394=CARTESIAN_POINT('Ctrl Pts',(7.94265977618112,19.764671206172,2.));
#5395=CARTESIAN_POINT('Ctrl Pts',(6.47690847675535,20.5968373018484,2.));
#5396=CARTESIAN_POINT('Ctrl Pts',(5.4399727555645,21.2848532333146,2.));
#5397=CARTESIAN_POINT('Ctrl Pts',(4.77985434945459,21.7615487874618,2.));
#5398=CARTESIAN_POINT('Ctrl Pts',(4.46293222631947,22.,2.));
#5399=CARTESIAN_POINT('Origin',(14.7236947653309,20.1630363560182,0.));
#5400=CARTESIAN_POINT('',(14.2270870879897,21.0231860850038,8.));
#5401=CARTESIAN_POINT('',(14.2270870879897,21.0231860850038,0.));
#5402=CARTESIAN_POINT('',(14.7236947653309,20.1630363560182,8.));
#5403=CARTESIAN_POINT('Ctrl Pts',(14.2270870879897,21.0231860850038,0.));
#5404=CARTESIAN_POINT('Ctrl Pts',(14.2270870879897,21.0231860850038,8.));
#5405=CARTESIAN_POINT('Ctrl Pts',(13.7929622009345,20.7736835439444,0.));
#5406=CARTESIAN_POINT('Ctrl Pts',(13.7929622009345,20.7736835439444,8.));
#5407=CARTESIAN_POINT('Ctrl Pts',(12.9516786028944,20.3635195625112,0.));
#5408=CARTESIAN_POINT('Ctrl Pts',(12.9516786028944,20.3635195625112,8.));
#5409=CARTESIAN_POINT('Ctrl Pts',(11.7705748929127,20.0145592020919,0.));
#5410=CARTESIAN_POINT('Ctrl Pts',(11.7705748929127,20.0145592020919,8.));
#5411=CARTESIAN_POINT('Ctrl Pts',(10.3315958822131,20.0101747641417,0.));
#5412=CARTESIAN_POINT('Ctrl Pts',(10.3315958822131,20.0101747641417,8.));
#5413=CARTESIAN_POINT('Ctrl Pts',(8.82219301083629,20.4780132878725,0.));
#5414=CARTESIAN_POINT('Ctrl Pts',(8.82219301083629,20.4780132878725,8.));
#5415=CARTESIAN_POINT('Ctrl Pts',(7.66672259436313,21.0546748041881,0.));
#5416=CARTESIAN_POINT('Ctrl Pts',(7.66672259436313,21.0546748041881,8.));
#5417=CARTESIAN_POINT('Ctrl Pts',(6.83140801395452,21.5541167547372,0.));
#5418=CARTESIAN_POINT('Ctrl Pts',(6.83140801395452,21.5541167547372,8.));
#5419=CARTESIAN_POINT('Ctrl Pts',(6.32304297771013,21.8847432461079,0.));
#5420=CARTESIAN_POINT('Ctrl Pts',(6.32304297771013,21.8847432461079,8.));
#5421=CARTESIAN_POINT('Ctrl Pts',(6.15035442134449,22.,0.));
#5422=CARTESIAN_POINT('Ctrl Pts',(6.15035442134449,22.,8.));
#5423=CARTESIAN_POINT('',(6.15035442134449,22.,2.));
#5424=CARTESIAN_POINT('Ctrl Pts',(6.15035442134449,22.,2.));
#5425=CARTESIAN_POINT('Ctrl Pts',(6.32304297771013,21.8847432461079,2.));
#5426=CARTESIAN_POINT('Ctrl Pts',(6.83140801395452,21.5541167547372,2.));
#5427=CARTESIAN_POINT('Ctrl Pts',(7.66672259436313,21.0546748041881,2.));
#5428=CARTESIAN_POINT('Ctrl Pts',(8.82219301083629,20.4780132878725,2.));
#5429=CARTESIAN_POINT('Ctrl Pts',(10.2170977889081,20.045663380175,2.));
#5430=CARTESIAN_POINT('Ctrl Pts',(11.5250975795585,20.0168772076666,2.));
#5431=CARTESIAN_POINT('Ctrl Pts',(12.5514068152292,20.2574333954478,2.));
#5432=CARTESIAN_POINT('Ctrl Pts',(13.2264652570997,20.5236594473084,2.));
#5433=CARTESIAN_POINT('Ctrl Pts',(13.5000007748604,20.648091524666,2.));
#5434=CARTESIAN_POINT('',(6.15035442134449,22.,8.));
#5435=CARTESIAN_POINT('',(6.15035442134449,22.,0.));
#5436=CARTESIAN_POINT('Ctrl Pts',(14.2270870879897,21.0231860850038,8.));
#5437=CARTESIAN_POINT('Ctrl Pts',(13.7929622009345,20.7736835439444,8.));
#5438=CARTESIAN_POINT('Ctrl Pts',(12.9516786028944,20.3635195625112,8.));
#5439=CARTESIAN_POINT('Ctrl Pts',(11.7705748929127,20.0145592020919,8.));
#5440=CARTESIAN_POINT('Ctrl Pts',(10.3315958822131,20.0101747641417,8.));
#5441=CARTESIAN_POINT('Ctrl Pts',(8.82219301083629,20.4780132878725,8.));
#5442=CARTESIAN_POINT('Ctrl Pts',(7.66672259436313,21.0546748041881,8.));
#5443=CARTESIAN_POINT('Ctrl Pts',(6.83140801395452,21.5541167547372,8.));
#5444=CARTESIAN_POINT('Ctrl Pts',(6.32304297771013,21.8847432461079,8.));
#5445=CARTESIAN_POINT('Ctrl Pts',(6.15035442134449,22.,8.));
#5446=CARTESIAN_POINT('Origin',(4.42395853283983E-7,15.9753173450223,2.));
#5447=CARTESIAN_POINT('',(8.87768893422031,29.9281382954191,2.));
#5448=CARTESIAN_POINT('Origin',(8.48104279550418,30.1134989486105,2.));
#5449=CARTESIAN_POINT('',(10.9362944937395,28.7895193359268,2.));
#5450=CARTESIAN_POINT('Origin',(-0.003124374121261,11.4414914093617,2.));
#5451=CARTESIAN_POINT('',(10.9362944937395,27.5949983468569,2.));
#5452=CARTESIAN_POINT('',(10.9362944937395,27.5949983468569,2.));
#5453=CARTESIAN_POINT('',(-10.9378518645545,27.5981744308293,2.));
#5454=CARTESIAN_POINT('Origin',(-0.003124374121261,11.4414914093617,2.));
#5455=CARTESIAN_POINT('',(-10.9378518645492,28.7924767651699,2.));
#5456=CARTESIAN_POINT('',(-10.9378518645546,27.5981744308295,2.));
#5457=CARTESIAN_POINT('',(-8.97854201052042,29.8823925901502,2.));
#5458=CARTESIAN_POINT('Origin',(-0.003124374121261,11.4414914093617,2.));
#5459=CARTESIAN_POINT('Origin',(-8.58561505941567,30.0685097361077,2.));
#5460=CARTESIAN_POINT('',(-13.4999998658977,24.,2.));
#5461=CARTESIAN_POINT('',(-7.49999971175091,24.,2.));
#5462=CARTESIAN_POINT('',(-13.4999998658977,20.4910331383442,2.));
#5463=CARTESIAN_POINT('',(-13.4999998658977,18.1013138276146,2.));
#5464=CARTESIAN_POINT('',(-6.44651518838554,22.,2.));
#5465=CARTESIAN_POINT('Ctrl Pts',(-13.4999998658977,20.4910331383442,2.));
#5466=CARTESIAN_POINT('Ctrl Pts',(-13.2960451538906,20.4099405499121,2.));
#5467=CARTESIAN_POINT('Ctrl Pts',(-12.6939934922082,20.1986200350858,2.));
#5468=CARTESIAN_POINT('Ctrl Pts',(-11.7368652063309,20.001221917898,2.));
#5469=CARTESIAN_POINT('Ctrl Pts',(-10.4886564251889,20.0432133814143,2.));
#5470=CARTESIAN_POINT('Ctrl Pts',(-9.14088704930844,20.4609536991907,2.));
#5471=CARTESIAN_POINT('Ctrl Pts',(-7.98003550039491,21.0413581943079,2.));
#5472=CARTESIAN_POINT('Ctrl Pts',(-7.13906882217924,21.5452672148215,2.));
#5473=CARTESIAN_POINT('Ctrl Pts',(-6.62491838551871,21.8805355710301,2.));
#5474=CARTESIAN_POINT('Ctrl Pts',(-6.44651518838554,22.,2.));
#5475=CARTESIAN_POINT('',(-10.9999997727593,22.,2.));
#5476=CARTESIAN_POINT('',(11.0000002272407,22.,2.));
#5477=CARTESIAN_POINT('',(-10.9999997727593,23.,2.));
#5478=CARTESIAN_POINT('',(-10.9999997727593,22.,2.));
#5479=CARTESIAN_POINT('',(11.0000002272407,23.,2.));
#5480=CARTESIAN_POINT('',(-10.9999997727593,23.,2.));
#5481=CARTESIAN_POINT('',(11.0000002272407,22.,2.));
#5482=CARTESIAN_POINT('',(11.0000002272407,23.,2.));
#5483=CARTESIAN_POINT('',(11.0000002272407,22.,2.));
#5484=CARTESIAN_POINT('Origin',(4.42395853283983E-7,15.9753173450223,2.));
#5485=CARTESIAN_POINT('',(-4.76225723723923,22.,2.));
#5486=CARTESIAN_POINT('',(11.0000002272407,22.,2.));
#5487=CARTESIAN_POINT('',(-13.4999998658977,19.4367997460603,2.));
#5488=CARTESIAN_POINT('Ctrl Pts',(-4.76225723723923,22.,2.));
#5489=CARTESIAN_POINT('Ctrl Pts',(-5.08376239607683,21.7574747986957,2.));
#5490=CARTESIAN_POINT('Ctrl Pts',(-5.74835362177952,21.2766122154428,2.));
#5491=CARTESIAN_POINT('Ctrl Pts',(-6.78998174983523,20.5844081730137,2.));
#5492=CARTESIAN_POINT('Ctrl Pts',(-8.26087216111646,19.7480715695208,2.));
#5493=CARTESIAN_POINT('Ctrl Pts',(-10.0113000658808,19.1155917628012,2.));
#5494=CARTESIAN_POINT('Ctrl Pts',(-11.4915797679043,18.9885591259576,2.));
#5495=CARTESIAN_POINT('Ctrl Pts',(-12.6156912853716,19.1639566936475,2.));
#5496=CARTESIAN_POINT('Ctrl Pts',(-13.3015754530768,19.3694454325008,2.));
#5497=CARTESIAN_POINT('Ctrl Pts',(-13.4999998658977,19.4367997460603,2.));
#5498=CARTESIAN_POINT('',(-13.4999998658977,14.,2.));
#5499=CARTESIAN_POINT('',(-13.4999998658977,15.7376586725111,2.));
#5500=CARTESIAN_POINT('',(-5.24999963467753,14.,2.));
#5501=CARTESIAN_POINT('',(-17.9999998658977,7.0000000894,2.));
#5502=CARTESIAN_POINT('',(-17.9999998658977,7.0000000894,2.));
#5503=CARTESIAN_POINT('',(-21.9999999701977,7.0000000894,2.));
#5504=CARTESIAN_POINT('',(-24.9999999701977,7.0000000894,2.));
#5505=CARTESIAN_POINT('',(-19.,4.,2.));
#5506=CARTESIAN_POINT('Origin',(-21.9999999701977,4.0000000894,2.));
#5507=CARTESIAN_POINT('',(-14.,4.,2.));
#5508=CARTESIAN_POINT('',(-14.,4.,2.));
#5509=CARTESIAN_POINT('',(-14.,1.,2.));
#5510=CARTESIAN_POINT('',(-14.,0.,2.));
#5511=CARTESIAN_POINT('',(-7.53333905907833,1.,2.));
#5512=CARTESIAN_POINT('',(-24.9999999701977,1.,2.));
#5513=CARTESIAN_POINT('',(-14.0000002088172,5.80454961222766,2.));
#5514=CARTESIAN_POINT('Ctrl Pts',(-7.53333905907833,1.,2.));
#5515=CARTESIAN_POINT('Ctrl Pts',(-7.61770613832227,1.16911785749034,2.));
#5516=CARTESIAN_POINT('Ctrl Pts',(-7.88551885310128,1.69146831351314,2.));
#5517=CARTESIAN_POINT('Ctrl Pts',(-8.35215120971847,2.52403067462622,2.));
#5518=CARTESIAN_POINT('Ctrl Pts',(-9.0570926266324,3.58553400282893,2.));
#5519=CARTESIAN_POINT('Ctrl Pts',(-10.1199002039646,4.73409754752748,2.));
#5520=CARTESIAN_POINT('Ctrl Pts',(-11.3682848017182,5.44979001823083,2.));
#5521=CARTESIAN_POINT('Ctrl Pts',(-12.5656307992762,5.73813333618476,2.));
#5522=CARTESIAN_POINT('Ctrl Pts',(-13.4992857576827,5.80356270756631,2.));
#5523=CARTESIAN_POINT('Ctrl Pts',(-14.0000002088172,5.80454961222766,2.));
#5524=CARTESIAN_POINT('',(-14.0000002086163,6.79776496725813,2.));
#5525=CARTESIAN_POINT('',(-14.0000002086163,6.79776496725813,2.));
#5526=CARTESIAN_POINT('',(-6.44741412225143,1.,2.));
#5527=CARTESIAN_POINT('Ctrl Pts',(-14.0000002086163,6.79776496725813,2.));
#5528=CARTESIAN_POINT('Ctrl Pts',(-13.3837395746227,6.79367807292692,2.));
#5529=CARTESIAN_POINT('Ctrl Pts',(-12.2383383886365,6.70171522980243,2.));
#5530=CARTESIAN_POINT('Ctrl Pts',(-10.7813611169019,6.31263527908546,2.));
#5531=CARTESIAN_POINT('Ctrl Pts',(-9.2883916778579,5.36550915722612,2.));
#5532=CARTESIAN_POINT('Ctrl Pts',(-8.06193873838483,3.91078995434439,2.));
#5533=CARTESIAN_POINT('Ctrl Pts',(-7.28857437354901,2.65403573578248,2.));
#5534=CARTESIAN_POINT('Ctrl Pts',(-6.80170582745491,1.73236354193134,2.));
#5535=CARTESIAN_POINT('Ctrl Pts',(-6.53193489136777,1.17821646587254,2.));
#5536=CARTESIAN_POINT('Ctrl Pts',(-6.44741412225143,1.,2.));
#5537=CARTESIAN_POINT('',(6.3257911829991,0.999999999999999,2.));
#5538=CARTESIAN_POINT('',(-24.9999999701977,1.,2.));
#5539=CARTESIAN_POINT('',(13.8783772693639,6.79776496725813,2.));
#5540=CARTESIAN_POINT('Ctrl Pts',(6.3257911829991,0.999999999999999,2.));
#5541=CARTESIAN_POINT('Ctrl Pts',(6.41031195211543,1.17821646587254,2.));
#5542=CARTESIAN_POINT('Ctrl Pts',(6.68008288820257,1.73236354193134,2.));
#5543=CARTESIAN_POINT('Ctrl Pts',(7.16695143429667,2.65403573578248,2.));
#5544=CARTESIAN_POINT('Ctrl Pts',(7.9403157991325,3.91078995434439,2.));
#5545=CARTESIAN_POINT('Ctrl Pts',(9.16676873860558,5.36550915722612,2.));
#5546=CARTESIAN_POINT('Ctrl Pts',(10.6597381776496,6.31263527908546,2.));
#5547=CARTESIAN_POINT('Ctrl Pts',(12.1167154493842,6.70171522980243,2.));
#5548=CARTESIAN_POINT('Ctrl Pts',(13.2621166353704,6.79367807292692,2.));
#5549=CARTESIAN_POINT('Ctrl Pts',(13.8783772693639,6.79776496725813,2.));
#5550=CARTESIAN_POINT('',(13.8783772695649,5.80454961222766,2.));
#5551=CARTESIAN_POINT('',(13.8783772693639,6.79776496725813,2.));
#5552=CARTESIAN_POINT('',(7.41171611982602,1.,2.));
#5553=CARTESIAN_POINT('Ctrl Pts',(13.8783772695649,5.80454961222766,2.));
#5554=CARTESIAN_POINT('Ctrl Pts',(13.3776628184304,5.80356270756631,2.));
#5555=CARTESIAN_POINT('Ctrl Pts',(12.4440078600239,5.73813333618476,2.));
#5556=CARTESIAN_POINT('Ctrl Pts',(11.246661862466,5.44979001823083,2.));
#5557=CARTESIAN_POINT('Ctrl Pts',(9.99827726471234,4.73409754752748,2.));
#5558=CARTESIAN_POINT('Ctrl Pts',(8.93546968738016,3.58553400282893,2.));
#5559=CARTESIAN_POINT('Ctrl Pts',(8.23052827046619,2.52403067462622,2.));
#5560=CARTESIAN_POINT('Ctrl Pts',(7.76389591384898,1.69146831351315,2.));
#5561=CARTESIAN_POINT('Ctrl Pts',(7.49608319906995,1.16911785749034,2.));
#5562=CARTESIAN_POINT('Ctrl Pts',(7.41171611982601,1.,2.));
#5563=CARTESIAN_POINT('',(14.0000002831221,1.,2.));
#5564=CARTESIAN_POINT('',(-24.9999999701977,1.,2.));
#5565=CARTESIAN_POINT('',(14.0000002831221,5.,2.));
#5566=CARTESIAN_POINT('',(14.0000002831221,1.,2.));
#5567=CARTESIAN_POINT('',(19.0000002831221,5.,2.));
#5568=CARTESIAN_POINT('',(14.0000002831221,5.,2.));
#5569=CARTESIAN_POINT('',(19.0000002831221,4.,2.));
#5570=CARTESIAN_POINT('',(19.0000002831221,5.,2.));
#5571=CARTESIAN_POINT('',(22.0000008549894,7.,2.));
#5572=CARTESIAN_POINT('Origin',(22.0000007748604,4.,2.));
#5573=CARTESIAN_POINT('',(25.0000007748604,7.,2.));
#5574=CARTESIAN_POINT('',(-4.49999977275932,11.,2.));
#5575=CARTESIAN_POINT('Origin',(2.27240676880362E-7,11.,2.));
#5576=CARTESIAN_POINT('Origin',(-14.2499998658977,18.1013138276146,2.75));
#5577=CARTESIAN_POINT('',(-14.9999998658977,22.5,3.5));
#5578=CARTESIAN_POINT('',(-14.9999998658977,20.2273103102069,3.5));
#5579=CARTESIAN_POINT('',(-14.9999998658977,18.1013138276146,3.5));
#5580=CARTESIAN_POINT('',(-14.5513459537614,21.0044016814046,3.05134608786369));
#5581=CARTESIAN_POINT('',(-14.6887716937202,20.766373317417,3.18877182782253));
#5582=CARTESIAN_POINT('Ctrl Pts',(-13.4999998658977,20.4910331383442,2.));
#5583=CARTESIAN_POINT('Ctrl Pts',(-13.6814891679525,20.563193458307,2.18148930205481));
#5584=CARTESIAN_POINT('Ctrl Pts',(-13.8611808756131,20.6435314523391,2.36118706816716));
#5585=CARTESIAN_POINT('Ctrl Pts',(-14.0391208011297,20.7310127918865,2.53912653539784));
#5586=CARTESIAN_POINT('Ctrl Pts',(-14.2115011658713,20.815760861638,2.71150645617224));
#5587=CARTESIAN_POINT('Ctrl Pts',(-14.3822361002236,20.9072099758978,2.88223623432596));
#5588=CARTESIAN_POINT('Ctrl Pts',(-14.5513459537614,21.0044016814046,3.05134608786369));
#5589=CARTESIAN_POINT('',(-13.4999998658977,24.,2.));
#5590=CARTESIAN_POINT('Origin',(-7.49999971175091,23.25,2.75));
#5591=CARTESIAN_POINT('',(-11.2499997888243,22.5,3.5));
#5592=CARTESIAN_POINT('Origin',(-14.5513459537614,21.0044016814046,5.43643828026131E-16));
#5593=CARTESIAN_POINT('',(-14.9999998658977,20.2273103102069,8.));
#5594=CARTESIAN_POINT('',(-14.9999998658977,20.2273103102069,5.43643828003896E-16));
#5595=CARTESIAN_POINT('',(-14.5513459537614,21.0044016814046,8.));
#5596=CARTESIAN_POINT('',(-15.0479536311026,20.144251952419,8.));
#5597=CARTESIAN_POINT('',(-14.5513459537614,21.0044016814046,5.43643828026131E-16));
#5598=CARTESIAN_POINT('Origin',(-14.9999998658977,20.2273103102069,0.));
#5599=CARTESIAN_POINT('',(-14.9999998658977,22.5,8.));
#5600=CARTESIAN_POINT('',(-14.9999998658977,22.5,0.));
#5601=CARTESIAN_POINT('',(-14.9999998658977,22.5,8.));
#5602=CARTESIAN_POINT('Origin',(-14.9999998658977,22.5,0.));
#5603=CARTESIAN_POINT('',(-20.9999998658977,22.5,0.));
#5604=CARTESIAN_POINT('',(-20.9999998658977,22.5,0.));
#5605=CARTESIAN_POINT('',(-20.9999998658977,22.5,8.));
#5606=CARTESIAN_POINT('',(-20.9999998658977,22.5,0.));
#5607=CARTESIAN_POINT('',(-20.9999998658977,22.5,8.));
#5608=CARTESIAN_POINT('Origin',(-14.2499998658977,15.7376586725111,2.75));
#5609=CARTESIAN_POINT('',(-14.9999998658977,20.1171440911806,3.5));
#5610=CARTESIAN_POINT('Ctrl Pts',(-14.9999998658977,20.1171440911806,3.5));
#5611=CARTESIAN_POINT('Ctrl Pts',(-14.7692071082194,19.9874306231001,3.26920724232168));
#5612=CARTESIAN_POINT('Ctrl Pts',(-14.5360400266525,19.8672573490216,3.0360347305411));
#5613=CARTESIAN_POINT('Ctrl Pts',(-14.3003095093106,19.7582434548919,2.80030427576605));
#5614=CARTESIAN_POINT('Ctrl Pts',(-14.0753486317493,19.6542099951333,2.5753434579133));
#5615=CARTESIAN_POINT('Ctrl Pts',(-13.848054512686,19.5603453532947,2.34805308361431));
#5616=CARTESIAN_POINT('Ctrl Pts',(-13.6182784881495,19.478055458018,2.1182782875426));
#5617=CARTESIAN_POINT('Ctrl Pts',(-13.5789253157077,19.4639618708147,2.0789253254969));
#5618=CARTESIAN_POINT('Ctrl Pts',(-13.5394993548802,19.4502076777183,2.03949948898253));
#5619=CARTESIAN_POINT('Ctrl Pts',(-13.4999998658977,19.4367997460603,2.));
#5620=CARTESIAN_POINT('',(-14.9999998658977,15.5,3.5));
#5621=CARTESIAN_POINT('',(-14.9999998658977,15.7376586725111,3.5));
#5622=CARTESIAN_POINT('',(-14.9999998658977,15.5,3.5));
#5623=CARTESIAN_POINT('Origin',(-10.4999997117509,14.75,2.75));
#5624=CARTESIAN_POINT('',(-15.7499997888243,15.5,3.5));
#5625=CARTESIAN_POINT('Origin',(-21.9999999701977,4.0000000894,0.6));
#5626=CARTESIAN_POINT('',(-23.4999999701977,4.0000000894,1.2));
#5627=CARTESIAN_POINT('Origin',(-21.9999999701977,4.0000000894,1.2));
#5628=CARTESIAN_POINT('',(-24.6999999701977,4.0000000894,0.));
#5629=CARTESIAN_POINT('',(-24.0999999701977,4.0000000894,0.6));
#5630=CARTESIAN_POINT('Origin',(-21.9999999701977,4.0000000894,0.));
#5631=CARTESIAN_POINT('Origin',(-1.71453132140085,32.0760388448792,0.));
#5632=CARTESIAN_POINT('',(21.0000007748604,22.5000001042973,0.));
#5633=CARTESIAN_POINT('',(25.0000007748604,7.,0.));
#5634=CARTESIAN_POINT('',(25.0000007748604,7.,0.));
#5635=CARTESIAN_POINT('',(25.0000007748604,1.,0.));
#5636=CARTESIAN_POINT('',(25.0000007748604,1.,0.));
#5637=CARTESIAN_POINT('',(27.,1.,0.));
#5638=CARTESIAN_POINT('',(27.,1.,0.));
#5639=CARTESIAN_POINT('',(27.,0.,0.));
#5640=CARTESIAN_POINT('',(27.,0.,0.));
#5641=CARTESIAN_POINT('',(-27.,0.,0.));
#5642=CARTESIAN_POINT('',(-27.,0.,0.));
#5643=CARTESIAN_POINT('',(-27.,1.,0.));
#5644=CARTESIAN_POINT('',(-27.,0.,0.));
#5645=CARTESIAN_POINT('',(-24.9999999701977,1.,0.));
#5646=CARTESIAN_POINT('',(-24.9999999701977,1.,0.));
#5647=CARTESIAN_POINT('',(-24.9999999701977,7.0000000894,0.));
#5648=CARTESIAN_POINT('',(-24.9999999701977,1.,0.));
#5649=CARTESIAN_POINT('',(-17.9999998658977,7.0000000894,0.));
#5650=CARTESIAN_POINT('',(-24.9999999701977,7.0000000894,0.));
#5651=CARTESIAN_POINT('',(-17.9999998658977,7.0000000894,0.));
#5652=CARTESIAN_POINT('',(-20.9999998658977,15.5,0.));
#5653=CARTESIAN_POINT('',(19.3000007748604,4.,0.));
#5654=CARTESIAN_POINT('Origin',(22.0000007748604,4.,0.));
#5655=CARTESIAN_POINT('',(-18.9999999801318,3.99975594879258,0.));
#5656=CARTESIAN_POINT('',(-18.9999999998124,3.3599760858792,0.));
#5657=CARTESIAN_POINT('',(-19.,4.,0.));
#5658=CARTESIAN_POINT('',(-19.0473806101567,3.46892672844975,0.));
#5659=CARTESIAN_POINT('Origin',(-21.9999999701977,4.0000000894,0.));
#5660=CARTESIAN_POINT('Origin',(-1.69682573167287E-6,11.6875001564589,0.));
#5661=CARTESIAN_POINT('',(-4.49999977275932,11.,0.));
#5662=CARTESIAN_POINT('Origin',(2.27240676880362E-7,11.,0.));
#5663=CARTESIAN_POINT('Origin',(-21.9999999701977,4.0000000894,0.));
#5664=CARTESIAN_POINT('',(-23.4999999701977,4.0000000894,8.));
#5665=CARTESIAN_POINT('Origin',(-21.9999999701977,4.0000000894,8.));
#5666=CARTESIAN_POINT('',(-23.4999999701977,4.0000000894,0.));
#5667=CARTESIAN_POINT('Origin',(22.0000007748604,4.,0.6));
#5668=CARTESIAN_POINT('',(20.5000007748604,4.,1.2));
#5669=CARTESIAN_POINT('Origin',(22.0000007748604,4.,1.2));
#5670=CARTESIAN_POINT('',(19.9000007748604,4.,0.6));
#5671=CARTESIAN_POINT('Origin',(22.0000007748604,4.,0.));
#5672=CARTESIAN_POINT('',(20.5000007748604,4.,8.));
#5673=CARTESIAN_POINT('Origin',(22.0000007748604,4.,8.));
#5674=CARTESIAN_POINT('',(20.5000007748604,4.,0.));
#5675=CARTESIAN_POINT('Origin',(-10.9378518645546,28.7924767651699,0.));
#5676=CARTESIAN_POINT('',(-10.9378518645545,27.5981744308293,12.));
#5677=CARTESIAN_POINT('',(-10.9378518645545,27.5981744308293,0.));
#5678=CARTESIAN_POINT('',(-10.9378518645492,28.7924767651699,12.));
#5679=CARTESIAN_POINT('',(-10.9378518645546,27.5981744308295,12.));
#5680=CARTESIAN_POINT('',(-10.9378518645492,28.7924767651699,0.));
#5681=CARTESIAN_POINT('Origin',(-0.003124374121261,11.4414914093617,0.));
#5682=CARTESIAN_POINT('',(10.9362944937395,27.5949983468569,12.));
#5683=CARTESIAN_POINT('',(10.9362944937395,27.5949983468569,0.));
#5684=CARTESIAN_POINT('Origin',(-0.003124374121261,11.4414914093617,12.));
#5685=CARTESIAN_POINT('Origin',(10.9362944937395,27.5949983468569,0.));
#5686=CARTESIAN_POINT('',(10.9362944937395,28.7895193359268,12.));
#5687=CARTESIAN_POINT('',(10.9362944937395,28.7895193359268,0.));
#5688=CARTESIAN_POINT('',(10.9362944937395,27.5949983468569,12.));
#5689=CARTESIAN_POINT('Origin',(-0.003124374121261,11.4414914093617,0.));
#5690=CARTESIAN_POINT('Origin',(-0.003124374121261,11.4414914093617,12.));
#5691=CARTESIAN_POINT('',(8.87768893422031,29.9281382954191,8.));
#5692=CARTESIAN_POINT('',(8.87768893422031,29.9281382954191,0.));
#5693=CARTESIAN_POINT('',(8.08053026169182,30.2903504155798,8.));
#5694=CARTESIAN_POINT('Origin',(-0.003124374121261,11.4414914093617,8.));
#5695=CARTESIAN_POINT('',(8.08053026169182,30.2903504155798,2.));
#5696=CARTESIAN_POINT('',(8.08053026169182,30.2903504155798,0.));
#5697=CARTESIAN_POINT('',(6.15026605395264,31.0057635488275,2.));
#5698=CARTESIAN_POINT('Origin',(-0.003124374121261,11.4414914093617,2.));
#5699=CARTESIAN_POINT('',(6.15026605395264,31.0057635488275,8.));
#5700=CARTESIAN_POINT('',(6.15026605395264,31.0057635488275,0.));
#5701=CARTESIAN_POINT('',(5.29194127858172,31.2553057276841,8.));
#5702=CARTESIAN_POINT('Origin',(-0.003124374121261,11.4414914093617,8.));
#5703=CARTESIAN_POINT('',(5.29194127858172,31.2553057276841,2.));
#5704=CARTESIAN_POINT('',(5.29194127858172,31.2553057276841,0.));
#5705=CARTESIAN_POINT('',(2.93686460773001,31.738816920226,2.));
#5706=CARTESIAN_POINT('Origin',(-0.003124374121261,11.4414914093617,2.));
#5707=CARTESIAN_POINT('',(2.93686460773001,31.738816920226,8.));
#5708=CARTESIAN_POINT('',(2.93686460773001,31.738816920226,0.));
#5709=CARTESIAN_POINT('',(2.03827657248095,31.8487852104173,8.));
#5710=CARTESIAN_POINT('Origin',(-0.003124374121261,11.4414914093617,8.));
#5711=CARTESIAN_POINT('',(2.03827657248095,31.8487852104173,2.));
#5712=CARTESIAN_POINT('',(2.03827657248095,31.8487852104173,0.));
#5713=CARTESIAN_POINT('',(0.458218129556596,31.9454452037325,2.));
#5714=CARTESIAN_POINT('Origin',(-0.003124374121261,11.4414914093617,2.));
#5715=CARTESIAN_POINT('',(0.458218129556596,31.9454452037325,8.));
#5716=CARTESIAN_POINT('',(0.458218129556596,31.9454452037325,0.));
#5717=CARTESIAN_POINT('',(-0.451430638139341,31.9457343751733,8.));
#5718=CARTESIAN_POINT('Origin',(-0.003124374121261,11.4414914093617,8.));
#5719=CARTESIAN_POINT('',(-0.451430638139341,31.9457343751733,2.));
#5720=CARTESIAN_POINT('',(-0.451430638139341,31.9457343751733,0.));
#5721=CARTESIAN_POINT('',(-2.88076207230752,31.7477505278052,2.));
#5722=CARTESIAN_POINT('Origin',(-0.003124374121261,11.4414914093617,2.));
#5723=CARTESIAN_POINT('',(-2.88076207230752,31.7477505278052,8.));
#5724=CARTESIAN_POINT('',(-2.88076207230752,31.7477505278052,0.));
#5725=CARTESIAN_POINT('',(-3.7701257566372,31.6017160780382,8.));
#5726=CARTESIAN_POINT('Origin',(-0.003124374121261,11.4414914093617,8.));
#5727=CARTESIAN_POINT('',(-3.7701257566372,31.6017160780382,2.));
#5728=CARTESIAN_POINT('',(-3.7701257566372,31.6017160780382,0.));
#5729=CARTESIAN_POINT('',(-5.36346773652796,31.2377455283735,2.));
#5730=CARTESIAN_POINT('Origin',(-0.003124374121261,11.4414914093617,2.));
#5731=CARTESIAN_POINT('',(-5.36346773652796,31.2377455283735,8.));
#5732=CARTESIAN_POINT('',(-5.36346773652796,31.2377455283735,0.));
#5733=CARTESIAN_POINT('',(-6.29270549726669,30.9624065365468,8.));
#5734=CARTESIAN_POINT('Origin',(-0.003124374121261,11.4414914093617,8.));
#5735=CARTESIAN_POINT('',(-6.29270549726669,30.9624065365468,2.));
#5736=CARTESIAN_POINT('',(-6.29270549726669,30.9624065365468,0.));
#5737=CARTESIAN_POINT('',(-8.18883108954798,30.2462557970484,2.));
#5738=CARTESIAN_POINT('Origin',(-0.003124374121261,11.4414914093617,2.));
#5739=CARTESIAN_POINT('',(-8.18883108954798,30.2462557970484,8.));
#5740=CARTESIAN_POINT('',(-8.18883108954798,30.2462557970484,0.));
#5741=CARTESIAN_POINT('',(-8.97854201052042,29.8823925901502,8.));
#5742=CARTESIAN_POINT('Origin',(-0.003124374121261,11.4414914093617,8.));
#5743=CARTESIAN_POINT('',(-8.97854201052042,29.8823925901502,0.));
#5744=CARTESIAN_POINT('Origin',(-0.000778685407549773,29.7728165184485,
12.));
#5745=CARTESIAN_POINT('Origin',(-3.32624619604623,31.6796192739891,0.));
#5746=CARTESIAN_POINT('Origin',(-3.32624619604623,31.6796192739891,2.));
#5747=CARTESIAN_POINT('Origin',(-3.32624619604623,31.6796192739891,2.));
#5748=CARTESIAN_POINT('Origin',(-3.32624619604623,31.6796192739891,8.));
#5749=CARTESIAN_POINT('Origin',(-3.32883609609604,31.8659996379315,8.));
#5750=CARTESIAN_POINT('Origin',(2.4881774263509,31.7987597292105,0.));
#5751=CARTESIAN_POINT('Origin',(2.4881774263509,31.7987597292105,2.));
#5752=CARTESIAN_POINT('Origin',(2.4881774263509,31.7987597292105,8.));
#5753=CARTESIAN_POINT('Origin',(2.4881774263509,31.7987597292105,2.));
#5754=CARTESIAN_POINT('Origin',(2.48956376569714,31.995125090998,8.));
#5755=CARTESIAN_POINT('Origin',(15.0000007748604,22.5000001042973,0.));
#5756=CARTESIAN_POINT('',(15.0000007748604,15.4999999999891,8.));
#5757=CARTESIAN_POINT('',(15.0000007748604,15.4999999999891,0.));
#5758=CARTESIAN_POINT('',(15.0000007748604,15.4999999999891,8.));
#5759=CARTESIAN_POINT('Origin',(15.0000007748604,15.4999999999891,0.));
#5760=CARTESIAN_POINT('',(21.0000007748604,15.4999999999973,8.));
#5761=CARTESIAN_POINT('',(21.0000007748604,15.4999999999973,0.));
#5762=CARTESIAN_POINT('',(21.0000007748604,15.4999999999973,8.));
#5763=CARTESIAN_POINT('Origin',(21.0000007748604,15.4999999999973,0.));
#5764=CARTESIAN_POINT('',(21.0000007748604,22.5000001042973,8.));
#5765=CARTESIAN_POINT('Origin',(18.0000007748604,19.0000000521432,8.));
#5766=CARTESIAN_POINT('Origin',(-19.,3.99975594879258,0.));
#5767=CARTESIAN_POINT('',(-18.9999999998124,3.3599760858792,2.));
#5768=CARTESIAN_POINT('',(-18.9999999998124,3.3599760858792,0.));
#5769=CARTESIAN_POINT('',(-19.,1.,2.));
#5770=CARTESIAN_POINT('',(-19.,4.,2.));
#5771=CARTESIAN_POINT('',(-19.,1.,8.));
#5772=CARTESIAN_POINT('',(-19.,1.,0.));
#5773=CARTESIAN_POINT('',(-18.9999999801318,3.99975594879258,8.));
#5774=CARTESIAN_POINT('',(-19.,4.,8.));
#5775=CARTESIAN_POINT('',(-18.9999999801318,3.99975594879258,0.));
#5776=CARTESIAN_POINT('Origin',(-19.,1.,0.));
#5777=CARTESIAN_POINT('',(-21.9999999701977,1.,2.));
#5778=CARTESIAN_POINT('',(-24.9999999701977,1.,2.));
#5779=CARTESIAN_POINT('',(-21.9999999701977,1.,8.));
#5780=CARTESIAN_POINT('',(-21.9999999701977,1.,0.));
#5781=CARTESIAN_POINT('',(-24.9999999701977,1.,8.));
#5782=CARTESIAN_POINT('Origin',(19.0000002831221,1.,0.));
#5783=CARTESIAN_POINT('',(19.0000002831221,1.,2.));
#5784=CARTESIAN_POINT('',(19.0000002831221,5.,2.));
#5785=CARTESIAN_POINT('',(19.0000002831221,4.,8.));
#5786=CARTESIAN_POINT('',(19.0000002831221,4.,0.));
#5787=CARTESIAN_POINT('',(19.0000002831221,1.,8.));
#5788=CARTESIAN_POINT('',(19.0000002831221,5.,8.));
#5789=CARTESIAN_POINT('',(19.0000002831221,1.,0.));
#5790=CARTESIAN_POINT('Origin',(27.,1.,0.));
#5791=CARTESIAN_POINT('',(25.0000007748604,1.,2.));
#5792=CARTESIAN_POINT('',(25.0000007748604,1.,0.));
#5793=CARTESIAN_POINT('',(22.0000007262729,1.,2.));
#5794=CARTESIAN_POINT('',(-24.9999999701977,1.,2.));
#5795=CARTESIAN_POINT('',(22.0000007748604,1.,8.));
#5796=CARTESIAN_POINT('',(22.0000007748604,1.,0.));
#5797=CARTESIAN_POINT('',(27.,1.,8.));
#5798=CARTESIAN_POINT('',(27.,1.,8.));
#5799=CARTESIAN_POINT('',(27.,1.,0.));
#5800=CARTESIAN_POINT('Origin',(22.0000007748604,4.,0.));
#5801=CARTESIAN_POINT('Origin',(22.0000007748604,4.,2.));
#5802=CARTESIAN_POINT('',(22.0000007748604,1.,0.));
#5803=CARTESIAN_POINT('Origin',(22.0000007748604,4.,8.));
#5804=CARTESIAN_POINT('',(19.0000002831221,4.,0.));
#5805=CARTESIAN_POINT('Origin',(19.0000002831221,1.,0.));
#5806=CARTESIAN_POINT('',(19.0000002831221,5.,8.));
#5807=CARTESIAN_POINT('',(19.0000002831221,5.,0.));
#5808=CARTESIAN_POINT('',(19.0000002831221,5.,8.));
#5809=CARTESIAN_POINT('Origin',(27.,1.,0.));
#5810=CARTESIAN_POINT('',(-24.9999999701977,1.,2.));
#5811=CARTESIAN_POINT('',(27.,1.,8.));
#5812=CARTESIAN_POINT('Origin',(6.3257911829991,1.,0.));
#5813=CARTESIAN_POINT('',(-6.44741412225143,1.,8.));
#5814=CARTESIAN_POINT('',(-6.44741412225143,1.,0.));
#5815=CARTESIAN_POINT('',(6.3257911829991,0.999999999999999,8.));
#5816=CARTESIAN_POINT('',(-24.9999999701977,1.,8.));
#5817=CARTESIAN_POINT('',(6.3257911829991,0.999999999999999,-3.81281209593636E-16));
#5818=CARTESIAN_POINT('Ctrl Pts',(13.8783772693639,6.79776496725813,5.43643828001519E-16));
#5819=CARTESIAN_POINT('Ctrl Pts',(13.8783772693639,6.79776496725813,8.));
#5820=CARTESIAN_POINT('Ctrl Pts',(13.2621166353704,6.79367807292692,4.68173666715446E-16));
#5821=CARTESIAN_POINT('Ctrl Pts',(13.2621166353704,6.79367807292692,8.));
#5822=CARTESIAN_POINT('Ctrl Pts',(12.1167154493842,6.70171522980243,3.27902477099693E-16));
#5823=CARTESIAN_POINT('Ctrl Pts',(12.1167154493842,6.70171522980243,8.));
#5824=CARTESIAN_POINT('Ctrl Pts',(10.6597381776496,6.31263527908546,1.49474221873666E-16));
#5825=CARTESIAN_POINT('Ctrl Pts',(10.6597381776496,6.31263527908546,8.));
#5826=CARTESIAN_POINT('Ctrl Pts',(9.16676873860558,5.36550915722612,-3.33618026013514E-17));
#5827=CARTESIAN_POINT('Ctrl Pts',(9.16676873860558,5.36550915722612,8.));
#5828=CARTESIAN_POINT('Ctrl Pts',(7.9403157991325,3.91078995434439,-1.83558969264412E-16));
#5829=CARTESIAN_POINT('Ctrl Pts',(7.9403157991325,3.91078995434439,8.));
#5830=CARTESIAN_POINT('Ctrl Pts',(7.16695143429667,2.65403573578248,-2.78268788661492E-16));
#5831=CARTESIAN_POINT('Ctrl Pts',(7.16695143429667,2.65403573578248,8.));
#5832=CARTESIAN_POINT('Ctrl Pts',(6.68008288820257,1.73236354193134,-3.37892989319451E-16));
#5833=CARTESIAN_POINT('Ctrl Pts',(6.68008288820257,1.73236354193134,8.));
#5834=CARTESIAN_POINT('Ctrl Pts',(6.41031195211544,1.17821646587254,-3.70930400657657E-16));
#5835=CARTESIAN_POINT('Ctrl Pts',(6.41031195211544,1.17821646587254,8.));
#5836=CARTESIAN_POINT('Ctrl Pts',(6.3257911829991,0.999999999999999,-3.81281209593636E-16));
#5837=CARTESIAN_POINT('Ctrl Pts',(6.3257911829991,0.999999999999999,8.));
#5838=CARTESIAN_POINT('',(13.8783772693639,6.79776496725813,8.));
#5839=CARTESIAN_POINT('Ctrl Pts',(13.8783772693639,6.79776496725813,8.));
#5840=CARTESIAN_POINT('Ctrl Pts',(13.2621166353704,6.79367807292692,8.));
#5841=CARTESIAN_POINT('Ctrl Pts',(12.1167154493842,6.70171522980243,8.));
#5842=CARTESIAN_POINT('Ctrl Pts',(10.6597381776496,6.31263527908546,8.));
#5843=CARTESIAN_POINT('Ctrl Pts',(9.16676873860558,5.36550915722612,8.));
#5844=CARTESIAN_POINT('Ctrl Pts',(7.9403157991325,3.91078995434439,8.));
#5845=CARTESIAN_POINT('Ctrl Pts',(7.16695143429667,2.65403573578248,8.));
#5846=CARTESIAN_POINT('Ctrl Pts',(6.68008288820257,1.73236354193134,8.));
#5847=CARTESIAN_POINT('Ctrl Pts',(6.41031195211543,1.17821646587254,8.));
#5848=CARTESIAN_POINT('Ctrl Pts',(6.3257911829991,0.999999999999999,8.));
#5849=CARTESIAN_POINT('',(13.8783772693639,6.79776496725813,5.43643828001519E-16));
#5850=CARTESIAN_POINT('Origin',(13.8783772695649,5.80454961222766,5.43643828026131E-16));
#5851=CARTESIAN_POINT('',(13.8783772695649,5.80454961222766,8.));
#5852=CARTESIAN_POINT('',(13.8783772693639,6.79776496725813,8.));
#5853=CARTESIAN_POINT('',(13.8783772695649,5.80454961222766,5.43643828026131E-16));
#5854=CARTESIAN_POINT('Ctrl Pts',(7.41171611982602,1.,-2.48293759793697E-16));
#5855=CARTESIAN_POINT('Ctrl Pts',(7.41171611982602,1.,8.));
#5856=CARTESIAN_POINT('Ctrl Pts',(7.49608319906995,1.16911785749034,-2.37961772438748E-16));
#5857=CARTESIAN_POINT('Ctrl Pts',(7.49608319906995,1.16911785749034,8.));
#5858=CARTESIAN_POINT('Ctrl Pts',(7.76389591384898,1.69146831351315,-2.0516417404624E-16));
#5859=CARTESIAN_POINT('Ctrl Pts',(7.76389591384898,1.69146831351315,8.));
#5860=CARTESIAN_POINT('Ctrl Pts',(8.23052827046619,2.52403067462622,-1.48018191855259E-16));
#5861=CARTESIAN_POINT('Ctrl Pts',(8.23052827046619,2.52403067462622,8.));
#5862=CARTESIAN_POINT('Ctrl Pts',(8.93546968738016,3.58553400282893,-6.16877668742515E-17));
#5863=CARTESIAN_POINT('Ctrl Pts',(8.93546968738016,3.58553400282893,8.));
#5864=CARTESIAN_POINT('Ctrl Pts',(9.99827726471234,4.73409754752748,6.84686228946911E-17));
#5865=CARTESIAN_POINT('Ctrl Pts',(9.99827726471234,4.73409754752748,8.));
#5866=CARTESIAN_POINT('Ctrl Pts',(11.246661862466,5.44979001823083,2.21351643069079E-16));
#5867=CARTESIAN_POINT('Ctrl Pts',(11.246661862466,5.44979001823083,8.));
#5868=CARTESIAN_POINT('Ctrl Pts',(12.4440078600239,5.73813333618476,3.67984237407203E-16));
#5869=CARTESIAN_POINT('Ctrl Pts',(12.4440078600239,5.73813333618476,8.));
#5870=CARTESIAN_POINT('Ctrl Pts',(13.3776628184304,5.80356270756631,4.82323993039257E-16));
#5871=CARTESIAN_POINT('Ctrl Pts',(13.3776628184304,5.80356270756631,8.));
#5872=CARTESIAN_POINT('Ctrl Pts',(13.8783772695649,5.80454961222766,5.43643828026131E-16));
#5873=CARTESIAN_POINT('Ctrl Pts',(13.8783772695649,5.80454961222766,8.));
#5874=CARTESIAN_POINT('',(7.41171611982602,1.,8.));
#5875=CARTESIAN_POINT('Ctrl Pts',(7.41171611982601,1.,8.));
#5876=CARTESIAN_POINT('Ctrl Pts',(7.49608319906995,1.16911785749034,8.));
#5877=CARTESIAN_POINT('Ctrl Pts',(7.76389591384898,1.69146831351315,8.));
#5878=CARTESIAN_POINT('Ctrl Pts',(8.23052827046619,2.52403067462622,8.));
#5879=CARTESIAN_POINT('Ctrl Pts',(8.93546968738016,3.58553400282893,8.));
#5880=CARTESIAN_POINT('Ctrl Pts',(9.99827726471234,4.73409754752748,8.));
#5881=CARTESIAN_POINT('Ctrl Pts',(11.246661862466,5.44979001823083,8.));
#5882=CARTESIAN_POINT('Ctrl Pts',(12.4440078600239,5.73813333618476,8.));
#5883=CARTESIAN_POINT('Ctrl Pts',(13.3776628184304,5.80356270756631,8.));
#5884=CARTESIAN_POINT('Ctrl Pts',(13.8783772695649,5.80454961222766,8.));
#5885=CARTESIAN_POINT('',(7.41171611982602,1.,-2.48293759793697E-16));
#5886=CARTESIAN_POINT('Origin',(14.0000002831221,1.,0.));
#5887=CARTESIAN_POINT('',(14.0000002831221,1.,8.));
#5888=CARTESIAN_POINT('',(-24.9999999701977,1.,8.));
#5889=CARTESIAN_POINT('',(14.0000002831221,1.,0.));
#5890=CARTESIAN_POINT('Origin',(14.0000002831221,5.,0.));
#5891=CARTESIAN_POINT('',(14.0000002831221,5.,8.));
#5892=CARTESIAN_POINT('',(14.0000002831221,1.,8.));
#5893=CARTESIAN_POINT('',(14.0000002831221,5.,0.));
#5894=CARTESIAN_POINT('Origin',(19.0000002831221,5.,0.));
#5895=CARTESIAN_POINT('',(14.0000002831221,5.,8.));
#5896=CARTESIAN_POINT('Origin',(27.,0.,0.));
#5897=CARTESIAN_POINT('',(27.,0.,8.));
#5898=CARTESIAN_POINT('',(27.,0.,8.));
#5899=CARTESIAN_POINT('',(27.,0.,0.));
#5900=CARTESIAN_POINT('Origin',(-27.,0.,0.));
#5901=CARTESIAN_POINT('',(-27.,0.,8.));
#5902=CARTESIAN_POINT('',(-27.,0.,8.));
#5903=CARTESIAN_POINT('',(-27.,0.,0.));
#5904=CARTESIAN_POINT('Origin',(-27.,1.,0.));
#5905=CARTESIAN_POINT('',(-27.,1.,8.));
#5906=CARTESIAN_POINT('',(-27.,0.,8.));
#5907=CARTESIAN_POINT('',(-27.,1.,0.));
#5908=CARTESIAN_POINT('Origin',(-21.9999999701977,1.,0.));
#5909=CARTESIAN_POINT('',(-24.9999999701977,1.,2.));
#5910=CARTESIAN_POINT('',(-24.9999999701977,1.,0.));
#5911=CARTESIAN_POINT('',(-24.9999999701977,1.,8.));
#5912=CARTESIAN_POINT('',(-24.9999999701977,1.,2.));
#5913=CARTESIAN_POINT('Origin',(-21.9999999701977,4.0000000894,0.));
#5914=CARTESIAN_POINT('',(-19.0473806101567,3.46892672844975,2.));
#5915=CARTESIAN_POINT('',(-19.0473806101567,3.46892672844975,0.));
#5916=CARTESIAN_POINT('Origin',(-21.9999999701977,4.0000000894,8.));
#5917=CARTESIAN_POINT('',(-21.9999999701977,1.,0.));
#5918=CARTESIAN_POINT('Origin',(-21.9999999701977,4.0000000894,2.));
#5919=CARTESIAN_POINT('Origin',(-21.9999999701977,4.0000000894,0.));
#5920=CARTESIAN_POINT('',(-24.9999999701977,4.0000000894,2.));
#5921=CARTESIAN_POINT('Origin',(-21.9999999701977,4.0000000894,2.));
#5922=CARTESIAN_POINT('',(-19.,4.,8.));
#5923=CARTESIAN_POINT('Origin',(-21.9999999701977,4.0000000894,8.));
#5924=CARTESIAN_POINT('',(-19.,4.,0.));
#5925=CARTESIAN_POINT('Origin',(-21.9999999701977,4.0000000894,2.));
#5926=CARTESIAN_POINT('Origin',(-14.,4.,0.));
#5927=CARTESIAN_POINT('',(-14.,4.,8.));
#5928=CARTESIAN_POINT('',(-14.,4.,8.));
#5929=CARTESIAN_POINT('',(-14.,4.,0.));
#5930=CARTESIAN_POINT('Origin',(-14.,1.,0.));
#5931=CARTESIAN_POINT('',(-14.,1.,8.));
#5932=CARTESIAN_POINT('',(-14.,0.,8.));
#5933=CARTESIAN_POINT('',(-14.,1.,0.));
#5934=CARTESIAN_POINT('Origin',(-7.53333905907833,1.,0.));
#5935=CARTESIAN_POINT('',(-7.53333905907833,1.,8.));
#5936=CARTESIAN_POINT('',(-24.9999999701977,1.,8.));
#5937=CARTESIAN_POINT('',(-7.53333905907833,1.,0.));
#5938=CARTESIAN_POINT('Ctrl Pts',(-14.0000002088172,5.80454961222766,0.));
#5939=CARTESIAN_POINT('Ctrl Pts',(-14.0000002088172,5.80454961222766,8.));
#5940=CARTESIAN_POINT('Ctrl Pts',(-13.4992857576827,5.80356270756631,0.));
#5941=CARTESIAN_POINT('Ctrl Pts',(-13.4992857576827,5.80356270756631,8.));
#5942=CARTESIAN_POINT('Ctrl Pts',(-12.5656307992762,5.73813333618476,0.));
#5943=CARTESIAN_POINT('Ctrl Pts',(-12.5656307992762,5.73813333618476,8.));
#5944=CARTESIAN_POINT('Ctrl Pts',(-11.3682848017182,5.44979001823083,0.));
#5945=CARTESIAN_POINT('Ctrl Pts',(-11.3682848017182,5.44979001823083,8.));
#5946=CARTESIAN_POINT('Ctrl Pts',(-10.1199002039646,4.73409754752748,0.));
#5947=CARTESIAN_POINT('Ctrl Pts',(-10.1199002039646,4.73409754752748,8.));
#5948=CARTESIAN_POINT('Ctrl Pts',(-9.0570926266324,3.58553400282893,0.));
#5949=CARTESIAN_POINT('Ctrl Pts',(-9.0570926266324,3.58553400282893,8.));
#5950=CARTESIAN_POINT('Ctrl Pts',(-8.35215120971847,2.52403067462622,0.));
#5951=CARTESIAN_POINT('Ctrl Pts',(-8.35215120971847,2.52403067462622,8.));
#5952=CARTESIAN_POINT('Ctrl Pts',(-7.88551885310128,1.69146831351315,0.));
#5953=CARTESIAN_POINT('Ctrl Pts',(-7.88551885310128,1.69146831351315,8.));
#5954=CARTESIAN_POINT('Ctrl Pts',(-7.61770613832226,1.16911785749034,0.));
#5955=CARTESIAN_POINT('Ctrl Pts',(-7.61770613832226,1.16911785749034,8.));
#5956=CARTESIAN_POINT('Ctrl Pts',(-7.53333905907833,1.,0.));
#5957=CARTESIAN_POINT('Ctrl Pts',(-7.53333905907833,1.,8.));
#5958=CARTESIAN_POINT('',(-14.0000002088172,5.80454961222766,8.));
#5959=CARTESIAN_POINT('Ctrl Pts',(-14.0000002088172,5.80454961222766,8.));
#5960=CARTESIAN_POINT('Ctrl Pts',(-13.4992857576827,5.80356270756631,8.));
#5961=CARTESIAN_POINT('Ctrl Pts',(-12.5656307992762,5.73813333618476,8.));
#5962=CARTESIAN_POINT('Ctrl Pts',(-11.3682848017182,5.44979001823083,8.));
#5963=CARTESIAN_POINT('Ctrl Pts',(-10.1199002039646,4.73409754752748,8.));
#5964=CARTESIAN_POINT('Ctrl Pts',(-9.0570926266324,3.58553400282893,8.));
#5965=CARTESIAN_POINT('Ctrl Pts',(-8.35215120971847,2.52403067462622,8.));
#5966=CARTESIAN_POINT('Ctrl Pts',(-7.88551885310128,1.69146831351314,8.));
#5967=CARTESIAN_POINT('Ctrl Pts',(-7.61770613832227,1.16911785749034,8.));
#5968=CARTESIAN_POINT('Ctrl Pts',(-7.53333905907833,1.,8.));
#5969=CARTESIAN_POINT('',(-14.0000002088172,5.80454961222766,0.));
#5970=CARTESIAN_POINT('Origin',(-14.0000002086163,6.79776496725813,0.));
#5971=CARTESIAN_POINT('',(-14.0000002086163,6.79776496725813,8.));
#5972=CARTESIAN_POINT('',(-14.0000002086163,6.79776496725813,8.));
#5973=CARTESIAN_POINT('',(-14.0000002086163,6.79776496725813,0.));
#5974=CARTESIAN_POINT('Ctrl Pts',(-6.44741412225143,1.,0.));
#5975=CARTESIAN_POINT('Ctrl Pts',(-6.44741412225143,1.,8.));
#5976=CARTESIAN_POINT('Ctrl Pts',(-6.53193489136777,1.17821646587254,0.));
#5977=CARTESIAN_POINT('Ctrl Pts',(-6.53193489136777,1.17821646587254,8.));
#5978=CARTESIAN_POINT('Ctrl Pts',(-6.80170582745491,1.73236354193134,0.));
#5979=CARTESIAN_POINT('Ctrl Pts',(-6.80170582745491,1.73236354193134,8.));
#5980=CARTESIAN_POINT('Ctrl Pts',(-7.28857437354901,2.65403573578248,0.));
#5981=CARTESIAN_POINT('Ctrl Pts',(-7.28857437354901,2.65403573578248,8.));
#5982=CARTESIAN_POINT('Ctrl Pts',(-8.06193873838483,3.91078995434439,0.));
#5983=CARTESIAN_POINT('Ctrl Pts',(-8.06193873838483,3.91078995434439,8.));
#5984=CARTESIAN_POINT('Ctrl Pts',(-9.2883916778579,5.36550915722612,0.));
#5985=CARTESIAN_POINT('Ctrl Pts',(-9.2883916778579,5.36550915722612,8.));
#5986=CARTESIAN_POINT('Ctrl Pts',(-10.7813611169019,6.31263527908546,0.));
#5987=CARTESIAN_POINT('Ctrl Pts',(-10.7813611169019,6.31263527908546,8.));
#5988=CARTESIAN_POINT('Ctrl Pts',(-12.2383383886365,6.70171522980243,0.));
#5989=CARTESIAN_POINT('Ctrl Pts',(-12.2383383886365,6.70171522980243,8.));
#5990=CARTESIAN_POINT('Ctrl Pts',(-13.3837395746227,6.79367807292692,0.));
#5991=CARTESIAN_POINT('Ctrl Pts',(-13.3837395746227,6.79367807292692,8.));
#5992=CARTESIAN_POINT('Ctrl Pts',(-14.0000002086163,6.79776496725813,0.));
#5993=CARTESIAN_POINT('Ctrl Pts',(-14.0000002086163,6.79776496725813,8.));
#5994=CARTESIAN_POINT('Ctrl Pts',(-6.44741412225143,1.,8.));
#5995=CARTESIAN_POINT('Ctrl Pts',(-6.53193489136777,1.17821646587254,8.));
#5996=CARTESIAN_POINT('Ctrl Pts',(-6.80170582745491,1.73236354193134,8.));
#5997=CARTESIAN_POINT('Ctrl Pts',(-7.28857437354901,2.65403573578248,8.));
#5998=CARTESIAN_POINT('Ctrl Pts',(-8.06193873838483,3.91078995434439,8.));
#5999=CARTESIAN_POINT('Ctrl Pts',(-9.2883916778579,5.36550915722612,8.));
#6000=CARTESIAN_POINT('Ctrl Pts',(-10.7813611169019,6.31263527908546,8.));
#6001=CARTESIAN_POINT('Ctrl Pts',(-12.2383383886365,6.70171522980243,8.));
#6002=CARTESIAN_POINT('Ctrl Pts',(-13.3837395746227,6.79367807292692,8.));
#6003=CARTESIAN_POINT('Ctrl Pts',(-14.0000002086163,6.79776496725813,8.));
#6004=CARTESIAN_POINT('Origin',(0.,3.5000000447,8.));
#6005=CARTESIAN_POINT('Origin',(22.0000007748604,4.,0.));
#6006=CARTESIAN_POINT('Origin',(22.0000007748604,4.,8.));
#6007=CARTESIAN_POINT('',(25.0000007748604,4.00000010439541,2.));
#6008=CARTESIAN_POINT('Origin',(22.0000007748604,4.,2.));
#6009=CARTESIAN_POINT('Origin',(22.0000007748604,4.,2.));
#6010=CARTESIAN_POINT('Origin',(22.0000007748604,4.,8.));
#6011=CARTESIAN_POINT('Origin',(5.7224633234996,31.1352113125317,0.));
#6012=CARTESIAN_POINT('Origin',(5.7224633234996,31.1352113125317,2.));
#6013=CARTESIAN_POINT('Origin',(5.7224633234996,31.1352113125317,8.));
#6014=CARTESIAN_POINT('Origin',(5.7224633234996,31.1352113125317,2.));
#6015=CARTESIAN_POINT('Origin',(5.73068155047463,31.2939666801124,8.));
#6016=CARTESIAN_POINT('Origin',(0.00339534912036,31.9506336537502,0.));
#6017=CARTESIAN_POINT('Origin',(0.00339534912036,31.9506336537502,2.));
#6018=CARTESIAN_POINT('Origin',(0.00339534912036,31.9506336537502,8.));
#6019=CARTESIAN_POINT('Origin',(0.00339534912036,31.9506336537502,0.));
#6020=CARTESIAN_POINT('Origin',(0.00339534912036,31.9506336537502,2.));
#6021=CARTESIAN_POINT('Origin',(0.00339534912036,31.9506336537502,8.));
#6022=CARTESIAN_POINT('Origin',(0.00339534912035998,32.1748963415025,8.));
#6023=CARTESIAN_POINT('Origin',(-5.82971325783957,31.1055657605102,0.));
#6024=CARTESIAN_POINT('Origin',(-5.82971325783957,31.1055657605102,2.));
#6025=CARTESIAN_POINT('Origin',(-5.82971325783957,31.1055657605102,8.));
#6026=CARTESIAN_POINT('Origin',(-5.82971325783957,31.1055657605102,0.));
#6027=CARTESIAN_POINT('Origin',(-5.82971325783957,31.1055657605102,2.));
#6028=CARTESIAN_POINT('Origin',(-5.82971325783957,31.1055657605102,8.));
#6029=CARTESIAN_POINT('Origin',(-5.83890041091754,31.2745099647774,8.));
#6030=CARTESIAN_POINT('Origin',(-1.71453132140085,32.0760388448792,2.));
#6031=CARTESIAN_POINT('Origin',(-4.5854951061828,31.6809755051665,2.));
#6032=CARTESIAN_POINT('Origin',(-20.9999998658977,15.5,0.));
#6033=CARTESIAN_POINT('',(-14.9999998658977,15.5,8.));
#6034=CARTESIAN_POINT('',(-14.9999998658977,15.5,0.));
#6035=CARTESIAN_POINT('',(-20.9999998658977,15.5,8.));
#6036=CARTESIAN_POINT('',(-14.9999998658977,15.5,8.));
#6037=CARTESIAN_POINT('',(-20.9999998658977,15.5,0.));
#6038=CARTESIAN_POINT('Origin',(-14.9999998658977,15.5,0.));
#6039=CARTESIAN_POINT('',(-14.9999998658977,20.1171440911806,8.));
#6040=CARTESIAN_POINT('',(-14.9999998658977,20.1171440911806,5.36898092628662E-16));
#6041=CARTESIAN_POINT('',(-14.9999998658977,22.5,8.));
#6042=CARTESIAN_POINT('Ctrl Pts',(-14.9999998658977,20.1171440911806,5.36898092628662E-16));
#6043=CARTESIAN_POINT('Ctrl Pts',(-14.9999998658977,20.1171440911806,8.));
#6044=CARTESIAN_POINT('Ctrl Pts',(-14.475041673798,19.8220995309459,4.63156057823124E-16));
#6045=CARTESIAN_POINT('Ctrl Pts',(-14.475041673798,19.8220995309459,8.));
#6046=CARTESIAN_POINT('Ctrl Pts',(-13.4481988283151,19.3396332751861,3.2470911043438E-16));
#6047=CARTESIAN_POINT('Ctrl Pts',(-13.4481988283151,19.3396332751861,8.));
#6048=CARTESIAN_POINT('Ctrl Pts',(-12.0021392093505,18.9557380472125,1.47836804767704E-16));
#6049=CARTESIAN_POINT('Ctrl Pts',(-12.0021392093505,18.9557380472125,8.));
#6050=CARTESIAN_POINT('Ctrl Pts',(-10.2442819828609,19.0314087139481,-3.39636880048069E-17));
#6051=CARTESIAN_POINT('Ctrl Pts',(-10.2442819828609,19.0314087139481,8.));
#6052=CARTESIAN_POINT('Ctrl Pts',(-8.26087216111646,19.7480715695208,-2.00436278916167E-16));
#6053=CARTESIAN_POINT('Ctrl Pts',(-8.26087216111646,19.7480715695208,8.));
#6054=CARTESIAN_POINT('Ctrl Pts',(-6.78998174983524,20.5844081730137,-3.0522442660057E-16));
#6055=CARTESIAN_POINT('Ctrl Pts',(-6.78998174983524,20.5844081730137,8.));
#6056=CARTESIAN_POINT('Ctrl Pts',(-5.74835362177952,21.2766122154428,-3.73311653412188E-16));
#6057=CARTESIAN_POINT('Ctrl Pts',(-5.74835362177952,21.2766122154428,8.));
#6058=CARTESIAN_POINT('Ctrl Pts',(-5.08376239607682,21.7574747986957,-4.14352212027078E-16));
#6059=CARTESIAN_POINT('Ctrl Pts',(-5.08376239607682,21.7574747986957,8.));
#6060=CARTESIAN_POINT('Ctrl Pts',(-4.76225723723923,22.,-4.33599867511131E-16));
#6061=CARTESIAN_POINT('Ctrl Pts',(-4.76225723723923,22.,8.));
#6062=CARTESIAN_POINT('',(-4.76225723723923,22.,8.));
#6063=CARTESIAN_POINT('',(-4.76225723723923,22.,-4.33599867511131E-16));
#6064=CARTESIAN_POINT('Ctrl Pts',(-14.9999998658977,20.1171440911806,8.));
#6065=CARTESIAN_POINT('Ctrl Pts',(-14.475041673798,19.8220995309459,8.));
#6066=CARTESIAN_POINT('Ctrl Pts',(-13.4481988283151,19.3396332751861,8.));
#6067=CARTESIAN_POINT('Ctrl Pts',(-12.0021392093505,18.9557380472125,8.));
#6068=CARTESIAN_POINT('Ctrl Pts',(-10.2442819828609,19.0314087139481,8.));
#6069=CARTESIAN_POINT('Ctrl Pts',(-8.26087216111646,19.7480715695208,8.));
#6070=CARTESIAN_POINT('Ctrl Pts',(-6.78998174983523,20.5844081730137,8.));
#6071=CARTESIAN_POINT('Ctrl Pts',(-5.74835362177952,21.2766122154428,8.));
#6072=CARTESIAN_POINT('Ctrl Pts',(-5.08376239607683,21.7574747986957,8.));
#6073=CARTESIAN_POINT('Ctrl Pts',(-4.76225723723923,22.,8.));
#6074=CARTESIAN_POINT('Origin',(-20.9999998658977,22.5,0.));
#6075=CARTESIAN_POINT('',(-20.9999998658977,15.5,8.));
#6076=CARTESIAN_POINT('Ctrl Pts',(-6.44651518838554,22.,-2.54971639650005E-16));
#6077=CARTESIAN_POINT('Ctrl Pts',(-6.44651518838554,22.,8.));
#6078=CARTESIAN_POINT('Ctrl Pts',(-6.62491838551871,21.8805355710301,-2.43365724838627E-16));
#6079=CARTESIAN_POINT('Ctrl Pts',(-6.62491838551871,21.8805355710301,8.));
#6080=CARTESIAN_POINT('Ctrl Pts',(-7.13906882217924,21.5452672148215,-2.09365468592773E-16));
#6081=CARTESIAN_POINT('Ctrl Pts',(-7.13906882217924,21.5452672148215,8.));
#6082=CARTESIAN_POINT('Ctrl Pts',(-7.98003550039491,21.0413581943079,-1.5103015349364E-16));
#6083=CARTESIAN_POINT('Ctrl Pts',(-7.98003550039491,21.0413581943079,8.));
#6084=CARTESIAN_POINT('Ctrl Pts',(-9.14088704930844,20.4609536991907,-6.34526379901365E-17));
#6085=CARTESIAN_POINT('Ctrl Pts',(-9.14088704930844,20.4609536991907,8.));
#6086=CARTESIAN_POINT('Ctrl Pts',(-10.6558547479849,19.9913903605426,6.84686228946892E-17));
#6087=CARTESIAN_POINT('Ctrl Pts',(-10.6558547479849,19.9913903605426,8.));
#6088=CARTESIAN_POINT('Ctrl Pts',(-12.0948337586844,19.9957747984928,2.21351643069079E-16));
#6089=CARTESIAN_POINT('Ctrl Pts',(-12.0948337586844,19.9957747984928,8.));
#6090=CARTESIAN_POINT('Ctrl Pts',(-13.2759374686661,20.3447351589121,3.67984237407203E-16));
#6091=CARTESIAN_POINT('Ctrl Pts',(-13.2759374686661,20.3447351589121,8.));
#6092=CARTESIAN_POINT('Ctrl Pts',(-14.1172210667062,20.7548991403452,4.82323993039257E-16));
#6093=CARTESIAN_POINT('Ctrl Pts',(-14.1172210667062,20.7548991403452,8.));
#6094=CARTESIAN_POINT('Ctrl Pts',(-14.5513459537614,21.0044016814046,5.43643828026131E-16));
#6095=CARTESIAN_POINT('Ctrl Pts',(-14.5513459537614,21.0044016814046,8.));
#6096=CARTESIAN_POINT('',(-6.44651518838554,22.,8.));
#6097=CARTESIAN_POINT('Ctrl Pts',(-6.44651518838554,22.,8.));
#6098=CARTESIAN_POINT('Ctrl Pts',(-6.62491838551871,21.8805355710301,8.));
#6099=CARTESIAN_POINT('Ctrl Pts',(-7.13906882217924,21.5452672148215,8.));
#6100=CARTESIAN_POINT('Ctrl Pts',(-7.98003550039491,21.0413581943079,8.));
#6101=CARTESIAN_POINT('Ctrl Pts',(-9.14088704930844,20.4609536991907,8.));
#6102=CARTESIAN_POINT('Ctrl Pts',(-10.6558547479849,19.9913903605426,8.));
#6103=CARTESIAN_POINT('Ctrl Pts',(-12.0948337586844,19.9957747984928,8.));
#6104=CARTESIAN_POINT('Ctrl Pts',(-13.2759374686661,20.3447351589121,8.));
#6105=CARTESIAN_POINT('Ctrl Pts',(-14.1172210667062,20.7548991403452,8.));
#6106=CARTESIAN_POINT('Ctrl Pts',(-14.5513459537614,21.0044016814046,8.));
#6107=CARTESIAN_POINT('',(-6.44651518838554,22.,-2.54971639650005E-16));
#6108=CARTESIAN_POINT('Origin',(-10.9999997727593,22.,0.));
#6109=CARTESIAN_POINT('',(-10.9999997727593,22.,8.));
#6110=CARTESIAN_POINT('',(11.0000002272407,22.,8.));
#6111=CARTESIAN_POINT('',(-10.9999997727593,22.,0.));
#6112=CARTESIAN_POINT('Origin',(-10.9999997727593,23.,0.));
#6113=CARTESIAN_POINT('',(-10.9999997727593,23.,8.));
#6114=CARTESIAN_POINT('',(-10.9999997727593,22.,8.));
#6115=CARTESIAN_POINT('',(-10.9999997727593,23.,0.));
#6116=CARTESIAN_POINT('Origin',(11.0000002272407,23.,0.));
#6117=CARTESIAN_POINT('',(11.0000002272407,23.,8.));
#6118=CARTESIAN_POINT('',(-10.9999997727593,23.,8.));
#6119=CARTESIAN_POINT('',(11.0000002272407,23.,0.));
#6120=CARTESIAN_POINT('Origin',(11.0000002272407,22.,0.));
#6121=CARTESIAN_POINT('',(11.0000002272407,22.,8.));
#6122=CARTESIAN_POINT('',(11.0000002272407,23.,8.));
#6123=CARTESIAN_POINT('',(11.0000002272407,22.,0.));
#6124=CARTESIAN_POINT('Origin',(6.15035442134449,22.,0.));
#6125=CARTESIAN_POINT('',(11.0000002272407,22.,8.));
#6126=CARTESIAN_POINT('Origin',(-4.76225723723923,22.,0.));
#6127=CARTESIAN_POINT('',(11.0000002272407,22.,8.));
#6128=CARTESIAN_POINT('Origin',(-0.162129432885838,20.9775335203247,8.));
#6129=CARTESIAN_POINT('Origin',(-8.58561505941567,30.0685097361077,0.));
#6130=CARTESIAN_POINT('Origin',(-8.58561505941567,30.0685097361077,8.));
#6131=CARTESIAN_POINT('Origin',(-8.58561505941567,30.0685097361077,2.));
#6132=CARTESIAN_POINT('Origin',(-8.60461165566924,30.1928397443156,8.));
#6133=CARTESIAN_POINT('Origin',(8.48104279550418,30.1134989486105,0.));
#6134=CARTESIAN_POINT('Origin',(8.48104279550418,30.1134989486105,2.));
#6135=CARTESIAN_POINT('Origin',(8.48104279550418,30.1134989486105,8.));
#6136=CARTESIAN_POINT('Origin',(8.49969674484477,30.2397288382607,8.));
#6137=CARTESIAN_POINT('Origin',(2.27240676880362E-7,11.,0.));
#6138=CARTESIAN_POINT('',(-4.49999977275932,11.,0.));
#6139=CARTESIAN_POINT('Origin',(-17.9999998658977,7.0000000894,0.));
#6140=CARTESIAN_POINT('',(-24.9999999701977,7.0000000894,2.));
#6141=CARTESIAN_POINT('',(-24.9999999701977,7.0000000894,0.));
#6142=CARTESIAN_POINT('',(-24.9999999701977,7.0000000894,2.));
#6143=CARTESIAN_POINT('',(-17.9999998658977,7.0000000894,0.));
#6144=CARTESIAN_POINT('Origin',(-17.9999998658977,15.5,0.));
#6145=CARTESIAN_POINT('Origin',(-7.45613384365335,30.8607337090451,2.));
#6146=CARTESIAN_POINT('Origin',(20.5000005046975,2.5,2.));
#6147=CARTESIAN_POINT('Origin',(25.0000007748604,1.,0.));
#6148=CARTESIAN_POINT('',(25.0000007748604,7.,2.));
#6149=CARTESIAN_POINT('',(25.0000007748604,7.,0.));
#6150=CARTESIAN_POINT('',(25.0000007748604,1.,2.));
#6151=CARTESIAN_POINT('',(25.0000007748604,1.,2.));
#6152=CARTESIAN_POINT('Origin',(23.5000007505666,2.5000000521977,2.));
#6153=CARTESIAN_POINT('Origin',(25.0000007748604,7.,0.));
#6154=CARTESIAN_POINT('',(25.0000007748604,7.,2.));
#6155=CARTESIAN_POINT('Origin',(23.5000008149249,5.5000000521977,2.));
#6156=CARTESIAN_POINT('Origin',(1.28980124120673,32.126550751912,2.));
#6157=CARTESIAN_POINT('Origin',(4.19595353380469,31.7516662341929,2.));
#6158=CARTESIAN_POINT('Origin',(7.25597234897051,30.9272203126786,2.));
#6159=CARTESIAN_POINT('Origin',(-23.4999999701977,5.5000000894,2.));
#6160=CARTESIAN_POINT('',(-24.9999999701977,1.,2.));
#6161=CARTESIAN_POINT('Origin',(-24.9999999701977,4.0000000894,0.));
#6162=CARTESIAN_POINT('',(-24.9999999701977,1.,2.));
#6163=CARTESIAN_POINT('Origin',(-23.4999999701977,2.5000000447,2.));
#6164=CARTESIAN_POINT('Origin',(-1.69682573167287E-6,11.6875001564589,0.));
#6165=CARTESIAN_POINT('Origin',(-1.69682573167287E-6,11.6875001564589,2.));
#6166=CARTESIAN_POINT('Origin',(-20.4999999850051,2.23446336422487,2.));
#6167=CARTESIAN_POINT('',(0.,0.,0.));
#6168=CARTESIAN_POINT('Origin',(0.,0.,7.9));
#6169=CARTESIAN_POINT('',(3.27678570929649,-0.390737015587619,8.));
#6170=CARTESIAN_POINT('',(0.390737015587619,-3.27678570929649,8.));
#6171=CARTESIAN_POINT('Origin',(0.,0.,8.));
#6172=CARTESIAN_POINT('',(0.2498405131392,-3.49107142837186,7.8));
#6173=CARTESIAN_POINT('Ctrl Pts',(0.390737015587619,-3.27678570929649,8.));
#6174=CARTESIAN_POINT('Ctrl Pts',(0.354379790508331,-3.34897646290081,7.93262196480865));
#6175=CARTESIAN_POINT('Ctrl Pts',(0.307486839060913,-3.42689104800357,7.85990168700483));
#6176=CARTESIAN_POINT('Ctrl Pts',(0.2498405131392,-3.49107142837186,7.8));
#6177=CARTESIAN_POINT('',(3.49107142837186,-0.249840513139201,7.8));
#6178=CARTESIAN_POINT('Origin',(0.,0.,7.8));
#6179=CARTESIAN_POINT('Ctrl Pts',(3.27678570929649,-0.390737015587619,8.));
#6180=CARTESIAN_POINT('Ctrl Pts',(3.34897646290081,-0.354379790508331,7.93262196480865));
#6181=CARTESIAN_POINT('Ctrl Pts',(3.42689104800357,-0.307486839060913,7.85990168700483));
#6182=CARTESIAN_POINT('Ctrl Pts',(3.49107142837186,-0.2498405131392,7.8));
#6183=CARTESIAN_POINT('Origin',(0.,-3.4999999217689,7.9));
#6184=CARTESIAN_POINT('',(-0.390737015587619,-3.27678570929649,8.));
#6185=CARTESIAN_POINT('Origin',(0.,-3.4999999217689,8.));
#6186=CARTESIAN_POINT('',(-0.2498405131392,-3.49107142837186,7.8));
#6187=CARTESIAN_POINT('Ctrl Pts',(-0.390737015587619,-3.27678570929649,
8.));
#6188=CARTESIAN_POINT('Ctrl Pts',(-0.354379790508331,-3.34897646290081,
7.93262196480865));
#6189=CARTESIAN_POINT('Ctrl Pts',(-0.307486839060913,-3.42689104800357,
7.85990168700483));
#6190=CARTESIAN_POINT('Ctrl Pts',(-0.2498405131392,-3.49107142837186,7.8));
#6191=CARTESIAN_POINT('Origin',(0.,-3.4999999217689,7.8));
#6192=CARTESIAN_POINT('Origin',(0.,0.,7.9));
#6193=CARTESIAN_POINT('',(-3.27678570929649,-0.390737015587619,8.));
#6194=CARTESIAN_POINT('Origin',(0.,0.,8.));
#6195=CARTESIAN_POINT('',(-3.49107142837186,-0.2498405131392,7.8));
#6196=CARTESIAN_POINT('Ctrl Pts',(-3.27678570929649,-0.390737015587618,
8.));
#6197=CARTESIAN_POINT('Ctrl Pts',(-3.34897646290081,-0.35437979050833,7.93262196480865));
#6198=CARTESIAN_POINT('Ctrl Pts',(-3.42689104800357,-0.307486839060913,
7.85990168700483));
#6199=CARTESIAN_POINT('Ctrl Pts',(-3.49107142837186,-0.2498405131392,7.8));
#6200=CARTESIAN_POINT('Origin',(0.,0.,7.8));
#6201=CARTESIAN_POINT('Origin',(-3.4999999217689,0.,7.9));
#6202=CARTESIAN_POINT('',(-3.27678570929649,0.390737015587619,8.));
#6203=CARTESIAN_POINT('Origin',(-3.4999999217689,0.,8.));
#6204=CARTESIAN_POINT('',(-3.49107142837186,0.2498405131392,7.8));
#6205=CARTESIAN_POINT('Ctrl Pts',(-3.27678570929649,0.390737015587619,8.));
#6206=CARTESIAN_POINT('Ctrl Pts',(-3.34897646290081,0.35437979050833,7.93262196480865));
#6207=CARTESIAN_POINT('Ctrl Pts',(-3.42689104800357,0.307486839060913,7.85990168700483));
#6208=CARTESIAN_POINT('Ctrl Pts',(-3.49107142837186,0.2498405131392,7.8));
#6209=CARTESIAN_POINT('Origin',(-3.4999999217689,0.,7.8));
#6210=CARTESIAN_POINT('Origin',(0.,0.,7.9));
#6211=CARTESIAN_POINT('',(-0.390737015587619,3.27678570929649,8.));
#6212=CARTESIAN_POINT('Origin',(0.,0.,8.));
#6213=CARTESIAN_POINT('',(-0.2498405131392,3.49107142837186,7.8));
#6214=CARTESIAN_POINT('Ctrl Pts',(-0.390737015587619,3.27678570929649,8.));
#6215=CARTESIAN_POINT('Ctrl Pts',(-0.354379790508332,3.34897646290081,7.93262196480865));
#6216=CARTESIAN_POINT('Ctrl Pts',(-0.307486839060913,3.42689104800357,7.85990168700483));
#6217=CARTESIAN_POINT('Ctrl Pts',(-0.2498405131392,3.49107142837186,7.8));
#6218=CARTESIAN_POINT('Origin',(0.,0.,7.8));
#6219=CARTESIAN_POINT('Origin',(0.,3.4999999217689,7.9));
#6220=CARTESIAN_POINT('',(0.2498405131392,3.49107142837186,7.8));
#6221=CARTESIAN_POINT('Origin',(0.,3.4999999217689,7.8));
#6222=CARTESIAN_POINT('',(0.390737015587619,3.27678570929649,8.));
#6223=CARTESIAN_POINT('Origin',(0.,3.4999999217689,8.));
#6224=CARTESIAN_POINT('Ctrl Pts',(0.390737015587619,3.27678570929649,8.));
#6225=CARTESIAN_POINT('Ctrl Pts',(0.354379790508331,3.34897646290081,7.93262196480865));
#6226=CARTESIAN_POINT('Ctrl Pts',(0.307486839060913,3.42689104800357,7.85990168700483));
#6227=CARTESIAN_POINT('Ctrl Pts',(0.2498405131392,3.49107142837186,7.8));
#6228=CARTESIAN_POINT('Origin',(0.,0.,7.9));
#6229=CARTESIAN_POINT('',(3.49107142837186,0.249840513139201,7.8));
#6230=CARTESIAN_POINT('Origin',(0.,0.,7.8));
#6231=CARTESIAN_POINT('',(3.27678570929649,0.390737015587619,8.));
#6232=CARTESIAN_POINT('Origin',(0.,0.,8.));
#6233=CARTESIAN_POINT('Ctrl Pts',(3.27678570929649,0.390737015587619,8.));
#6234=CARTESIAN_POINT('Ctrl Pts',(3.34897646290081,0.354379790508331,7.93262196480865));
#6235=CARTESIAN_POINT('Ctrl Pts',(3.42689104800357,0.307486839060913,7.85990168700483));
#6236=CARTESIAN_POINT('Ctrl Pts',(3.49107142837186,0.249840513139201,7.8));
#6237=CARTESIAN_POINT('Origin',(3.4999999217689,0.,7.9));
#6238=CARTESIAN_POINT('Origin',(3.4999999217689,0.,7.8));
#6239=CARTESIAN_POINT('Origin',(3.4999999217689,0.,8.));
#6240=CARTESIAN_POINT('Origin',(0.,3.4999999217689,0.));
#6241=CARTESIAN_POINT('',(0.2498405131392,3.49107142837186,0.));
#6242=CARTESIAN_POINT('',(0.2498405131392,3.49107142837186,0.));
#6243=CARTESIAN_POINT('',(-0.2498405131392,3.49107142837186,0.));
#6244=CARTESIAN_POINT('Origin',(0.,3.4999999217689,0.));
#6245=CARTESIAN_POINT('',(-0.2498405131392,3.49107142837186,0.));
#6246=CARTESIAN_POINT('Origin',(0.,0.,0.));
#6247=CARTESIAN_POINT('',(3.49107142837186,0.249840513139201,0.));
#6248=CARTESIAN_POINT('',(3.49107142837186,0.249840513139201,0.));
#6249=CARTESIAN_POINT('Origin',(0.,0.,0.));
#6250=CARTESIAN_POINT('Origin',(3.4999999217689,0.,0.));
#6251=CARTESIAN_POINT('',(3.49107142837186,-0.249840513139201,0.));
#6252=CARTESIAN_POINT('',(3.49107142837186,-0.249840513139201,0.));
#6253=CARTESIAN_POINT('Origin',(3.4999999217689,0.,0.));
#6254=CARTESIAN_POINT('Origin',(0.,0.,0.));
#6255=CARTESIAN_POINT('',(0.2498405131392,-3.49107142837186,0.));
#6256=CARTESIAN_POINT('',(0.2498405131392,-3.49107142837186,0.));
#6257=CARTESIAN_POINT('Origin',(0.,0.,0.));
#6258=CARTESIAN_POINT('Origin',(0.,0.,8.));
#6259=CARTESIAN_POINT('Origin',(2.,1.5,0.));
#6260=CARTESIAN_POINT('',(2.,1.5,1.));
#6261=CARTESIAN_POINT('',(-2.,1.5,1.));
#6262=CARTESIAN_POINT('',(1.,1.5,1.));
#6263=CARTESIAN_POINT('',(2.,1.5,7.));
#6264=CARTESIAN_POINT('',(2.,1.5,0.));
#6265=CARTESIAN_POINT('',(-2.,1.5,7.));
#6266=CARTESIAN_POINT('',(-2.,1.5,7.));
#6267=CARTESIAN_POINT('',(-2.,1.5,0.));
#6268=CARTESIAN_POINT('Origin',(-2.,-1.5,0.));
#6269=CARTESIAN_POINT('',(-2.,-1.5,1.));
#6270=CARTESIAN_POINT('',(2.,-1.5,1.));
#6271=CARTESIAN_POINT('',(-1.,-1.5,1.));
#6272=CARTESIAN_POINT('',(-2.,-1.5,7.));
#6273=CARTESIAN_POINT('',(-2.,-1.5,0.));
#6274=CARTESIAN_POINT('',(2.,-1.5,7.));
#6275=CARTESIAN_POINT('',(-2.,-1.5,7.));
#6276=CARTESIAN_POINT('',(2.,-1.5,0.));
#6277=CARTESIAN_POINT('Origin',(0.,0.,7.));
#6278=CARTESIAN_POINT('',(-2.5,-3.06161699786838E-16,7.));
#6279=CARTESIAN_POINT('Origin',(0.,0.,7.));
#6280=CARTESIAN_POINT('Origin',(0.,0.,7.));
#6281=CARTESIAN_POINT('Origin',(0.,0.,7.));
#6282=CARTESIAN_POINT('Origin',(0.,0.,1.));
#6283=CARTESIAN_POINT('Origin',(0.,0.,1.));
#6284=CARTESIAN_POINT('Origin',(0.,0.,1.));
#6285=CARTESIAN_POINT('Origin',(0.,0.,1.));
#6286=CARTESIAN_POINT('Origin',(0.,0.,0.));
#6287=CARTESIAN_POINT('',(-2.5,-3.06161699786838E-16,0.));
#6288=CARTESIAN_POINT('Origin',(0.,0.,0.));
#6289=CARTESIAN_POINT('',(-2.5,-3.06161699786838E-16,0.));
#6290=CARTESIAN_POINT('Origin',(0.,-3.4999999217689,0.));
#6291=CARTESIAN_POINT('',(-0.2498405131392,-3.49107142837186,0.));
#6292=CARTESIAN_POINT('',(-0.2498405131392,-3.49107142837186,0.));
#6293=CARTESIAN_POINT('Origin',(0.,-3.4999999217689,0.));
#6294=CARTESIAN_POINT('Origin',(0.,0.,0.));
#6295=CARTESIAN_POINT('',(-3.49107142837186,-0.2498405131392,0.));
#6296=CARTESIAN_POINT('',(-3.49107142837186,-0.2498405131392,0.));
#6297=CARTESIAN_POINT('Origin',(0.,0.,0.));
#6298=CARTESIAN_POINT('Origin',(-3.4999999217689,0.,0.));
#6299=CARTESIAN_POINT('',(-3.49107142837186,0.2498405131392,0.));
#6300=CARTESIAN_POINT('',(-3.49107142837186,0.2498405131392,0.));
#6301=CARTESIAN_POINT('Origin',(-3.4999999217689,0.,0.));
#6302=CARTESIAN_POINT('Origin',(0.,0.,0.));
#6303=CARTESIAN_POINT('Origin',(0.,0.,0.));
#6304=CARTESIAN_POINT('Origin',(0.,0.,0.));
#6305=CARTESIAN_POINT('Origin',(-1.00000001490116,25.0000005364418,-26.9999999999999));
#6306=CARTESIAN_POINT('',(-21.0000000149012,55.0000005364418,-26.9999999999999));
#6307=CARTESIAN_POINT('',(18.9999999850988,55.0000005364418,-26.9999999999999));
#6308=CARTESIAN_POINT('',(-1.00000001490116,55.0000005364418,-26.9999999999999));
#6309=CARTESIAN_POINT('',(18.9999999850988,-4.99999946355818,-26.9999999999999));
#6310=CARTESIAN_POINT('',(18.9999999850988,25.0000005364418,-26.9999999999999));
#6311=CARTESIAN_POINT('',(-21.0000000149012,-4.99999946355818,-26.9999999999999));
#6312=CARTESIAN_POINT('',(-1.00000001490116,-4.99999946355818,-26.9999999999999));
#6313=CARTESIAN_POINT('',(-21.0000000149012,25.0000005364418,-26.9999999999999));
#6314=CARTESIAN_POINT('Origin',(-1.00000001490116,25.0000005364418,-18.9999999999999));
#6315=CARTESIAN_POINT('',(18.9999999850988,55.0000005364418,-18.9999999999999));
#6316=CARTESIAN_POINT('',(-21.0000000149012,55.0000005364418,-18.9999999999999));
#6317=CARTESIAN_POINT('',(-1.00000001490116,55.0000005364418,-18.9999999999999));
#6318=CARTESIAN_POINT('',(-21.0000000149012,-4.99999946355818,-18.9999999999999));
#6319=CARTESIAN_POINT('',(-21.0000000149012,25.0000005364418,-18.9999999999999));
#6320=CARTESIAN_POINT('',(18.9999999850988,-4.99999946355818,-18.9999999999999));
#6321=CARTESIAN_POINT('',(-1.00000001490116,-4.99999946355818,-18.9999999999999));
#6322=CARTESIAN_POINT('',(18.9999999850988,25.0000005364418,-18.9999999999999));
#6323=CARTESIAN_POINT('Origin',(-21.0000000149012,25.0000005364418,-22.9999999999999));
#6324=CARTESIAN_POINT('',(-21.0000000149012,-4.99999946355818,-22.9999999999999));
#6325=CARTESIAN_POINT('',(-21.0000000149012,55.0000005364418,-22.9999999999999));
#6326=CARTESIAN_POINT('Origin',(-1.00000001490116,-4.99999946355818,-22.9999999999999));
#6327=CARTESIAN_POINT('',(18.9999999850988,-4.99999946355818,-22.9999999999999));
#6328=CARTESIAN_POINT('Origin',(18.9999999850988,25.0000005364418,-22.9999999999999));
#6329=CARTESIAN_POINT('',(18.9999999850988,55.0000005364418,-22.9999999999999));
#6330=CARTESIAN_POINT('Origin',(-1.00000001490116,55.0000005364418,-22.9999999999999));
#6331=CARTESIAN_POINT('',(2.27240679606666E-7,19.,-18.9999999999999));
#6332=CARTESIAN_POINT('',(0.,0.,0.));
#6333=CARTESIAN_POINT('',(2.27240679606666E-7,11.,2.99999999999998));
#6334=UNCERTAINTY_MEASURE_WITH_UNIT(LENGTH_MEASURE(0.01),#6344,
'DISTANCE_ACCURACY_VALUE',
'Maximum model space distance between geometric entities at asserted c
onnectivities');
#6335=UNCERTAINTY_MEASURE_WITH_UNIT(LENGTH_MEASURE(0.01),#6344,
'DISTANCE_ACCURACY_VALUE',
'Maximum model space distance between geometric entities at asserted c
onnectivities');
#6336=UNCERTAINTY_MEASURE_WITH_UNIT(LENGTH_MEASURE(0.01),#6344,
'DISTANCE_ACCURACY_VALUE',
'Maximum model space distance between geometric entities at asserted c
onnectivities');
#6337=UNCERTAINTY_MEASURE_WITH_UNIT(LENGTH_MEASURE(0.01),#6344,
'DISTANCE_ACCURACY_VALUE',
'Maximum model space distance between geometric entities at asserted c
onnectivities');
#6338=UNCERTAINTY_MEASURE_WITH_UNIT(LENGTH_MEASURE(0.01),#6344,
'DISTANCE_ACCURACY_VALUE',
'Maximum model space distance between geometric entities at asserted c
onnectivities');
#6339=(
GEOMETRIC_REPRESENTATION_CONTEXT(3)
GLOBAL_UNCERTAINTY_ASSIGNED_CONTEXT((#6334))
GLOBAL_UNIT_ASSIGNED_CONTEXT((#6344,#6346,#6347))
REPRESENTATION_CONTEXT('','3D')
);
#6340=(
GEOMETRIC_REPRESENTATION_CONTEXT(3)
GLOBAL_UNCERTAINTY_ASSIGNED_CONTEXT((#6335))
GLOBAL_UNIT_ASSIGNED_CONTEXT((#6344,#6346,#6347))
REPRESENTATION_CONTEXT('','3D')
);
#6341=(
GEOMETRIC_REPRESENTATION_CONTEXT(3)
GLOBAL_UNCERTAINTY_ASSIGNED_CONTEXT((#6336))
GLOBAL_UNIT_ASSIGNED_CONTEXT((#6344,#6346,#6347))
REPRESENTATION_CONTEXT('','3D')
);
#6342=(
GEOMETRIC_REPRESENTATION_CONTEXT(3)
GLOBAL_UNCERTAINTY_ASSIGNED_CONTEXT((#6337))
GLOBAL_UNIT_ASSIGNED_CONTEXT((#6344,#6346,#6347))
REPRESENTATION_CONTEXT('','3D')
);
#6343=(
GEOMETRIC_REPRESENTATION_CONTEXT(3)
GLOBAL_UNCERTAINTY_ASSIGNED_CONTEXT((#6338))
GLOBAL_UNIT_ASSIGNED_CONTEXT((#6344,#6346,#6347))
REPRESENTATION_CONTEXT('','3D')
);
#6344=(
LENGTH_UNIT()
NAMED_UNIT(*)
SI_UNIT(.MILLI.,.METRE.)
);
#6345=(
LENGTH_UNIT()
NAMED_UNIT(*)
SI_UNIT($,.METRE.)
);
#6346=(
NAMED_UNIT(*)
PLANE_ANGLE_UNIT()
SI_UNIT($,.RADIAN.)
);
#6347=(
NAMED_UNIT(*)
SI_UNIT($,.STERADIAN.)
SOLID_ANGLE_UNIT()
);
#6348=SHAPE_DEFINITION_REPRESENTATION(#6352,#6359);
#6349=SHAPE_DEFINITION_REPRESENTATION(#6353,#6360);
#6350=SHAPE_DEFINITION_REPRESENTATION(#6354,#6361);
#6351=SHAPE_DEFINITION_REPRESENTATION(#6355,#6362);
#6352=PRODUCT_DEFINITION_SHAPE('',$,#6364);
#6353=PRODUCT_DEFINITION_SHAPE('',$,#6365);
#6354=PRODUCT_DEFINITION_SHAPE('',$,#6366);
#6355=PRODUCT_DEFINITION_SHAPE('',$,#6367);
#6356=PRODUCT_DEFINITION_SHAPE($,$,#20);
#6357=PRODUCT_DEFINITION_SHAPE($,$,#21);
#6358=PRODUCT_DEFINITION_SHAPE($,$,#22);
#6359=SHAPE_REPRESENTATION('',(#3600,#3936,#3937,#3938),#6339);
#6360=SHAPE_REPRESENTATION('',(#3601),#6340);
#6361=SHAPE_REPRESENTATION('',(#3689),#6341);
#6362=SHAPE_REPRESENTATION('',(#3875),#6342);
#6363=PRODUCT_DEFINITION_CONTEXT('part definition',#6377,'design');
#6364=PRODUCT_DEFINITION('Assembly','Assembly v1',#6368,#6363);
#6365=PRODUCT_DEFINITION('28BYJ-48','28BYJ-48 v1',#6369,#6363);
#6366=PRODUCT_DEFINITION('Part1','Part1 v2',#6370,#6363);
#6367=PRODUCT_DEFINITION('Part2','Part2 v1',#6371,#6363);
#6368=PRODUCT_DEFINITION_FORMATION('',$,#6379);
#6369=PRODUCT_DEFINITION_FORMATION('',$,#6380);
#6370=PRODUCT_DEFINITION_FORMATION('',$,#6381);
#6371=PRODUCT_DEFINITION_FORMATION('',$,#6382);
#6372=PRODUCT_RELATED_PRODUCT_CATEGORY('Assembly v1','Assembly v1',(#6379));
#6373=PRODUCT_RELATED_PRODUCT_CATEGORY('28BYJ-48 v1','28BYJ-48 v1',(#6380));
#6374=PRODUCT_RELATED_PRODUCT_CATEGORY('Part1 v2','Part1 v2',(#6381));
#6375=PRODUCT_RELATED_PRODUCT_CATEGORY('Part2 v1','Part2 v1',(#6382));
#6376=APPLICATION_PROTOCOL_DEFINITION('international standard',
'automotive_design',2009,#6377);
#6377=APPLICATION_CONTEXT(
'Core Data for Automotive Mechanical Design Process');
#6378=PRODUCT_CONTEXT('part definition',#6377,'mechanical');
#6379=PRODUCT('Assembly','Assembly v1',$,(#6378));
#6380=PRODUCT('28BYJ-48','28BYJ-48 v1',$,(#6378));
#6381=PRODUCT('Part1','Part1 v2',$,(#6378));
#6382=PRODUCT('Part2','Part2 v1',$,(#6378));
#6383=PRESENTATION_STYLE_ASSIGNMENT((#6388));
#6384=PRESENTATION_STYLE_ASSIGNMENT((#6389));
#6385=PRESENTATION_STYLE_ASSIGNMENT((#6390));
#6386=PRESENTATION_STYLE_ASSIGNMENT((#6391));
#6387=PRESENTATION_STYLE_ASSIGNMENT((#6392));
#6388=SURFACE_STYLE_USAGE(.BOTH.,#6393);
#6389=SURFACE_STYLE_USAGE(.BOTH.,#6394);
#6390=SURFACE_STYLE_USAGE(.BOTH.,#6395);
#6391=SURFACE_STYLE_USAGE(.BOTH.,#6396);
#6392=SURFACE_STYLE_USAGE(.BOTH.,#6397);
#6393=SURFACE_SIDE_STYLE('',(#6398));
#6394=SURFACE_SIDE_STYLE('',(#6399));
#6395=SURFACE_SIDE_STYLE('',(#6400));
#6396=SURFACE_SIDE_STYLE('',(#6401));
#6397=SURFACE_SIDE_STYLE('',(#6402));
#6398=SURFACE_STYLE_FILL_AREA(#6403);
#6399=SURFACE_STYLE_FILL_AREA(#6404);
#6400=SURFACE_STYLE_FILL_AREA(#6405);
#6401=SURFACE_STYLE_FILL_AREA(#6406);
#6402=SURFACE_STYLE_FILL_AREA(#6407);
#6403=FILL_AREA_STYLE('Steel - Satin',(#6408));
#6404=FILL_AREA_STYLE('Plastic - Glossy (Green)',(#6409));
#6405=FILL_AREA_STYLE('Opaque(191,189,187)',(#6410));
#6406=FILL_AREA_STYLE('Opaque(243,203,124)',(#6411));
#6407=FILL_AREA_STYLE('Opaque(76,175,250)',(#6412));
#6408=FILL_AREA_STYLE_COLOUR('Steel - Satin',#6413);
#6409=FILL_AREA_STYLE_COLOUR('Plastic - Glossy (Green)',#6414);
#6410=FILL_AREA_STYLE_COLOUR('Opaque(191,189,187)',#6415);
#6411=FILL_AREA_STYLE_COLOUR('Opaque(243,203,124)',#6416);
#6412=FILL_AREA_STYLE_COLOUR('Opaque(76,175,250)',#6417);
#6413=COLOUR_RGB('Steel - Satin',0.627450980392157,0.627450980392157,0.627450980392157);
#6414=COLOUR_RGB('Plastic - Glossy (Green)',0.266666666666667,0.588235294117647,
0.282352941176471);
#6415=COLOUR_RGB('Opaque(191,189,187)',0.749019607843137,0.741176470588235,
0.733333333333333);
#6416=COLOUR_RGB('Opaque(243,203,124)',0.952941176470588,0.796078431372549,
0.486274509803922);
#6417=COLOUR_RGB('Opaque(76,175,250)',0.298039215686275,0.686274509803922,
0.980392156862745);
ENDSEC;
END-ISO-10303-21;
